,0,1,2,3,4,"comp_4x4"
0,1.49E-06,1.16E-07,1.14077542971638,3.48758100546654,0.967287254258465,0.0752863785443807
1,1.51E-06,1.13E-07,1.11937888356243,3.42778090954086,0.968721170748856,0.0710087061943748
2,1.50E-06,1.06E-07,1.10508868869205,3.45988822622262,0.966597458376843,0.0762436556651785
3,1.03E-06,8.94E-08,1.00820440446014,3.23771923260747,0.950216755799083,0.0438899949001664
4,1.75E-06,1.19E-07,1.0871794768245,3.18798777124671,0.969607729921722,0.0662865965109541
5,1.92E-06,1.22E-07,1.03673195236651,2.95153207665735,0.970844842135608,0.0750088816313193
6,1.62E-06,1.17E-07,1.1247182510982,3.00241105090245,0.966896895171029,0.058417049682374
7,1.33E-06,9.84E-08,1.3771468648109,2.75189978857856,0.959038278927565,0.049184102144365
8,1.79E-06,1.58E-07,2,2.96547569938619,0.976965218225711,0.0942649844362063
9,1.77E-06,1.59E-07,2,2.9448999479193,0.978477354296311,0.094405176613494
10,1.81E-06,1.69E-07,2,2.79605132675436,0.979089491279571,0.102700006842011
11,1.90E-06,1.72E-07,2,2.96846655436546,0.974987877676736,0.0864300671946242
12,2.89E-06,2.21E-07,2,3.0577165685302,0.982468071775782,0.145209895041279
13,3.04E-06,2.01E-07,0.405388148091048,2.89739613672714,0.975904725101225,0.0879259654836856
14,3.10E-06,2.10E-07,0.449751926160459,2.94631604276996,0.977326911571567,0.0991829470794489
15,2.45E-06,2.02E-07,0.506860098413124,2.7018455404261,0.975565423996667,0.103556518733043
16,1.17E-06,1.06E-07,0.660409399134643,3.27370942285375,0.962218583756651,0.068322414050139
17,9.74E-07,8.60E-08,0.420730309576176,3.23553470893039,0.956281504653074,0.069557532659189
18,1.25E-06,1.17E-07,0.393482631367535,3.12447036258635,0.96039902257049,0.0558704522956528
19,1.17E-06,1.13E-07,0.651467286556261,3.33855763888627,0.965942923358656,0.0689683232614173
20,1.42E-06,1.14E-07,0.911997891858887,3.18814535587189,0.964790959989284,0.0685295770761062
21,1.53E-06,1.13E-07,0.891687065723915,3.10762032734882,0.966518675281109,0.0665980594974599
22,1.56E-06,1.14E-07,1.0607845796674,3.09666159341869,0.965445197747365,0.0640699426996433
23,7.53E-07,4.88E-08,0.943960887846163,2.79052223198456,0.93323466928025,0.0499818360784663
24,8.86E-07,6.00E-08,1.18120280014838,3.54578069974431,0.959355953368928,0.067344022298417
25,9.64E-07,8.70E-08,2,3.35569639277428,0.960890954378378,0.0818632871807011
26,1.22E-06,1.12E-07,0.821894975914803,3.28450863864258,0.970520197845802,0.0879621102815643
27,9.48E-07,9.39E-08,0.6678956275927,3.32607856360501,0.962042914206814,0.0766051037987036
28,1.50E-06,1.15E-07,0.474610355424658,2.86648500995236,0.967616319385987,0.08891148378189
29,1.60E-06,1.22E-07,0.69304563520398,2.90002453278959,0.968486242549304,0.0798561246477286
30,1.63E-06,1.49E-07,0.409351514337879,2.93102878885969,0.972191738462528,0.0693051073765394
31,1.41E-06,1.57E-07,0.134321547782697,3.03661846553285,0.975068884051681,0.0849768042735174
32,1.27E-06,1.14E-07,0.326249723631633,3.13839888370804,0.964318988123074,0.0762474295031491
33,1.14E-06,9.90E-08,0.224988625046043,3.00600662157422,0.959942800686676,0.0758384292905083
34,1.83E-06,1.50E-07,0.288152886948475,3.00780188928465,0.965971084981028,0.0707132027071867
35,2.26E-06,1.73E-07,2,2.80430927838949,0.967104887617839,0.0738763653705038
36,1.78E-06,1.21E-07,0.936875050897201,3.18295508535595,0.970161601586035,0.0676181666078521
37,1.76E-06,1.21E-07,0.869377312458209,3.16595231280231,0.970623164857146,0.0695646086292592
38,1.76E-06,1.25E-07,0.951758534873661,3.21672499514346,0.969776232510439,0.0719391916661597
39,1.13E-06,8.18E-08,0.827814270135726,2.85249213531215,0.953332794655995,0.050110627329819
40,9.40E-07,1.02E-07,2,2.84593035216234,0.962759991363712,0.10801232026278
41,9.34E-07,1.04E-07,2,2.88683285762154,0.96487689241769,0.112303358521812
42,1.08E-06,1.09E-07,2,2.87312390809803,0.966001452997715,0.121493738090265
43,1.03E-06,9.75E-08,2,2.821153835535,0.959853432811409,0.106410465140095
44,1.56E-06,1.21E-07,0.58259340860216,3.37973212350685,0.968045212134133,0.069495480843248
45,1.51E-06,1.10E-07,0.368590478254558,3.31016937433735,0.964297085929151,0.0743161328363756
46,1.67E-06,1.22E-07,0.536898476316693,3.275213665746,0.966713954469638,0.0791884834561532
47,8.59E-07,8.55E-08,0.423401142708401,2.98037634703016,0.948732685229964,0.0571377029884519
48,1.89E-06,1.94E-07,2,2.98604127264304,0.961763913042399,0.108488308835144
49,1.61E-06,1.81E-07,2,3.07611170797945,0.95290510166313,0.0782559227437799
50,1.55E-06,1.83E-07,2,2.97702259226911,0.956166368615374,0.0834315662443289
51,1.60E-06,1.93E-07,2,2.90959265951482,0.965882743982533,0.117925996467051
52,1.06E-06,7.39E-08,0.935961906964113,2.96211794207073,0.94023283334564,0.0820567079861128
53,1.03E-06,7.46E-08,1.04172831501375,3.01658745246137,0.939457353251004,0.0759311051626788
54,9.57E-07,7.58E-08,0.954229843905418,2.94007617948268,0.94202321404283,0.0691252179534696
55,9.16E-07,7.45E-08,0.887441424883735,2.93076525656905,0.938694703428927,0.072878222952289
56,6.41E-07,5.74E-08,0.811431614514187,3.03600710251794,0.923221765347236,0.0733334249723238
57,6.52E-07,5.77E-08,0.885646043729236,2.95700647295866,0.92281427682971,0.0722050731151062
58,7.01E-07,6.49E-08,0.771682822697978,2.9751183876193,0.925709971581814,0.0832740516626466
59,6.98E-07,6.07E-08,0.906068667713879,2.9478912280515,0.924291734064107,0.0722351704912919
60,2.51E-06,1.51E-07,0.789241113054978,3.28082222123862,0.967246901151385,0.0760905212070168
61,2.86E-06,1.36E-07,1.14657829001343,2.78349470807736,0.963993661042305,0.0573486196524766
62,3.46E-06,1.66E-07,0.985558362834183,2.75765283745592,0.965322666845069,0.0744597697858154
63,1.79E-06,1.34E-07,0.750265049178264,3.2472724206054,0.966818145002225,0.0657134749964412
64,1.76E-06,1.25E-07,1.15296365645473,3.47889795218583,0.970714391750605,0.0688376397618951
65,1.59E-06,1.16E-07,1.26822168343024,3.43428004589186,0.966385253082382,0.0685675676825903
66,1.77E-06,1.27E-07,1.25953629702245,3.43653326444291,0.968138817251067,0.0665292586346826
67,1.01E-06,8.28E-08,1.44672625664472,3.22067623072869,0.945516453893722,0.0444131513352503
68,5.32E-07,2.74E-08,2,1.90578048711952,0.913050117638491,0.0928364547711104
69,6.53E-07,2.68E-08,0.486611524508087,2.03822285243577,0.910693273522241,0.08255911572716
70,7.76E-07,2.39E-08,1.46067410501408,2.22392773917194,0.905821136337918,0.05898171560651
71,7.96E-07,2.52E-08,0.993005194414204,2.15851106285353,0.907199170215566,0.0823429091377863
72,1.32E-06,7.33E-08,1.09993682815639,3.21758039242184,0.952268066297686,0.0573447295727367
73,1.13E-06,6.34E-08,0.938563458765366,3.23112464989533,0.94742454073721,0.0605459397719603
74,1.08E-06,7.73E-08,0.32104247694276,3.19359743904689,0.953546404512372,0.0768522923468349
75,1.12E-06,8.67E-08,0.367651238051535,3.1720430116451,0.95528926248443,0.0641656742638749
76,6.08E-07,4.44E-08,0.98236603656178,2.98021517723845,0.913440696067535,0.0585250147584758
77,5.75E-07,4.02E-08,1.13405658551926,2.83048446336844,0.91202311767617,0.0552818297127721
78,5.93E-07,4.32E-08,0.96695759389471,2.83742817372721,0.912856268766695,0.0575123862358627
79,6.02E-07,4.51E-08,1.08900944655469,3.01761154169899,0.915185390371788,0.0608182291880586
80,7.88E-07,4.28E-08,1.07219262813484,3.01484176337387,0.913929081441612,0.0638237529283612
81,7.40E-07,4.93E-08,1.10866802262744,3.04987242260159,0.911814931919213,0.0618905063725298
82,8.01E-07,4.52E-08,1.20872283473476,3.00133628902874,0.914191190610589,0.0617077571280181
83,7.83E-07,5.06E-08,1.18222383098007,3.0476426193398,0.914966258185287,0.060716439947088
84,1.70E-06,1.21E-07,0.936636755000025,3.04991341935434,0.968364761748229,0.0750616365373384
85,1.76E-06,1.25E-07,0.918478769902898,2.96353408680773,0.970189183380483,0.0789996783446163
86,1.68E-06,1.26E-07,0.809262891892449,2.99671755231395,0.965077890045086,0.0791846455752245
87,1.10E-06,1.02E-07,1.46728520359254,2.6149591725089,0.949556488230979,0.0536874794962002
88,1.51E-06,1.09E-07,1.10869556433192,3.36793446028867,0.964006398168508,0.0635624978110705
89,1.61E-06,1.19E-07,1.06130507163377,3.33916844745383,0.966412745897224,0.0619666704236225
90,1.50E-06,1.08E-07,1.17685391960118,3.34272483129698,0.962793317999891,0.0570772363562809
91,5.99E-07,4.26E-08,1.20901761832165,3.02259943796503,0.926015446814781,0.0409444273393312
92,2.47E-06,2.11E-07,2,3.08494131289138,0.987027964258001,0.251503041503975
93,3.83E-06,1.81E-07,2,2.85118860285861,0.988905052328725,0.345828883129892
94,5.08E-06,1.50E-07,2,3.21934139883051,0.992951758898497,0.524992044757472
95,3.10E-06,1.98E-07,2,2.99162489478972,0.984115753374782,0.213513723715871
96,7.88E-07,7.25E-08,0.363187180598909,2.84159813183664,0.940841565140719,0.0674037553324499
97,6.42E-07,4.88E-08,0.956427454394012,2.88370845931139,0.923825419403423,0.0640739217102255
98,7.15E-07,5.54E-08,1.01868979860498,2.92625185626704,0.931210379898189,0.0634509137729254
99,7.82E-07,6.10E-08,0.954797841587725,2.86129400489574,0.936600073514211,0.0661068914429567
100,1.02E-06,8.03E-08,0.890467845816825,3.13294656905967,0.934447018126919,0.080508032720059
101,9.27E-07,6.72E-08,1.09686705218409,3.13391719715273,0.93172080549017,0.0706301240409257
102,1.01E-06,7.91E-08,1.04634632724961,3.18591997085428,0.934406652275936,0.0720054890374456
103,1.03E-06,8.02E-08,1.02220925773581,3.09312189763645,0.93259963619136,0.0808206099400155
104,7.52E-07,3.97E-08,0.406549461649914,2.77145491733842,0.928975403389964,0.0635685776170144
105,7.43E-07,3.79E-08,0.33144522479691,2.8211932553488,0.927557323400199,0.0686476250037368
106,7.55E-07,4.00E-08,0.273984126247896,2.7612281264875,0.92569284938328,0.0691594253773099
107,7.27E-07,3.81E-08,0.692003314926832,2.81494603804773,0.928891532276651,0.0660077965409381
108,5.32E-07,2.74E-08,2,1.90578048711952,0.913050117638491,0.0928364547711104
109,6.53E-07,2.68E-08,0.486611524508087,2.03822285243577,0.910693273522241,0.08255911572716
110,7.76E-07,2.39E-08,1.46067410501408,2.22392773917194,0.905821136337918,0.05898171560651
111,7.96E-07,2.52E-08,0.993005194414204,2.15851106285353,0.907199170215566,0.0823429091377863
112,4.19E-07,1.80E-08,0.861990858283494,2.71506490951818,0.891471392099289,0.0461271944008288
113,4.25E-07,1.90E-08,1.32485186239137,2.59437127016613,0.893674464417531,0.0370343991952205
114,4.21E-07,1.81E-08,0.564725279111278,2.65972294204338,0.892023880877052,0.043284963879515
115,2.93E-07,1.81E-08,0.636733925249346,2.51785624930692,0.889772855065378,0.0335558495441997
116,8.70E-07,1.12E-07,0.407066551483804,2.76769216398599,0.953338064481623,0.0947931839390488
117,8.61E-07,1.17E-07,0.153565718336059,2.70641032645633,0.953750648349825,0.102956406333741
118,8.24E-07,1.17E-07,0.452999645879969,2.74395263546656,0.951629147895325,0.0891491099602764
119,8.72E-07,1.14E-07,0.4422292851767,2.80191007490264,0.951665454158896,0.083823219226749
120,1.50E-06,1.15E-07,0.474610355424658,2.86648500995236,0.967616319385987,0.08891148378189
121,1.60E-06,1.22E-07,0.69304563520398,2.90002453278959,0.968486242549304,0.0798561246477286
122,1.63E-06,1.49E-07,0.409351514337879,2.93102878885969,0.972191738462528,0.0693051073765394
123,1.41E-06,1.57E-07,0.134321547782697,3.03661846553285,0.975068884051681,0.0849768042735174
124,9.13E-07,1.05E-07,2,2.4164490346994,0.945413931639762,0.0971719156834616
125,8.84E-07,8.25E-08,2,2.38946448255486,0.932564794058982,0.0834068510904032
126,8.57E-07,8.87E-08,2,2.36807943407911,0.935240102958216,0.0896723979040549
127,9.93E-07,1.12E-07,2,2.38445390544311,0.946892848986452,0.106075534397317
128,7.42E-06,1.76E-07,0.381402504680643,2.41224421213065,0.968174731759884,0.290219852250462
129,8.02E-06,1.93E-07,0.541242652513549,2.45471875819564,0.975725820687947,0.29704722425965
130,4.85E-06,1.76E-07,0.522253740413253,2.9459074874847,0.976283540490684,0.276166103017486
131,5.15E-06,1.83E-07,0.735299809709302,2.80709524142691,0.972081102929488,0.197757105861385
132,8.77E-07,7.12E-08,0.833141543763105,2.73073801548084,0.932287804902612,0.0917828071227941
133,8.51E-07,6.10E-08,0.980257051292982,2.82913159165296,0.926955211231276,0.0670179300457974
134,8.66E-07,7.97E-08,0.547273702034103,2.76545128301143,0.938588160290414,0.0872744061718668
135,8.89E-07,6.72E-08,0.90661405852817,2.76615129851121,0.930259923969842,0.0709330212539409
136,9.91E-07,1.72E-07,2,2.91642566255758,0.971870525934461,0.141238074538325
137,9.62E-07,1.71E-07,2,2.85708706059106,0.973252697697995,0.140583367264789
138,9.84E-07,1.75E-07,2,2.90864015517591,0.973831895926956,0.142892240956048
139,9.80E-07,1.80E-07,2,2.94418356270724,0.974475703410685,0.138535585081409
140,5.89E-07,4.48E-08,0.580112276619833,2.66205598868578,0.907465681665859,0.0685245651153502
141,5.82E-07,4.13E-08,0.55221792416756,2.576951246426,0.906156303425184,0.0628707019023851
142,6.10E-07,4.53E-08,0.609565688613479,2.59100239528331,0.909548014086236,0.0655078406675848
143,6.63E-07,4.45E-08,0.73742049171598,2.76312324492868,0.909713952937731,0.0699601790061469
144,1.30E-06,1.04E-07,1.16466056037255,3.38981243838049,0.964730054851499,0.0671739614436258
145,1.27E-06,1.11E-07,0.922663222358516,3.29293301670132,0.962464525874929,0.0692775469675879
146,1.37E-06,1.03E-07,1.10255333109875,3.27073267610514,0.96332575568703,0.0686265614195548
147,1.07E-06,1.10E-07,1.02404004673252,3.08607971102972,0.960708142418212,0.0586097629079784
148,8.77E-07,7.12E-08,0.833141543763105,2.73073801548084,0.932287804902612,0.0917828071227941
149,8.51E-07,6.10E-08,0.980257051292982,2.82913159165296,0.926955211231276,0.0670179300457974
150,8.66E-07,7.97E-08,0.547273702034103,2.76545128301143,0.938588160290414,0.0872744061718668
151,8.89E-07,6.72E-08,0.90661405852817,2.76615129851121,0.930259923969842,0.0709330212539409
152,1.32E-06,1.22E-07,0.668353236493688,3.40940032678234,0.965138119321198,0.0744154590474107
153,1.23E-06,1.05E-07,0.801420141028449,3.24254808287504,0.959429470409566,0.0627861399159896
154,1.31E-06,1.09E-07,0.814420470398911,3.34963235109481,0.960211324043983,0.073459555709237
155,9.25E-07,7.94E-08,0.649788948672999,2.76077710758961,0.946661243515516,0.0535515645960165
156,1.95E-06,2.02E-07,2,3.24277672473667,0.977996332382992,0.189775091608181
157,1.13E-06,1.45E-07,2,3.28577211485388,0.965693898414708,0.0731940749197731
158,1.85E-06,1.83E-07,2,3.31332751908065,0.970502977248517,0.0946820665560205
159,1.73E-06,1.76E-07,2,3.20683269422218,0.97000683666827,0.0830297647502104
160,4.73E-06,1.89E-07,0.0969409579944943,2.43345924823913,0.982826191292333,0.253263217593474
161,3.56E-06,2.21E-07,2,2.49609990175425,0.990206413251682,0.152960675832727
162,3.32E-06,1.99E-07,2,2.55090163762624,0.977362552226388,0.153353445190598
163,3.15E-06,2.05E-07,2,2.96060028148061,0.989978160353694,0.187400209466603
164,1.49E-06,2.05E-07,2,3.25411579919535,0.982181677628574,0.149568561231072
165,1.09E-06,1.60E-07,2,3.07250767517499,0.967369898514645,0.0820186034014612
166,1.25E-06,1.82E-07,2,3.14529995998469,0.971237562054605,0.0970723772373192
167,1.60E-06,2.10E-07,2,3.14749950476915,0.982414137773017,0.172587633483721
168,6.37E-07,3.65E-08,0.935279612572666,2.74112104359241,0.903528173955545,0.0608236277510732
169,6.01E-07,3.59E-08,1.0043130143696,2.67650297193099,0.901004061969439,0.0623453354482355
170,6.14E-07,3.76E-08,0.906860461524467,2.58235721249411,0.899444792945162,0.0634202191136388
171,7.12E-07,3.80E-08,1.0310997097977,2.70670550642276,0.9006805657433,0.0636846019295609
172,1.66E-06,1.33E-07,1.03097887096395,3.38506473392299,0.970225144020446,0.0747111228317497
173,1.57E-06,1.39E-07,1.12315461373425,3.55591022435267,0.971737610054027,0.0715240854833058
174,1.72E-06,1.36E-07,1.06251168971166,3.44810752023221,0.970610367013003,0.0691937517305709
175,1.07E-06,9.56E-08,1.5104018129502,3.19466985950774,0.955092516914916,0.0466636437757657
176,1.59E-06,1.58E-07,0.0607707713636576,2.76331336948705,0.955124020798124,0.0881858626416165
177,1.38E-06,1.38E-07,2,2.83594768918649,0.946958824542996,0.0622412746500742
178,1.52E-06,1.63E-07,0.363075755372091,2.93466650112933,0.956811751671017,0.0818595419621946
179,1.69E-06,1.66E-07,0.695414730682081,3.12808108638321,0.956556422595891,0.076147964292457
180,1.65E-06,1.21E-07,1.15568733789192,3.39929405419259,0.965989407162432,0.0653320653504751
181,1.68E-06,1.36E-07,0.984107124736862,3.27579060263724,0.968172684884823,0.06397597495643
182,1.66E-06,1.28E-07,1.06462697607573,3.29765384696121,0.967200995915965,0.0667443426653284
183,9.07E-07,9.27E-08,1.68152648241834,3.20939597809511,0.955110924861697,0.0565659243719376
184,2.17E-06,2.09E-07,0.598706194968484,3.09104669664103,0.976339208012574,0.0952905916013068
185,1.97E-06,1.91E-07,0.879706126423672,3.23622117092332,0.96899744597542,0.0757833989018421
186,2.21E-06,2.15E-07,0.604034833999374,3.10579501938638,0.982323618014258,0.113440822972723
187,1.70E-06,1.79E-07,0.978170940151038,3.24186376034775,0.967460034373776,0.0675752089576459
188,7.64E-07,4.36E-08,0.833582679376269,2.76194683944021,0.917149318554486,0.076224660019823
189,7.33E-07,4.29E-08,0.894316873161761,2.71939376298287,0.916873963689928,0.0805597501613065
190,7.06E-07,4.21E-08,0.760701798771988,2.71164685476402,0.912488759758764,0.0781420755446194
191,7.43E-07,4.22E-08,0.794815647065533,2.66941517223922,0.914116973996211,0.0779897812815283
192,1.59E-06,1.58E-07,0.0607707713636576,2.76331336948705,0.955124020798124,0.0881858626416165
193,1.38E-06,1.38E-07,2,2.83594768918649,0.946958824542996,0.0622412746500742
194,1.52E-06,1.63E-07,0.363075755372091,2.93466650112933,0.956811751671017,0.0818595419621946
195,1.69E-06,1.66E-07,0.695414730682081,3.12808108638321,0.956556422595891,0.076147964292457
196,1.18E-06,7.62E-08,2,3.03794667863776,0.954271198474068,0.0707564657798823
197,9.99E-07,7.03E-08,2,3.1472619217328,0.952804170814279,0.0682161481420801
198,1.12E-06,7.73E-08,0.061325581310904,3.09385567952827,0.955265952479934,0.0677019094574156
199,1.11E-06,7.18E-08,2,3.06880231040249,0.952942591992147,0.0693340781612799
200,1.77E-06,1.33E-07,1.148225685462,3.39472463795918,0.968124277461937,0.0704445275208741
201,1.62E-06,1.36E-07,1.09130132735105,3.5081170633223,0.969558598949092,0.0761928560867022
202,1.79E-06,1.29E-07,1.10623397617806,3.28468727070148,0.967887964804422,0.0699242341265604
203,8.31E-07,6.62E-08,1.40599103901255,3.08165087883253,0.937306841894522,0.042011198091002
204,1.63E-06,8.72E-08,0.98880892807575,2.75031533953676,0.95403155645031,0.071151320065835
205,1.56E-06,7.87E-08,0.964597388126853,2.51931773742849,0.947637844233848,0.0773650138127837
206,1.53E-06,8.18E-08,0.964236931708314,2.68015200003418,0.952179862843679,0.0769198617889134
207,1.17E-06,6.99E-08,1.11684399803061,2.54158095194922,0.944237198149469,0.0695261735627217
208,8.59E-07,6.43E-08,0.271748219818196,2.53306630845898,0.935696006786168,0.0823062182476614
209,1.15E-06,8.70E-08,0.316698749089528,2.58816244219649,0.943629577329413,0.10822777669547
210,1.19E-06,9.38E-08,0.323856695271416,2.57710815572818,0.948708663631097,0.111025730772126
211,9.01E-07,6.85E-08,0.300552907703123,2.52544108792708,0.937094082843352,0.0901727841162897
212,1.86E-06,1.63E-07,0.84556215259584,3.45381623649647,0.977715161455337,0.0832114047415425
213,1.62E-06,1.54E-07,0.73984636443015,3.38274607934112,0.976636612254546,0.0863620339610836
214,1.68E-06,1.42E-07,0.83878966068505,3.23230801355123,0.973146893119137,0.0790236576059333
215,8.74E-07,9.11E-08,0.909351437487973,3.09154233998919,0.951187108652864,0.0585161028807074
216,5.54E-07,4.54E-08,0.652485033269972,2.93153537984303,0.913557649011947,0.0569945257159257
217,5.24E-07,4.18E-08,0.538005552161094,2.48179766768732,0.909621979265183,0.0553740082860613
218,3.17E-07,2.53E-08,1.13957750700191,2.46210830499655,0.899148802704633,0.0320350687485648
219,4.72E-07,3.92E-08,0.837456060834743,2.5336194423824,0.908343565920386,0.0475451973838637
220,5.02E-07,2.95E-08,2,2.63951970188904,0.911039070775947,0.0657301773293907
221,4.93E-07,3.01E-08,2,2.586793862111,0.909508791171706,0.0665558881854401
222,5.04E-07,3.14E-08,2,2.68429048274381,0.912201683161473,0.0665332043105809
223,4.93E-07,3.00E-08,2,2.73691887929755,0.912980688683992,0.0624312462396522
224,1.51E-06,1.09E-07,1.10869556433192,3.36793446028867,0.964006398168508,0.0635624978110705
225,1.61E-06,1.19E-07,1.06130507163377,3.33916844745383,0.966412745897224,0.0619666704236225
226,1.50E-06,1.08E-07,1.17685391960118,3.34272483129698,0.962793317999891,0.0570772363562809
227,5.99E-07,4.26E-08,1.20901761832165,3.02259943796503,0.926015446814781,0.0409444273393312
228,8.67E-07,1.16E-07,0.618904377398735,3.03845506464647,0.952908504482355,0.0785726499020344
229,7.85E-07,1.01E-07,2,3.04598038980545,0.941130500583077,0.078253762040129
230,8.75E-07,1.08E-07,2,2.89201566983446,0.943709585895476,0.0822833828920828
231,8.32E-07,1.06E-07,0.544567717646638,3.09838252116535,0.947146452455989,0.0737090598558062
232,1.51E-06,1.31E-07,2,3.04844273087152,0.971738832873352,0.102239382196641
233,1.38E-06,1.22E-07,2,3.12527642252415,0.973629908569684,0.0865508866450433
234,1.28E-06,1.25E-07,2,3.11441895054308,0.970333138328015,0.0909117236063324
235,1.41E-06,1.19E-07,0.345940729792402,3.18929991388309,0.970359272653001,0.0813725703866022
236,9.15E-07,7.42E-08,0.526553248624985,2.80584007854759,0.941737671889064,0.0774691235077208
237,8.52E-07,7.60E-08,0.533662249138558,2.79577440261846,0.94433281535343,0.0731757886189749
238,8.01E-07,7.02E-08,0.195430115094908,2.77327891833132,0.941584138410217,0.0778479991743346
239,7.54E-07,6.97E-08,0.513836911607567,2.79743463491819,0.940981266724212,0.0715089043852586
240,9.34E-07,5.41E-08,1.01015946531792,2.82990014530294,0.92870503353846,0.0852074882150483
241,1.00E-06,5.65E-08,1.04491984158343,2.86578213300233,0.929294092012699,0.0866891316635261
242,9.11E-07,5.48E-08,0.820931247438933,2.73760161943832,0.929515473030184,0.0868417704163598
243,9.94E-07,6.15E-08,0.824647631895654,2.76631144585304,0.928904047541879,0.0861560167800114
244,7.51E-07,6.66E-08,0.133900982528046,3.125070611907,0.951833478097499,0.0677048038313625
245,6.93E-07,6.30E-08,2,3.08865971711137,0.951412548378811,0.0739584362468371
246,7.73E-07,6.04E-08,2,3.09475058440852,0.947520509878556,0.0716137523017869
247,7.27E-07,6.04E-08,2,3.12952596316833,0.951050631447627,0.0714989469988975
248,7.12E-07,5.03E-08,1.24785851803995,3.16200528880015,0.924192581345191,0.0630455249780367
249,6.94E-07,4.81E-08,1.24329341913808,3.05559246228659,0.92273797176747,0.0652147517923845
250,6.79E-07,4.94E-08,1.34651246874785,3.18823064293192,0.922642542411318,0.0617041376974884
251,7.13E-07,4.66E-08,1.25548018036774,2.96157060686207,0.922270616455772,0.0613280708090156
252,6.47E-07,4.35E-08,0.901357821477015,3.1679211832938,0.933965952667798,0.0607756287500707
253,6.25E-07,4.45E-08,1.00454684920249,3.15553195478661,0.933394645301128,0.0622016475386015
254,6.52E-07,4.38E-08,0.604222429265641,3.06128973885756,0.93451539523783,0.0667474640461215
255,6.56E-07,4.58E-08,1.03485442674017,3.20184869277174,0.932780694473269,0.0612634729596413
256,1.11E-06,9.04E-08,2,3.00770255009417,0.957271311117857,0.0671313554450909
257,1.04E-06,7.34E-08,0.122956801243452,3.08192614629981,0.955189001639647,0.0792140082265818
258,1.48E-06,1.44E-07,2,3.02429185448961,0.965124742202646,0.0612124773895848
259,1.37E-06,1.38E-07,0.555146082925547,3.03815896271481,0.963742411937688,0.0614005869015668
260,9.81E-07,6.74E-08,0.297330298420274,2.59269279095595,0.939745622339775,0.0654546519415781
261,9.03E-07,5.19E-08,2,2.43799779376932,0.933781259786142,0.0648841608975734
262,1.02E-06,6.39E-08,2,2.44562646462126,0.937523339972731,0.0599511717287491
263,9.08E-07,6.58E-08,0.113887710848161,2.69380542850503,0.936631846243229,0.0578196341953633
264,6.23E-07,2.91E-08,1.03296981843763,2.59502503030289,0.909225301935938,0.059898901038738
265,6.77E-07,3.10E-08,1.09734248643449,2.59070518616235,0.910209221866187,0.059130707056683
266,7.20E-07,2.95E-08,0.975106382223277,2.5482191028995,0.907535059557567,0.0656970603174216
267,7.01E-07,2.90E-08,0.681481160231651,2.48027413839342,0.906838847264266,0.0684206596944941
268,8.38E-07,5.99E-08,0.722728888512409,2.39778025604832,0.925481700382818,0.0785466821926079
269,6.83E-07,5.65E-08,0.218774672625684,2.35805658367111,0.923938787288223,0.0869160636430651
270,7.84E-07,6.14E-08,0.354321988729925,2.40779569107976,0.927282741207279,0.0834885020092344
271,8.22E-07,4.87E-08,1.00748511849606,2.4613162980385,0.920623600169733,0.0773985465926403
272,1.40E-06,7.68E-08,1.02551913851148,2.53659832648002,0.949851509178823,0.0641716802941273
273,9.34E-07,5.08E-08,1.4151783070479,2.49408179636993,0.928485112303615,0.0504041801603683
274,1.05E-06,5.20E-08,1.38180867372183,2.42952416105227,0.932566197823081,0.0511342984250355
275,1.39E-06,7.25E-08,1.14781311784087,2.51350754297916,0.946719383989065,0.0639016473738141
276,6.91E-07,5.76E-08,0.607046185825707,2.23938084151538,0.922579462251257,0.0548127167613537
277,6.94E-07,5.80E-08,0.893659490617658,2.29485617333727,0.922963516188943,0.0498226365032569
278,6.63E-07,5.48E-08,0.153565718336059,2.24147635762943,0.920745378051926,0.0524296931746904
279,6.99E-07,5.82E-08,0.765877690992607,2.26149120255069,0.922685852442053,0.0543143235820651
280,1.40E-06,7.68E-08,1.02551913851148,2.53659832648002,0.949851509178823,0.0641716802941273
281,9.34E-07,5.08E-08,1.4151783070479,2.49408179636993,0.928485112303615,0.0504041801603683
282,1.05E-06,5.20E-08,1.38180867372183,2.42952416105227,0.932566197823081,0.0511342984250355
283,1.39E-06,7.25E-08,1.14781311784087,2.51350754297916,0.946719383989065,0.0639016473738141
284,7.96E-07,9.12E-08,2,3.06549220238313,0.953638343654998,0.0768430609458977
285,7.77E-07,7.86E-08,0.311364345406715,3.05465257333143,0.94813146464177,0.0780133156289051
286,8.04E-07,8.11E-08,0.122877896430375,3.12338789122086,0.954624669155258,0.0734810619510028
287,8.11E-07,7.70E-08,0.115588798310487,3.05263554327037,0.949342938566588,0.0801023425393772
288,7.10E-07,4.63E-08,0.113887710848161,2.95058031573004,0.926203538029474,0.0781105182287311
289,6.85E-07,4.79E-08,2,3.0332425041447,0.924808700855391,0.0752751988486593
290,7.09E-07,4.74E-08,2,3.01298878809967,0.924901097396805,0.0736217605515713
291,7.05E-07,4.66E-08,2,2.9795414488958,0.925483131559726,0.0769648652610682
292,7.88E-07,4.28E-08,1.07219262813484,3.01484176337387,0.913929081441612,0.0638237529283612
293,7.40E-07,4.93E-08,1.10866802262744,3.04987242260159,0.911814931919213,0.0618905063725298
294,8.01E-07,4.52E-08,1.20872283473476,3.00133628902874,0.914191190610589,0.0617077571280181
295,7.83E-07,5.06E-08,1.18222383098007,3.0476426193398,0.914966258185287,0.060716439947088
296,1.43E-06,1.07E-07,1.133136934154,3.33923205847302,0.963978261816111,0.0608473801975958
297,1.50E-06,1.14E-07,1.02326547787776,3.47889880141468,0.967357513933206,0.066174112861925
298,1.61E-06,1.29E-07,1.07312506132323,3.4974986414315,0.970502532537167,0.0656331525775091
299,7.81E-07,7.96E-08,1.07420822874015,2.62080237665723,0.943067635065145,0.0460675601187852
300,1.58E-06,1.21E-07,1.2557312205926,3.45299694908468,0.966239968536337,0.0605240082116185
301,1.55E-06,1.25E-07,1.13252261175126,3.37348553256998,0.970236942413305,0.0709690162734045
302,1.58E-06,1.21E-07,1.15864776858127,3.42107274144366,0.967327932298791,0.0706925739144777
303,9.28E-07,7.37E-08,1.54882283160367,3.1709306190726,0.94373309310514,0.0460754649688047
304,7.56E-07,5.30E-08,1.22621883687725,3.17754469873729,0.924296854033675,0.0562528896052037
305,5.54E-07,4.59E-08,1.40396348475622,3.28492444830789,0.918418913108311,0.046932348754711
306,6.31E-07,4.91E-08,1.2794516501629,3.06670380413252,0.919482358931725,0.0518944245327596
307,6.83E-07,5.65E-08,0.89147074604628,2.85633640454695,0.925903057256539,0.0684771206267096
308,2.84E-06,2.14E-07,0.15763517659966,3.3269059980933,0.981255124719323,0.124532184871244
309,2.20E-06,1.97E-07,2,3.11104158200396,0.977407407860118,0.092422824941342
310,1.59E-06,1.58E-07,2,3.20317788110377,0.962272582044711,0.0771795246621027
311,2.30E-06,2.05E-07,2,3.19104597787224,0.978859391207091,0.0997905607685128
312,7.62E-07,7.58E-08,0.348372925104896,3.16984334955829,0.941410013252934,0.0553576023526368
313,8.43E-07,8.64E-08,0.409247068538395,3.23070233888491,0.947218748268393,0.0557191647100325
314,1.05E-06,1.04E-07,0.061325581310904,3.10813314816279,0.955223471465055,0.0539179820819328
315,9.73E-07,8.93E-08,0.208607305580539,3.08165273443071,0.948316857276647,0.0580293370908879
316,4.37E-06,2.01E-07,0.974995623405542,2.82169950172875,0.974750139018705,0.149653873783481
317,3.14E-06,1.88E-07,1.12246282300638,3.02325100990343,0.949844200443121,0.0924813211227311
318,3.42E-06,2.04E-07,0.984151301938992,2.84592011013626,0.96527009478179,0.11538499645174
319,4.30E-06,1.90E-07,1.0997757556659,2.94242064320408,0.951846476068148,0.155432997107001
320,1.65E-06,1.21E-07,1.15568733789192,3.39929405419259,0.965989407162432,0.0653320653504751
321,1.68E-06,1.36E-07,0.984107124736862,3.27579060263724,0.968172684884823,0.06397597495643
322,1.66E-06,1.28E-07,1.06462697607573,3.29765384696121,0.967200995915965,0.0667443426653284
323,9.07E-07,9.27E-08,1.68152648241834,3.20939597809511,0.955110924861697,0.0565659243719376
324,4.45E-07,4.43E-08,0.831649273371245,2.94012491833241,0.908585772805668,0.0607700057661112
325,4.51E-07,4.29E-08,0.910529177242652,2.94483598405848,0.909465453222491,0.0555370682646272
326,5.25E-07,4.42E-08,0.927538878552309,2.91547118761198,0.912714442890999,0.0638557402225164
327,4.85E-07,4.32E-08,1.02315355142823,2.95125135501342,0.908828828097976,0.0580360109927521
328,1.13E-06,7.34E-08,1.06423361576185,3.02468064054658,0.947143751438781,0.0588348353169936
329,1.36E-06,7.71E-08,1.09223762513289,3.05834133663064,0.948388500985594,0.0693474323626256
330,9.70E-07,6.30E-08,1.04183272894944,3.01680773567963,0.94284594373482,0.0557344021629878
331,1.23E-06,7.53E-08,1.14664331916098,3.09209615188497,0.946439056644655,0.064659228275606
332,7.79E-07,5.40E-08,0.838021669260343,2.82101530146148,0.91515151945953,0.0647763013053923
333,7.50E-07,5.62E-08,0.862489832615609,2.89615734569861,0.918120613225357,0.0597714413221411
334,6.88E-07,5.29E-08,0.705914609356199,2.82229669527848,0.916598189521594,0.0668230732157259
335,7.42E-07,5.47E-08,0.71755738593351,2.79176580324201,0.917444634804006,0.0644434727000397
336,9.70E-07,6.08E-08,0.91680574860803,2.90733257073999,0.934152484602659,0.0515985037554837
337,7.65E-07,4.80E-08,1.22022431436056,2.69653338679329,0.925077675715851,0.0535693832678599
338,9.01E-07,5.20E-08,1.22885794118304,2.69498560450765,0.929286502272098,0.0545184236720584
339,8.94E-07,6.89E-08,0.328585485863608,2.87904729747857,0.938754389636886,0.0626134237449966
340,1.42E-06,1.14E-07,0.911997891858887,3.18814535587189,0.964790959989284,0.0685295770761062
341,1.53E-06,1.13E-07,0.891687065723915,3.10762032734882,0.966518675281109,0.0665980594974599
342,1.56E-06,1.14E-07,1.0607845796674,3.09666159341869,0.965445197747365,0.0640699426996433
343,7.53E-07,4.88E-08,0.943960887846163,2.79052223198456,0.93323466928025,0.0499818360784663
344,1.72E-06,9.61E-08,1.72006125483399,2.84563137472732,0.957123833630448,0.110501805873532
345,1.45E-06,8.64E-08,0.628674980668935,2.7967379369394,0.950871231385336,0.097606348054511
346,1.48E-06,8.72E-08,0.618021204021505,2.90414046608115,0.952188400673536,0.0897623062702808
347,1.45E-06,8.61E-08,1.728799271881,2.88774119570157,0.951244601160419,0.0958540562161443
348,2.48E-06,1.96E-07,0.50033594690056,3.24507769753238,0.974695459376375,0.0901968675927736
349,5.09E-06,1.89E-07,0.893115712765156,2.49715494679397,0.975014096343754,0.103655526387712
350,4.15E-06,1.70E-07,1.17720977804862,2.67890714605603,0.96828306864489,0.0859659838342829
351,2.35E-06,1.82E-07,0.562321992403779,3.23753204331839,0.974077619634941,0.0871634040849367
352,1.44E-06,1.30E-07,1.00788898251657,3.52812614754107,0.969782032069588,0.0773689538958137
353,1.42E-06,1.30E-07,0.944848738131363,3.46493469437904,0.969379961415373,0.0748860550651559
354,1.51E-06,1.34E-07,1.07189486757993,3.57346822343603,0.971189675873586,0.0714369281426108
355,6.62E-07,7.54E-08,1.05941553639857,3.23622062711691,0.93824699532428,0.0454844408692726
356,1.41E-06,1.08E-07,1.17795148502324,3.43665856324478,0.964379896240977,0.0652875735569407
357,1.47E-06,1.11E-07,1.06737697195631,3.40051133563748,0.966849650434453,0.0752257617712729
358,1.45E-06,1.10E-07,1.20614101462255,3.45896448409098,0.963666530161609,0.06197420275548
359,6.16E-07,5.80E-08,1.14418934334031,3.06181789908759,0.932401339666507,0.0408478284277701
360,1.28E-06,9.44E-08,1.14724690995344,3.27449975628711,0.959759258426411,0.0643201476499419
361,1.25E-06,9.89E-08,1.11005327870617,3.30187103672429,0.959083012420705,0.0604237965514624
362,1.31E-06,9.63E-08,1.20615842519799,3.20740348482674,0.958305501533652,0.0560715709241202
363,8.47E-07,6.92E-08,1.25233033269952,2.99541732159921,0.942721579842825,0.0403473052009612
364,7.79E-07,5.40E-08,0.838021669260343,2.82101530146148,0.91515151945953,0.0647763013053923
365,7.50E-07,5.62E-08,0.862489832615609,2.89615734569861,0.918120613225357,0.0597714413221411
366,6.88E-07,5.29E-08,0.705914609356199,2.82229669527848,0.916598189521594,0.0668230732157259
367,7.42E-07,5.47E-08,0.71755738593351,2.79176580324201,0.917444634804006,0.0644434727000397
368,1.48E-06,1.30E-07,0.411806256674574,3.13917233216771,0.972325281263604,0.0912098275381282
369,1.54E-06,1.42E-07,0.485997255495671,3.23527961623522,0.974742402629211,0.108604773391324
370,1.58E-06,1.35E-07,0.562904301441353,3.16482789559399,0.973196813417155,0.0968233853509136
371,1.47E-06,1.29E-07,0.434623736125975,3.1135229903188,0.970111401983012,0.0919616934353759
372,1.32E-06,1.22E-07,0.668353236493688,3.40940032678234,0.965138119321198,0.0744154590474107
373,1.23E-06,1.05E-07,0.801420141028449,3.24254808287504,0.959429470409566,0.0627861399159896
374,1.31E-06,1.09E-07,0.814420470398911,3.34963235109481,0.960211324043983,0.073459555709237
375,9.25E-07,7.94E-08,0.649788948672999,2.76077710758961,0.946661243515516,0.0535515645960165
376,1.41E-06,1.08E-07,1.17795148502324,3.43665856324478,0.964379896240977,0.0652875735569407
377,1.47E-06,1.11E-07,1.06737697195631,3.40051133563748,0.966849650434453,0.0752257617712729
378,1.45E-06,1.10E-07,1.20614101462255,3.45896448409098,0.963666530161609,0.06197420275548
379,6.16E-07,5.80E-08,1.14418934334031,3.06181789908759,0.932401339666507,0.0408478284277701
380,6.76E-07,5.34E-08,2,3.19589631958194,0.943342343613175,0.0795535630988564
381,7.28E-07,5.49E-08,0.445850369315003,3.20459454042659,0.944749659317794,0.0734209478511093
382,7.80E-07,5.05E-08,0.566130604618023,3.14564885411423,0.940558270356321,0.0768377496513861
383,7.42E-07,6.11E-08,0.567723756823239,3.12686573922515,0.946989820885438,0.0768800237288031
384,1.40E-06,7.68E-08,1.02551913851148,2.53659832648002,0.949851509178823,0.0641716802941273
385,9.34E-07,5.08E-08,1.4151783070479,2.49408179636993,0.928485112303615,0.0504041801603683
386,1.05E-06,5.20E-08,1.38180867372183,2.42952416105227,0.932566197823081,0.0511342984250355
387,1.39E-06,7.25E-08,1.14781311784087,2.51350754297916,0.946719383989065,0.0639016473738141
388,5.84E-06,1.65E-07,0.751601797243577,2.27580691910842,0.965203722078151,0.221608055718178
389,2.94E-06,1.91E-07,1.16163049545801,2.14632198404101,0.950810027817493,0.0912377601774758
390,3.23E-06,1.96E-07,0.878753217683376,2.60017064234489,0.971653199548173,0.102801020482188
391,3.81E-06,1.88E-07,0.77599292203883,2.48509378491254,0.951092178413562,0.146774191705304
392,1.63E-06,8.72E-08,0.98880892807575,2.75031533953676,0.95403155645031,0.071151320065835
393,1.56E-06,7.87E-08,0.964597388126853,2.51931773742849,0.947637844233848,0.0773650138127837
394,1.53E-06,8.18E-08,0.964236931708314,2.68015200003418,0.952179862843679,0.0769198617889134
395,1.17E-06,6.99E-08,1.11684399803061,2.54158095194922,0.944237198149469,0.0695261735627217
396,7.24E-07,3.97E-08,0.855020447557067,2.66408233588491,0.920635599419991,0.0720431958865042
397,7.71E-07,3.57E-08,1.19228757873864,2.77053623171966,0.919997245701185,0.0612104235809261
398,7.79E-07,3.96E-08,0.991733853337907,2.73261485932771,0.919860457102504,0.0663349605404076
399,7.20E-07,3.98E-08,0.944241881852664,2.71832190129628,0.919134718696798,0.0703100160290314
400,1.80E-06,1.17E-07,1.22786772766426,3.44751683629008,0.969401751546897,0.0668690889834288
401,1.81E-06,1.26E-07,1.0446895447748,3.39741719743016,0.972260868806907,0.0743018286942686
402,1.75E-06,1.21E-07,1.24448196315092,3.43515097575294,0.968399021210043,0.0708525061529765
403,8.59E-07,6.48E-08,1.64159251474885,3.12001314408113,0.938463155300309,0.0444447994437809
404,4.73E-06,1.89E-07,0.0969409579944943,2.43345924823913,0.982826191292333,0.253263217593474
405,3.56E-06,2.21E-07,2,2.49609990175425,0.990206413251682,0.152960675832727
406,3.32E-06,1.99E-07,2,2.55090163762624,0.977362552226388,0.153353445190598
407,3.15E-06,2.05E-07,2,2.96060028148061,0.989978160353694,0.187400209466603
408,1.41E-06,1.08E-07,1.17795148502324,3.43665856324478,0.964379896240977,0.0652875735569407
409,1.47E-06,1.11E-07,1.06737697195631,3.40051133563748,0.966849650434453,0.0752257617712729
410,1.45E-06,1.10E-07,1.20614101462255,3.45896448409098,0.963666530161609,0.06197420275548
411,6.16E-07,5.80E-08,1.14418934334031,3.06181789908759,0.932401339666507,0.0408478284277701
412,4.39E-06,2.16E-07,0.940842659410321,3.10287193374325,0.972700949607774,0.110413128906769
413,3.83E-06,2.03E-07,0.859757218845319,3.0755346600029,0.968324546147808,0.0901244047212667
414,2.96E-06,2.11E-07,2,3.26489613917785,0.970262881927789,0.113782865375114
415,3.16E-06,2.17E-07,0.383583651129289,3.26455194022971,0.972340941874484,0.115809263360385
416,7.29E-07,4.21E-08,0.542262261521152,2.84403161700312,0.923084036479278,0.0735254222133875
417,7.20E-07,4.17E-08,0.457695095699065,2.80840740493052,0.923075617706659,0.0719947845279038
418,7.46E-07,4.14E-08,0.537894100350037,2.76295711122442,0.923120283839964,0.0737457064266975
419,7.32E-07,4.04E-08,0.591312089194242,2.75007762689922,0.922854190142196,0.0727335580689065
420,2.19E-06,1.69E-07,0.639663008639768,3.33014295655497,0.967296015431674,0.0728242730563196
421,1.60E-06,1.29E-07,0.488283302297796,3.19554504957702,0.961015402905975,0.0787963950827607
422,2.15E-06,1.79E-07,1.06171548281261,3.29058837032851,0.966495090570946,0.0705244891156016
423,3.04E-06,2.12E-07,2,3.25985710900874,0.976822274091446,0.127438723664006
424,2.17E-06,2.09E-07,0.598706194968484,3.09104669664103,0.976339208012574,0.0952905916013068
425,1.97E-06,1.91E-07,0.879706126423672,3.23622117092332,0.96899744597542,0.0757833989018421
426,2.21E-06,2.15E-07,0.604034833999374,3.10579501938638,0.982323618014258,0.113440822972723
427,1.70E-06,1.79E-07,0.978170940151038,3.24186376034775,0.967460034373776,0.0675752089576459
428,1.46E-06,1.16E-07,0.867737632609816,3.36124260310382,0.9635225564561,0.0706478155956849
429,1.56E-06,1.20E-07,0.737204136613223,3.28157768119705,0.968279208480283,0.068664669734067
430,1.53E-06,1.23E-07,0.832814006425119,3.31055820686021,0.962725935128802,0.0637327390656759
431,6.50E-07,4.47E-08,0.975199330367737,2.8296261223484,0.931115271370587,0.0452831742977227
432,1.11E-06,9.04E-08,2,3.00770255009417,0.957271311117857,0.0671313554450909
433,1.04E-06,7.34E-08,0.122956801243452,3.08192614629981,0.955189001639647,0.0792140082265818
434,1.48E-06,1.44E-07,2,3.02429185448961,0.965124742202646,0.0612124773895848
435,1.37E-06,1.38E-07,0.555146082925547,3.03815896271481,0.963742411937688,0.0614005869015668
436,7.56E-07,5.30E-08,1.22621883687725,3.17754469873729,0.924296854033675,0.0562528896052037
437,5.54E-07,4.59E-08,1.40396348475622,3.28492444830789,0.918418913108311,0.046932348754711
438,6.31E-07,4.91E-08,1.2794516501629,3.06670380413252,0.919482358931725,0.0518944245327596
439,6.83E-07,5.65E-08,0.89147074604628,2.85633640454695,0.925903057256539,0.0684771206267096
440,9.41E-07,7.31E-08,0.972758951003967,3.21990180605031,0.962513110399482,0.0750535496907332
441,9.29E-07,6.75E-08,1.02217196688531,3.20053638341517,0.959546222238222,0.0646776577900532
442,9.56E-07,6.95E-08,1.01370568064617,3.14617266060165,0.962131679650046,0.0706311059748842
443,9.79E-07,7.65E-08,0.805885376200782,3.21517407333274,0.963244632946977,0.0821326402368177
444,7.31E-07,7.40E-08,2,3.13415762314774,0.948084874342073,0.0732802621287908
445,6.67E-07,7.25E-08,2,3.14984306516808,0.948254113221783,0.0743783320177758
446,9.17E-07,7.91E-08,0.420892118625933,2.96665094842624,0.952140450399821,0.0682274754474617
447,7.95E-07,7.93E-08,0.276157479230249,3.08409925934503,0.951232241799049,0.0667525044647732
448,1.94E-06,1.84E-07,2,2.72535757725232,0.943498336907573,0.102039289231601
449,1.88E-06,1.81E-07,2,2.71940620542325,0.937616385984552,0.0919182445080836
450,1.88E-06,1.84E-07,2,2.79686217484343,0.952728102456424,0.0927339045084279
451,1.63E-06,1.67E-07,2,2.8977920922219,0.94897434046698,0.0782232033477055
452,3.05E-06,2.09E-07,0.588903709610979,3.3609954161143,0.981022792645931,0.116289781800261
453,1.68E-06,1.90E-07,2,3.16571856159191,0.979300885382964,0.0968618087148634
454,2.34E-06,2.05E-07,2,3.20620628900026,0.97882584313457,0.106754650456196
455,2.09E-06,2.03E-07,2,3.19403822816197,0.979743284204,0.108328898929141
456,1.41E-06,1.06E-07,0.882859695312541,3.21298614538739,0.963127126550814,0.0650858765581205
457,1.40E-06,1.06E-07,0.864078287129899,3.20674893360644,0.963819212536905,0.0668716764916923
458,1.24E-06,9.19E-08,1.06285927643317,3.11893877346283,0.95601589864541,0.0526724888598513
459,8.50E-07,6.38E-08,1.01324228536048,2.84469307181733,0.942371478946441,0.0453018280655192
460,3.49E-06,2.21E-07,0.492352913811786,3.33315134471805,0.983650362469121,0.110152481374955
461,2.65E-06,2.06E-07,0.596641016151377,3.26431880923408,0.973968529350447,0.0934561921889417
462,2.89E-06,2.18E-07,0.631520826647114,3.43954286198127,0.981643025637791,0.0999150810236709
463,2.44E-06,2.03E-07,0.342909308585017,3.30339783189077,0.970729779435837,0.0870033551826808
464,6.08E-07,4.44E-08,0.98236603656178,2.98021517723845,0.913440696067535,0.0585250147584758
465,5.75E-07,4.02E-08,1.13405658551926,2.83048446336844,0.91202311767617,0.0552818297127721
466,5.93E-07,4.32E-08,0.96695759389471,2.83742817372721,0.912856268766695,0.0575123862358627
467,6.02E-07,4.51E-08,1.08900944655469,3.01761154169899,0.915185390371788,0.0608182291880586
468,7.44E-07,5.76E-08,0.170482102014189,3.17013891503255,0.948874166559737,0.0664728919074201
469,6.33E-07,5.24E-08,0.168984244557438,3.16441548970074,0.943772294857509,0.0769571360888917
470,8.03E-07,6.20E-08,0.288077524795186,3.12986354625815,0.952455415725338,0.0712898683088705
471,6.59E-07,5.48E-08,0.233587666358832,3.19629298505974,0.943485636906218,0.0736308381877336
472,4.73E-06,1.89E-07,0.0969409579944943,2.43345924823913,0.982826191292333,0.253263217593474
473,3.56E-06,2.21E-07,2,2.49609990175425,0.990206413251682,0.152960675832727
474,3.32E-06,1.99E-07,2,2.55090163762624,0.977362552226388,0.153353445190598
475,3.15E-06,2.05E-07,2,2.96060028148061,0.989978160353694,0.187400209466603
476,1.17E-06,1.40E-07,2,3.21369910331742,0.958838827053103,0.0880075008067771
477,1.10E-06,1.28E-07,2,3.27542139801386,0.961441521244846,0.0862743260522682
478,4.41E-06,2.03E-07,2,2.7351705774613,0.975849565846772,0.282996239524739
479,1.61E-06,1.70E-07,2,2.67743963069247,0.948893250070673,0.0634944742298915
480,1.70E-06,1.39E-07,1.12261715589868,3.4887061929512,0.970418289065345,0.0737057073792171
481,1.59E-06,1.37E-07,1.04415406301788,3.39992461097667,0.970490766143508,0.0844974064514348
482,1.67E-06,1.22E-07,1.15314489226198,3.34265954973033,0.967666024146892,0.0721915169741455
483,8.00E-07,6.93E-08,1.12550038525404,2.67996659068706,0.943564101165933,0.0424572504779143
484,7.44E-07,5.76E-08,0.170482102014189,3.17013891503255,0.948874166559737,0.0664728919074201
485,6.33E-07,5.24E-08,0.168984244557438,3.16441548970074,0.943772294857509,0.0769571360888917
486,8.03E-07,6.20E-08,0.288077524795186,3.12986354625815,0.952455415725338,0.0712898683088705
487,6.59E-07,5.48E-08,0.233587666358832,3.19629298505974,0.943485636906218,0.0736308381877336
488,8.70E-07,1.12E-07,0.407066551483804,2.76769216398599,0.953338064481623,0.0947931839390488
489,8.61E-07,1.17E-07,0.153565718336059,2.70641032645633,0.953750648349825,0.102956406333741
490,8.24E-07,1.17E-07,0.452999645879969,2.74395263546656,0.951629147895325,0.0891491099602764
491,8.72E-07,1.14E-07,0.4422292851767,2.80191007490264,0.951665454158896,0.083823219226749
492,7.42E-06,1.76E-07,0.381402504680643,2.41224421213065,0.968174731759884,0.290219852250462
493,8.02E-06,1.93E-07,0.541242652513549,2.45471875819564,0.975725820687947,0.29704722425965
494,4.85E-06,1.76E-07,0.522253740413253,2.9459074874847,0.976283540490684,0.276166103017486
495,5.15E-06,1.83E-07,0.735299809709302,2.80709524142691,0.972081102929488,0.197757105861385
496,1.30E-06,1.03E-07,0.865273590424781,3.30292415789565,0.96462742800797,0.0593486550964824
497,1.14E-06,9.50E-08,0.672078614485123,3.23991488037296,0.961308269116254,0.0652731779918157
498,1.26E-06,1.06E-07,0.820740665700975,3.27621652139743,0.961037240560573,0.0559408038321201
499,1.10E-06,7.96E-08,1.20640596921462,3.1180572688484,0.948741128606532,0.0432269839633362
500,2.07E-06,1.89E-07,0.462874426564704,3.31544152465905,0.978112564198433,0.126405214196938
501,1.66E-06,1.68E-07,0.467969876398601,3.10493812555063,0.968408567640526,0.0880513198850594
502,1.87E-06,1.94E-07,0.291423151481963,2.96849784033539,0.970747242636388,0.108888913846
503,2.17E-06,1.84E-07,0.575564065102893,3.32449859279017,0.975750703779765,0.104527802112583
504,1.99E-06,1.89E-07,2,3.07153701120193,0.973201812215619,0.0769982452026206
505,1.89E-06,1.60E-07,2,2.81813756074938,0.961248504633222,0.0626376510058203
506,1.99E-06,1.83E-07,2,2.93890436406442,0.975799063563362,0.0793991953236746
507,1.58E-06,1.28E-07,2,2.65783284926422,0.958592985768792,0.0639716827534649
508,2.16E-06,1.72E-07,0.605103434428539,3.05824959040364,0.968516086881806,0.110470020142013
509,2.12E-06,1.83E-07,0.488120498169319,2.89808073989259,0.966178814095737,0.10694074996291
510,3.00E-06,1.86E-07,0.744896861136569,2.91927859060022,0.96917479082967,0.111271562080872
511,2.10E-06,1.84E-07,0.482727681376976,2.85561863783296,0.965755692429215,0.104367951621169
512,1.77E-06,1.33E-07,1.148225685462,3.39472463795918,0.968124277461937,0.0704445275208741
513,1.62E-06,1.36E-07,1.09130132735105,3.5081170633223,0.969558598949092,0.0761928560867022
514,1.79E-06,1.29E-07,1.10623397617806,3.28468727070148,0.967887964804422,0.0699242341265604
515,8.31E-07,6.62E-08,1.40599103901255,3.08165087883253,0.937306841894522,0.042011198091002
516,5.89E-07,4.48E-08,0.580112276619833,2.66205598868578,0.907465681665859,0.0685245651153502
517,5.82E-07,4.13E-08,0.55221792416756,2.576951246426,0.906156303425184,0.0628707019023851
518,6.10E-07,4.53E-08,0.609565688613479,2.59100239528331,0.909548014086236,0.0655078406675848
519,6.63E-07,4.45E-08,0.73742049171598,2.76312324492868,0.909713952937731,0.0699601790061469
520,6.23E-07,5.65E-08,2,2.86085520348401,0.93303128241043,0.0544047146782195
521,6.68E-07,6.07E-08,0.341162482982855,2.98011102678222,0.927784741331691,0.0525639884750181
522,7.15E-07,6.18E-08,0.232114345260261,2.99696854704426,0.930677805990989,0.056913306616289
523,6.61E-07,6.22E-08,0.392930335571823,3.01999763115387,0.936796513820848,0.0506927445858298
524,1.27E-06,1.14E-07,0.326249723631633,3.13839888370804,0.964318988123074,0.0762474295031491
525,1.14E-06,9.90E-08,0.224988625046043,3.00600662157422,0.959942800686676,0.0758384292905083
526,1.83E-06,1.50E-07,0.288152886948475,3.00780188928465,0.965971084981028,0.0707132027071867
527,2.26E-06,1.73E-07,2,2.80430927838949,0.967104887617839,0.0738763653705038
528,8.70E-07,1.12E-07,0.407066551483804,2.76769216398599,0.953338064481623,0.0947931839390488
529,8.61E-07,1.17E-07,0.153565718336059,2.70641032645633,0.953750648349825,0.102956406333741
530,8.24E-07,1.17E-07,0.452999645879969,2.74395263546656,0.951629147895325,0.0891491099602764
531,8.72E-07,1.14E-07,0.4422292851767,2.80191007490264,0.951665454158896,0.083823219226749
532,7.31E-07,7.40E-08,2,3.13415762314774,0.948084874342073,0.0732802621287908
533,6.67E-07,7.25E-08,2,3.14984306516808,0.948254113221783,0.0743783320177758
534,9.17E-07,7.91E-08,0.420892118625933,2.96665094842624,0.952140450399821,0.0682274754474617
535,7.95E-07,7.93E-08,0.276157479230249,3.08409925934503,0.951232241799049,0.0667525044647732
536,2.00E-06,1.86E-07,0.357506758996489,3.03903410036616,0.969039250706058,0.0725815458854223
537,1.66E-06,1.67E-07,0.139785853750096,3.05144738328746,0.964880483856142,0.0651362907714191
538,1.87E-06,1.76E-07,0.333696745340681,2.99225357174732,0.964215049453912,0.0843886025542983
539,1.73E-06,1.70E-07,0.174110182483846,2.90918903485511,0.961360278153782,0.0643451165525754
540,1.62E-06,9.71E-08,1.01826655231647,3.20235562080495,0.97212661431608,0.0721654105722948
541,1.34E-06,8.78E-08,1.05094703645577,3.11623224642255,0.967109552064079,0.0707805190608393
542,1.25E-06,8.10E-08,1.05019255085816,3.18041303579301,0.963784732348318,0.0715007985356319
543,1.43E-06,8.81E-08,1.10044704960093,3.15077477633294,0.968520809379569,0.0678462146940236
544,4.37E-06,2.01E-07,0.974995623405542,2.82169950172875,0.974750139018705,0.149653873783481
545,3.14E-06,1.88E-07,1.12246282300638,3.02325100990343,0.949844200443121,0.0924813211227311
546,3.42E-06,2.04E-07,0.984151301938992,2.84592011013626,0.96527009478179,0.11538499645174
547,4.30E-06,1.90E-07,1.0997757556659,2.94242064320408,0.951846476068148,0.155432997107001
548,2.32E-06,2.03E-07,0.335277286571085,3.37617760151898,0.979319417548028,0.107519162989317
549,2.04E-06,1.85E-07,0.535225239497747,3.39036202686875,0.979094741982845,0.0900945351152174
550,2.59E-06,2.12E-07,2,3.19627500104477,0.982297236039479,0.115121832056512
551,1.71E-06,1.77E-07,0.543597693664681,3.44629796024598,0.973487403038584,0.0697284197337865
552,5.91E-07,5.06E-08,2,2.92383226614371,0.934914874396293,0.0782158333870354
553,5.30E-07,4.78E-08,0.0349318749652235,2.84085157491865,0.92472043320299,0.0781716997132256
554,5.62E-07,4.50E-08,2,2.84353514459895,0.925723841457296,0.0709036728443436
555,6.35E-07,5.53E-08,2,2.8325651850736,0.931932134942789,0.0768794440251888
556,2.13E-06,1.54E-07,1.06075094255861,3.30280748242394,0.977689409940466,0.0956699970668773
557,2.01E-06,1.57E-07,1.05581830018514,3.38669289473506,0.976106517927886,0.0885944328993461
558,1.98E-06,1.59E-07,0.885104664803474,3.27409145400949,0.976042780723844,0.0934564927864062
559,2.07E-06,1.62E-07,0.868307014094369,3.24251468439684,0.978478247170352,0.0931997997541008
560,2.13E-06,1.54E-07,1.06075094255861,3.30280748242394,0.977689409940466,0.0956699970668773
561,2.01E-06,1.57E-07,1.05581830018514,3.38669289473506,0.976106517927886,0.0885944328993461
562,1.98E-06,1.59E-07,0.885104664803474,3.27409145400949,0.976042780723844,0.0934564927864062
563,2.07E-06,1.62E-07,0.868307014094369,3.24251468439684,0.978478247170352,0.0931997997541008
564,1.63E-06,1.34E-07,0.69768668011154,3.27377240301548,0.971476129203375,0.0708830090889117
565,1.47E-06,1.14E-07,0.960513391272892,3.27123682457989,0.966404644227428,0.0624250794914494
566,1.46E-06,1.10E-07,0.936214294505911,3.20836769834597,0.962839100943422,0.05792467156308
567,1.11E-06,1.02E-07,0.220991175398124,2.98565573568721,0.955825263878913,0.0609452048262723
568,2.02E-06,1.83E-07,2,2.23654625898513,0.965193860516174,0.147228478150986
569,1.77E-06,1.74E-07,2,2.19429113944913,0.964438487394624,0.139911721933139
570,2.00E-06,1.83E-07,2,2.25054053872944,0.958155915541995,0.163008035405214
571,1.67E-06,1.73E-07,2,2.24361079131862,0.951397004211806,0.0785778830847926
572,1.30E-06,1.03E-07,0.865273590424781,3.30292415789565,0.96462742800797,0.0593486550964824
573,1.14E-06,9.50E-08,0.672078614485123,3.23991488037296,0.961308269116254,0.0652731779918157
574,1.26E-06,1.06E-07,0.820740665700975,3.27621652139743,0.961037240560573,0.0559408038321201
575,1.10E-06,7.96E-08,1.20640596921462,3.1180572688484,0.948741128606532,0.0432269839633362
576,6.79E-06,2.06E-07,0.716326552166196,3.05351745512152,0.978803203585874,0.202974107906423
577,3.01E-06,1.94E-07,1.24995486139748,2.85749312601422,0.956143583534536,0.0968433928843208
578,3.49E-06,2.09E-07,0.85323704812885,3.38657453530066,0.968266288580772,0.0901065896151958
579,4.70E-06,2.09E-07,0.883638492670613,3.15598343969191,0.969952718955419,0.159190930717438
580,6.21E-07,6.50E-08,0.610818008787268,2.88213742839117,0.920651260065465,0.0677067032326738
581,7.71E-07,7.00E-08,0.690941350682456,2.78714786172826,0.926665664661262,0.0690482488071815
582,6.53E-07,7.47E-08,2,2.76153194072665,0.925776902029377,0.0800307527723284
583,6.42E-07,6.91E-08,0.336616132662158,2.87531143036854,0.921949602870905,0.0689759754020517
584,1.74E-06,1.39E-07,1.12532073730554,3.49041688948384,0.970521785341775,0.0678307197460026
585,1.59E-06,1.35E-07,1.0606514614938,3.54812410374601,0.970819373437737,0.0675343774755457
586,1.72E-06,1.35E-07,1.14477113522905,3.41661559692267,0.968904094746404,0.0632804694801883
587,1.00E-06,9.68E-08,1.21754952044829,3.29122424508949,0.952080326859713,0.0483569465344597
588,4.92E-06,1.98E-07,0.731249302566857,2.92428996993811,0.969309278993961,0.158354541014045
589,3.61E-06,2.02E-07,0.858203042834114,2.9011907109566,0.966216975354685,0.0829895717512076
590,3.51E-06,1.98E-07,0.481431449056247,2.96031829719034,0.975260037834836,0.117718023454122
591,3.02E-06,1.93E-07,0.42118905748687,2.73371288285171,0.969581772272207,0.104880156873457
592,1.67E-06,1.19E-07,1.06559789730324,3.17742293269617,0.969145292500751,0.0746857945276024
593,1.69E-06,1.35E-07,0.936040030757688,3.24208138259883,0.971994863223805,0.0697288149205887
594,1.69E-06,1.17E-07,1.14811807463227,3.18223776351002,0.967772357468221,0.0593927759108903
595,8.42E-07,5.26E-08,1.60688815343169,2.72936790392629,0.940371596307089,0.0541386578034196
596,1.55E-06,1.58E-07,1.11535676186028,3.10980069871602,0.945821411506172,0.0476888451488716
597,1.28E-06,1.44E-07,1.16953047058475,3.02262966305748,0.941953172889281,0.0458432769318058
598,1.70E-06,1.69E-07,1.15474018905603,3.03308980879795,0.948104330792158,0.0571215660452914
599,1.03E-06,1.16E-07,1.46221463685768,2.95067990795138,0.936363440728584,0.0360713111127351
600,8.86E-07,6.00E-08,1.18120280014838,3.54578069974431,0.959355953368928,0.067344022298417
601,9.64E-07,8.70E-08,2,3.35569639277428,0.960890954378378,0.0818632871807011
602,1.22E-06,1.12E-07,0.821894975914803,3.28450863864258,0.970520197845802,0.0879621102815643
603,9.48E-07,9.39E-08,0.6678956275927,3.32607856360501,0.962042914206814,0.0766051037987036
604,4.86E-07,2.05E-08,0.165048460053736,2.5315744136644,0.906696129165818,0.0809936895756451
605,4.77E-07,2.15E-08,2,2.59393851922643,0.907383231189546,0.0812700287445066
606,5.13E-07,2.23E-08,2,2.6758087623096,0.905408990383585,0.0799158886953264
607,4.22E-07,2.18E-08,0.113887710848161,2.65885994780894,0.904916002348438,0.0807812501064996
608,7.30E-07,6.17E-08,0.60616138575939,2.70327803516226,0.927061113384826,0.0722504901241159
609,7.14E-07,6.74E-08,0.699039343727819,2.65495317552309,0.93118077787982,0.0696045964201187
610,7.38E-07,6.24E-08,0.75526419942475,2.65592777054074,0.929785714651441,0.064012372176195
611,7.22E-07,6.02E-08,0.815682444596939,2.79585424505303,0.93349848670021,0.0609756010165669
612,1.72E-06,1.39E-07,1.03779150579305,3.28075343812547,0.967058686077911,0.0581464018475261
613,1.63E-06,1.23E-07,1.01863804063108,3.22423394254519,0.96678402280798,0.0596594794285689
614,2.02E-06,1.53E-07,1.07692253496345,3.12622359836465,0.968386237017413,0.0577421601512343
615,8.52E-07,8.83E-08,1.01554466607363,2.74386883502906,0.95478100969344,0.0435297036342727
616,1.51E-06,1.31E-07,2,3.04844273087152,0.971738832873352,0.102239382196641
617,1.38E-06,1.22E-07,2,3.12527642252415,0.973629908569684,0.0865508866450433
618,1.28E-06,1.25E-07,2,3.11441895054308,0.970333138328015,0.0909117236063324
619,1.41E-06,1.19E-07,0.345940729792402,3.18929991388309,0.970359272653001,0.0813725703866022
620,1.77E-06,1.62E-07,0.513600187600245,3.09650769135451,0.96882229984316,0.0873176517873543
621,1.65E-06,1.65E-07,0.375259547724615,3.03682657518271,0.967902321557782,0.0902849345898458
622,2.04E-06,1.90E-07,0.474889541171442,3.09902755639195,0.974763546195312,0.104507416754724
623,1.40E-06,1.57E-07,0.0872449032751101,2.95630480959763,0.96603179542533,0.0826130801941346
624,4.64E-06,2.01E-07,0.777154200614792,3.06980543122875,0.966444741292874,0.252460272510867
625,5.06E-06,1.63E-07,0.591218016674388,2.69136822264336,0.955920347142976,0.370516743765153
626,5.25E-06,2.04E-07,0.656672955690733,2.69753853346818,0.979787945739953,0.250068922882968
627,3.42E-06,2.07E-07,0.910742727210738,2.96567851698487,0.961066052932493,0.145383728181752
628,9.04E-07,4.07E-08,0.889574021435245,2.48308504402859,0.918998304714408,0.0897547499865046
629,8.67E-07,4.14E-08,0.773203908583725,2.32255567051097,0.917979079199705,0.0840606598442107
630,9.20E-07,4.43E-08,0.819904737007289,2.53963859780566,0.918180152677165,0.0894551813365955
631,9.73E-07,4.44E-08,0.940604330683801,2.35836735831013,0.918396885660826,0.08720734167728
632,5.89E-07,4.48E-08,0.580112276619833,2.66205598868578,0.907465681665859,0.0685245651153502
633,5.82E-07,4.13E-08,0.55221792416756,2.576951246426,0.906156303425184,0.0628707019023851
634,6.10E-07,4.53E-08,0.609565688613479,2.59100239528331,0.909548014086236,0.0655078406675848
635,6.63E-07,4.45E-08,0.73742049171598,2.76312324492868,0.909713952937731,0.0699601790061469
636,1.76E-06,1.25E-07,1.15296365645473,3.47889795218583,0.970714391750605,0.0688376397618951
637,1.59E-06,1.16E-07,1.26822168343024,3.43428004589186,0.966385253082382,0.0685675676825903
638,1.77E-06,1.27E-07,1.25953629702245,3.43653326444291,0.968138817251067,0.0665292586346826
639,1.01E-06,8.28E-08,1.44672625664472,3.22067623072869,0.945516453893722,0.0444131513352503
640,7.62E-07,7.58E-08,0.348372925104896,3.16984334955829,0.941410013252934,0.0553576023526368
641,8.43E-07,8.64E-08,0.409247068538395,3.23070233888491,0.947218748268393,0.0557191647100325
642,1.05E-06,1.04E-07,0.061325581310904,3.10813314816279,0.955223471465055,0.0539179820819328
643,9.73E-07,8.93E-08,0.208607305580539,3.08165273443071,0.948316857276647,0.0580293370908879
644,2.76E-06,2.15E-07,2,3.41139341547849,0.97238842526628,0.0986359890169711
645,2.96E-06,2.15E-07,0.207038651256324,3.37627290026613,0.972903499786384,0.10635655145997
646,2.61E-06,2.11E-07,2,3.39668930851367,0.971992316603115,0.0930428303934451
647,2.64E-06,2.09E-07,0.222855767341399,3.38217583389971,0.970735417136982,0.0858931335741072
648,1.42E-06,1.15E-07,1.23542625758252,3.26724407970179,0.965573977905242,0.0712285900933128
649,1.43E-06,1.24E-07,1.18883738048677,3.34696273574549,0.964906757521181,0.0706142733454468
650,1.55E-06,1.23E-07,1.22737399272724,3.22652182699866,0.964805434857559,0.0668584355730691
651,9.03E-07,6.74E-08,1.47599607718708,2.90497809500768,0.943163846216709,0.046065074895994
652,6.62E-07,7.27E-08,0.437605599641207,3.07674326814171,0.929679371706533,0.0753174323644267
653,6.36E-07,7.22E-08,0.47247059995202,3.09881929879739,0.926641181252094,0.0715503242858748
654,6.87E-07,7.30E-08,0.625121186390126,3.02039894979937,0.92658326954139,0.0736768079566005
655,6.77E-07,7.26E-08,0.63808729019932,3.04732713423173,0.926667937172794,0.0756665179336866
656,7.12E-07,5.03E-08,1.24785851803995,3.16200528880015,0.924192581345191,0.0630455249780367
657,6.94E-07,4.81E-08,1.24329341913808,3.05559246228659,0.92273797176747,0.0652147517923845
658,6.79E-07,4.94E-08,1.34651246874785,3.18823064293192,0.922642542411318,0.0617041376974884
659,7.13E-07,4.66E-08,1.25548018036774,2.96157060686207,0.922270616455772,0.0613280708090156
660,1.41E-06,9.65E-08,1.26836154290442,3.41411386442842,0.964124682172958,0.0642605711620541
661,1.45E-06,1.01E-07,1.29725566079087,3.32390684983435,0.964399157635584,0.0605818123311657
662,1.51E-06,1.06E-07,1.22650377821515,3.39049383342327,0.966236635375685,0.0619991966801021
663,9.61E-07,7.08E-08,1.29093939337364,2.92314995409182,0.946057016870978,0.0459931641603364
664,1.43E-06,1.07E-07,1.133136934154,3.33923205847302,0.963978261816111,0.0608473801975958
665,1.50E-06,1.14E-07,1.02326547787776,3.47889880141468,0.967357513933206,0.066174112861925
666,1.61E-06,1.29E-07,1.07312506132323,3.4974986414315,0.970502532537167,0.0656331525775091
667,7.81E-07,7.96E-08,1.07420822874015,2.62080237665723,0.943067635065145,0.0460675601187852
668,1.90E-06,1.30E-07,0.907841447442849,3.31320352223813,0.968052666099238,0.0857021264021237
669,1.66E-06,1.24E-07,0.950754095039419,3.43618312374812,0.964187582273881,0.0695350074072489
670,1.88E-06,1.27E-07,0.966609928695058,3.34562249272116,0.965792316710962,0.0779566896981943
671,1.82E-06,1.34E-07,0.901872115123693,3.32838135566541,0.965185486240231,0.0753357433181741
672,7.42E-06,1.76E-07,0.381402504680643,2.41224421213065,0.968174731759884,0.290219852250462
673,8.02E-06,1.93E-07,0.541242652513549,2.45471875819564,0.975725820687947,0.29704722425965
674,4.85E-06,1.76E-07,0.522253740413253,2.9459074874847,0.976283540490684,0.276166103017486
675,5.15E-06,1.83E-07,0.735299809709302,2.80709524142691,0.972081102929488,0.197757105861385
676,6.05E-07,1.21E-08,1.00609611360986,2.18495561015928,0.906056338231458,0.0725016533399249
677,4.81E-07,1.44E-08,0.956042399776107,2.79315342386273,0.911807144437986,0.0633797944848327
678,4.77E-07,1.23E-08,0.949740315100283,2.73652426692773,0.910350947400781,0.0698427356488746
679,5.10E-07,1.41E-08,1.07502806643235,2.87418375582711,0.911690021325378,0.0611489275045846
680,1.51E-06,1.31E-07,2,3.04844273087152,0.971738832873352,0.102239382196641
681,1.38E-06,1.22E-07,2,3.12527642252415,0.973629908569684,0.0865508866450433
682,1.28E-06,1.25E-07,2,3.11441895054308,0.970333138328015,0.0909117236063324
683,1.41E-06,1.19E-07,0.345940729792402,3.18929991388309,0.970359272653001,0.0813725703866022
684,4.45E-07,4.43E-08,0.831649273371245,2.94012491833241,0.908585772805668,0.0607700057661112
685,4.51E-07,4.29E-08,0.910529177242652,2.94483598405848,0.909465453222491,0.0555370682646272
686,5.25E-07,4.42E-08,0.927538878552309,2.91547118761198,0.912714442890999,0.0638557402225164
687,4.85E-07,4.32E-08,1.02315355142823,2.95125135501342,0.908828828097976,0.0580360109927521
688,3.85E-06,2.08E-07,0.877237352537553,3.14451661415926,0.985275425446271,0.227676382245833
689,3.54E-06,1.98E-07,0.808208581751957,2.74416557454568,0.979346669250682,0.14667579474127
690,4.28E-06,2.05E-07,2,3.11855517509599,0.990254460631558,0.246150563487705
691,3.67E-06,2.16E-07,0.475398438158086,3.02544296787228,0.987982968109084,0.201524796810123
692,7.79E-07,5.40E-08,0.838021669260343,2.82101530146148,0.91515151945953,0.0647763013053923
693,7.50E-07,5.62E-08,0.862489832615609,2.89615734569861,0.918120613225357,0.0597714413221411
694,6.88E-07,5.29E-08,0.705914609356199,2.82229669527848,0.916598189521594,0.0668230732157259
695,7.42E-07,5.47E-08,0.71755738593351,2.79176580324201,0.917444634804006,0.0644434727000397
696,2.07E-06,1.89E-07,0.462874426564704,3.31544152465905,0.978112564198433,0.126405214196938
697,1.66E-06,1.68E-07,0.467969876398601,3.10493812555063,0.968408567640526,0.0880513198850594
698,1.87E-06,1.94E-07,0.291423151481963,2.96849784033539,0.970747242636388,0.108888913846
699,2.17E-06,1.84E-07,0.575564065102893,3.32449859279017,0.975750703779765,0.104527802112583
700,7.51E-07,6.66E-08,0.133900982528046,3.125070611907,0.951833478097499,0.0677048038313625
701,6.93E-07,6.30E-08,2,3.08865971711137,0.951412548378811,0.0739584362468371
702,7.73E-07,6.04E-08,2,3.09475058440852,0.947520509878556,0.0716137523017869
703,7.27E-07,6.04E-08,2,3.12952596316833,0.951050631447627,0.0714989469988975
704,6.79E-06,2.06E-07,0.716326552166196,3.05351745512152,0.978803203585874,0.202974107906423
705,3.01E-06,1.94E-07,1.24995486139748,2.85749312601422,0.956143583534536,0.0968433928843208
706,3.49E-06,2.09E-07,0.85323704812885,3.38657453530066,0.968266288580772,0.0901065896151958
707,4.70E-06,2.09E-07,0.883638492670613,3.15598343969191,0.969952718955419,0.159190930717438
708,7.30E-07,6.17E-08,0.60616138575939,2.70327803516226,0.927061113384826,0.0722504901241159
709,7.14E-07,6.74E-08,0.699039343727819,2.65495317552309,0.93118077787982,0.0696045964201187
710,7.38E-07,6.24E-08,0.75526419942475,2.65592777054074,0.929785714651441,0.064012372176195
711,7.22E-07,6.02E-08,0.815682444596939,2.79585424505303,0.93349848670021,0.0609756010165669
712,1.13E-06,7.34E-08,1.06423361576185,3.02468064054658,0.947143751438781,0.0588348353169936
713,1.36E-06,7.71E-08,1.09223762513289,3.05834133663064,0.948388500985594,0.0693474323626256
714,9.70E-07,6.30E-08,1.04183272894944,3.01680773567963,0.94284594373482,0.0557344021629878
715,1.23E-06,7.53E-08,1.14664331916098,3.09209615188497,0.946439056644655,0.064659228275606
716,6.54E-07,6.27E-08,0.244537946481693,2.90437981073368,0.927590563315517,0.0747012552993051
717,6.46E-07,6.01E-08,0.340397313891318,2.99497760430251,0.926319053092464,0.0695904181822703
718,6.43E-07,5.44E-08,0.061325581310904,2.99796617254893,0.926547625053031,0.0645918639970341
719,6.89E-07,6.15E-08,0.166106882347081,2.99510517132293,0.929245841035786,0.0671658445974159
720,7.12E-07,5.03E-08,1.24785851803995,3.16200528880015,0.924192581345191,0.0630455249780367
721,6.94E-07,4.81E-08,1.24329341913808,3.05559246228659,0.92273797176747,0.0652147517923845
722,6.79E-07,4.94E-08,1.34651246874785,3.18823064293192,0.922642542411318,0.0617041376974884
723,7.13E-07,4.66E-08,1.25548018036774,2.96157060686207,0.922270616455772,0.0613280708090156
724,2.42E-06,2.03E-07,0.810612762229121,2.80555105583736,0.962058601176845,0.126723583532653
725,2.99E-06,2.22E-07,2,3.16065914097717,0.971439525670792,0.182437654567337
726,2.80E-06,2.26E-07,2,2.77800709504575,0.977597484487852,0.192924431120878
727,1.06E-06,1.35E-07,2,2.28902149269617,0.930472417367345,0.0665642146394644
728,5.54E-07,4.54E-08,0.652485033269972,2.93153537984303,0.913557649011947,0.0569945257159257
729,5.24E-07,4.18E-08,0.538005552161094,2.48179766768732,0.909621979265183,0.0553740082860613
730,3.17E-07,2.53E-08,1.13957750700191,2.46210830499655,0.899148802704633,0.0320350687485648
731,4.72E-07,3.92E-08,0.837456060834743,2.5336194423824,0.908343565920386,0.0475451973838637
732,1.27E-06,1.14E-07,0.326249723631633,3.13839888370804,0.964318988123074,0.0762474295031491
733,1.14E-06,9.90E-08,0.224988625046043,3.00600662157422,0.959942800686676,0.0758384292905083
734,1.83E-06,1.50E-07,0.288152886948475,3.00780188928465,0.965971084981028,0.0707132027071867
735,2.26E-06,1.73E-07,2,2.80430927838949,0.967104887617839,0.0738763653705038
736,1.77E-06,1.30E-07,0.223431107569933,3.17914941849161,0.965143965135617,0.0689214754775366
737,1.77E-06,1.36E-07,0.462892229679083,3.23705297588974,0.967977371924781,0.0721528252256459
738,1.73E-06,1.37E-07,0.552874698606638,3.07245181064181,0.963346980680998,0.0684204073986322
739,1.13E-06,1.04E-07,0.562837307545473,2.83402347992499,0.950335581520099,0.0484171601971158
740,6.37E-07,3.65E-08,0.935279612572666,2.74112104359241,0.903528173955545,0.0608236277510732
741,6.01E-07,3.59E-08,1.0043130143696,2.67650297193099,0.901004061969439,0.0623453354482355
742,6.14E-07,3.76E-08,0.906860461524467,2.58235721249411,0.899444792945162,0.0634202191136388
743,7.12E-07,3.80E-08,1.0310997097977,2.70670550642276,0.9006805657433,0.0636846019295609
744,1.48E-06,1.30E-07,0.411806256674574,3.13917233216771,0.972325281263604,0.0912098275381282
745,1.54E-06,1.42E-07,0.485997255495671,3.23527961623522,0.974742402629211,0.108604773391324
746,1.58E-06,1.35E-07,0.562904301441353,3.16482789559399,0.973196813417155,0.0968233853509136
747,1.47E-06,1.29E-07,0.434623736125975,3.1135229903188,0.970111401983012,0.0919616934353759
748,4.05E-06,1.99E-07,0.585004110813653,3.06061581299234,0.967491780500039,0.118188151510199
749,3.22E-06,1.96E-07,0.287868081118162,3.06337306579826,0.96339180391503,0.096742101543226
750,2.98E-06,1.92E-07,0.379983629961401,2.65563813453764,0.962525150531789,0.0944887954329933
751,3.76E-06,1.95E-07,2,2.411372354784,0.961117468249083,0.105690011813257
752,1.22E-06,1.84E-07,2,2.91255645756319,0.974247619027204,0.0984944327513179
753,1.24E-06,1.50E-07,2,2.96743763203375,0.962794929040246,0.0719328900149659
754,1.48E-06,1.62E-07,2,2.811044029614,0.962808973191004,0.0756435172040025
755,1.44E-06,1.65E-07,2,2.98124527203813,0.967141443411794,0.0818327205845379
756,9.13E-07,1.05E-07,2,2.4164490346994,0.945413931639762,0.0971719156834616
757,8.84E-07,8.25E-08,2,2.38946448255486,0.932564794058982,0.0834068510904032
758,8.57E-07,8.87E-08,2,2.36807943407911,0.935240102958216,0.0896723979040549
759,9.93E-07,1.12E-07,2,2.38445390544311,0.946892848986452,0.106075534397317
760,1.79E-06,1.58E-07,2,2.96547569938619,0.976965218225711,0.0942649844362063
761,1.77E-06,1.59E-07,2,2.9448999479193,0.978477354296311,0.094405176613494
762,1.81E-06,1.69E-07,2,2.79605132675436,0.979089491279571,0.102700006842011
763,1.90E-06,1.72E-07,2,2.96846655436546,0.974987877676736,0.0864300671946242
764,1.26E-06,1.05E-07,0.0349318749652235,3.30254486365854,0.960201529208961,0.0637008154931859
765,1.23E-06,9.84E-08,0.289193274250546,3.23776043009268,0.95681165981806,0.0645951611883382
766,1.67E-06,1.32E-07,0.138252396603916,3.08032473577225,0.964661251048577,0.0738940520820874
767,1.32E-06,1.19E-07,0.061325581310904,3.3047907575837,0.959784574802173,0.0618562050836885
768,1.02E-06,8.84E-08,0.440951271931914,2.77966571980412,0.947529898362146,0.109101250825887
769,9.86E-07,7.99E-08,0.408304365623597,2.85980040620434,0.944620889883356,0.098102237076518
770,1.10E-06,8.26E-08,2,2.69452356456979,0.947606228057889,0.0957618421145909
771,1.01E-06,8.17E-08,0.384747560207596,2.8022228855348,0.942671463916603,0.0939091472066983
772,1.41E-06,1.08E-07,1.17795148502324,3.43665856324478,0.964379896240977,0.0652875735569407
773,1.47E-06,1.11E-07,1.06737697195631,3.40051133563748,0.966849650434453,0.0752257617712729
774,1.45E-06,1.10E-07,1.20614101462255,3.45896448409098,0.963666530161609,0.06197420275548
775,6.16E-07,5.80E-08,1.14418934334031,3.06181789908759,0.932401339666507,0.0408478284277701
776,6.05E-07,1.21E-08,1.00609611360986,2.18495561015928,0.906056338231458,0.0725016533399249
777,4.81E-07,1.44E-08,0.956042399776107,2.79315342386273,0.911807144437986,0.0633797944848327
778,4.77E-07,1.23E-08,0.949740315100283,2.73652426692773,0.910350947400781,0.0698427356488746
779,5.10E-07,1.41E-08,1.07502806643235,2.87418375582711,0.911690021325378,0.0611489275045846
780,7.62E-07,7.58E-08,0.348372925104896,3.16984334955829,0.941410013252934,0.0553576023526368
781,8.43E-07,8.64E-08,0.409247068538395,3.23070233888491,0.947218748268393,0.0557191647100325
782,1.05E-06,1.04E-07,0.061325581310904,3.10813314816279,0.955223471465055,0.0539179820819328
783,9.73E-07,8.93E-08,0.208607305580539,3.08165273443071,0.948316857276647,0.0580293370908879
784,6.76E-07,5.34E-08,2,3.19589631958194,0.943342343613175,0.0795535630988564
785,7.28E-07,5.49E-08,0.445850369315003,3.20459454042659,0.944749659317794,0.0734209478511093
786,7.80E-07,5.05E-08,0.566130604618023,3.14564885411423,0.940558270356321,0.0768377496513861
787,7.42E-07,6.11E-08,0.567723756823239,3.12686573922515,0.946989820885438,0.0768800237288031
788,5.32E-07,2.74E-08,2,1.90578048711952,0.913050117638491,0.0928364547711104
789,6.53E-07,2.68E-08,0.486611524508087,2.03822285243577,0.910693273522241,0.08255911572716
790,7.76E-07,2.39E-08,1.46067410501408,2.22392773917194,0.905821136337918,0.05898171560651
791,7.96E-07,2.52E-08,0.993005194414204,2.15851106285353,0.907199170215566,0.0823429091377863
792,7.52E-07,4.72E-08,0.938822853126938,2.81232164907521,0.919896819892001,0.0659244218796417
793,8.56E-07,5.42E-08,1.05600411164718,2.85770588284899,0.922423723006437,0.0653487238817091
794,8.44E-07,5.88E-08,0.688060715383106,2.76603792028555,0.924382752696602,0.075287293091643
795,7.59E-07,5.57E-08,0.732810823074532,2.78261405501048,0.920626608704796,0.0688922166458718
796,6.09E-07,5.77E-08,0.250523240664218,2.97315587791379,0.925265804627095,0.0666945819543133
797,5.25E-07,5.03E-08,0.491382134157147,2.90868166177359,0.919437410543836,0.067724711693266
798,7.11E-07,6.95E-08,0.730107951110006,2.86033732494628,0.92904490222653,0.0631952003029055
799,6.53E-07,5.85E-08,0.883904132435047,2.85517200700063,0.921970574106871,0.0636987669501442
800,4.05E-06,1.99E-07,0.585004110813653,3.06061581299234,0.967491780500039,0.118188151510199
801,3.22E-06,1.96E-07,0.287868081118162,3.06337306579826,0.96339180391503,0.096742101543226
802,2.98E-06,1.92E-07,0.379983629961401,2.65563813453764,0.962525150531789,0.0944887954329933
803,3.76E-06,1.95E-07,2,2.411372354784,0.961117468249083,0.105690011813257
804,6.21E-07,3.67E-08,1.01768728289169,2.78833978984478,0.911386758780698,0.0637035420366242
805,6.36E-07,4.15E-08,0.91853737552929,2.80831646167673,0.910602710961347,0.0730129805349118
806,5.21E-07,3.68E-08,0.781144883695802,2.65618072323553,0.909708313025114,0.0658259459206856
807,5.84E-07,3.60E-08,0.926914571184981,2.76791165460461,0.909027185636811,0.0587342725956802
808,9.24E-07,6.37E-08,1.13712410248378,2.85254340255943,0.937304792705857,0.0525075772026866
809,8.44E-07,6.33E-08,1.20032795430047,2.7872870040033,0.934657614188127,0.0466393746187399
810,8.97E-07,6.41E-08,1.17385499636237,2.73281034886508,0.934665955942069,0.0517953586739649
811,8.71E-07,5.86E-08,1.20305118937331,2.81079105685828,0.93218796546562,0.0516970122878144
812,4.05E-06,1.99E-07,0.585004110813653,3.06061581299234,0.967491780500039,0.118188151510199
813,3.22E-06,1.96E-07,0.287868081118162,3.06337306579826,0.96339180391503,0.096742101543226
814,2.98E-06,1.92E-07,0.379983629961401,2.65563813453764,0.962525150531789,0.0944887954329933
815,3.76E-06,1.95E-07,2,2.411372354784,0.961117468249083,0.105690011813257
816,1.65E-06,1.21E-07,1.15568733789192,3.39929405419259,0.965989407162432,0.0653320653504751
817,1.68E-06,1.36E-07,0.984107124736862,3.27579060263724,0.968172684884823,0.06397597495643
818,1.66E-06,1.28E-07,1.06462697607573,3.29765384696121,0.967200995915965,0.0667443426653284
819,9.07E-07,9.27E-08,1.68152648241834,3.20939597809511,0.955110924861697,0.0565659243719376
820,1.40E-06,1.61E-07,1.07760609440601,2.85581775588983,0.961819360789627,0.0678996982742944
821,1.46E-06,1.61E-07,1.0657533227923,2.90228949090922,0.963317281447965,0.069138519684755
822,1.64E-06,1.83E-07,0.910338042848396,2.86861012540444,0.967412454256306,0.0893424599350772
823,1.52E-06,1.73E-07,0.895104865140611,2.74333678119371,0.962872843424563,0.0683475434604728
824,1.79E-06,1.58E-07,2,2.96547569938619,0.976965218225711,0.0942649844362063
825,1.77E-06,1.59E-07,2,2.9448999479193,0.978477354296311,0.094405176613494
826,1.81E-06,1.69E-07,2,2.79605132675436,0.979089491279571,0.102700006842011
827,1.90E-06,1.72E-07,2,2.96846655436546,0.974987877676736,0.0864300671946242
828,1.48E-06,1.24E-07,1.03511759083912,3.41278684430593,0.96442851343883,0.0642556032471527
829,1.56E-06,1.28E-07,0.892378790700437,3.44900840786048,0.969764448094526,0.0826147206743568
830,1.75E-06,1.42E-07,0.857783243361805,3.35610679181744,0.971392301484912,0.0650714292549596
831,8.66E-07,7.81E-08,0.982261498447503,3.14011989804063,0.940325142373973,0.0455723888095358
832,2.21E-06,1.89E-07,0.173631243759808,2.8622114965882,0.978017688898369,0.142534741225559
833,2.12E-06,1.80E-07,0.364550605667258,2.78766682247988,0.973777700895171,0.119142336729617
834,1.92E-06,1.70E-07,0.775143922821323,2.80924171363836,0.967677680419949,0.10411917197389
835,1.80E-06,1.62E-07,0.812159204937603,2.78550036324386,0.962942372110741,0.0844819271033875
836,2.76E-06,2.15E-07,2,3.41139341547849,0.97238842526628,0.0986359890169711
837,2.96E-06,2.15E-07,0.207038651256324,3.37627290026613,0.972903499786384,0.10635655145997
838,2.61E-06,2.11E-07,2,3.39668930851367,0.971992316603115,0.0930428303934451
839,2.64E-06,2.09E-07,0.222855767341399,3.38217583389971,0.970735417136982,0.0858931335741072
840,7.22E-07,7.19E-08,0.434842987078816,3.13632311273381,0.919903857556153,0.0592901565424838
841,7.03E-07,6.84E-08,0.189543735489046,3.07809761105968,0.920709023550823,0.0634991657404094
842,7.61E-07,7.13E-08,0.31992384811374,3.12005586047798,0.922664514543929,0.0627641544145703
843,6.36E-07,6.77E-08,0.610112587249006,3.11380461894233,0.916437162736573,0.0619379023692706
844,1.59E-06,1.58E-07,0.0607707713636576,2.76331336948705,0.955124020798124,0.0881858626416165
845,1.38E-06,1.38E-07,2,2.83594768918649,0.946958824542996,0.0622412746500742
846,1.52E-06,1.63E-07,0.363075755372091,2.93466650112933,0.956811751671017,0.0818595419621946
847,1.69E-06,1.66E-07,0.695414730682081,3.12808108638321,0.956556422595891,0.076147964292457
848,6.22E-07,3.38E-08,0.804035255430764,3.13879636751225,0.930801497419666,0.0673264768854026
849,4.86E-07,3.31E-08,0.836250601674297,3.09749275728596,0.936802726698807,0.0557463489910792
850,5.94E-07,3.30E-08,1.08756538009777,3.191207303916,0.936612938142254,0.0551119772661884
851,5.87E-07,3.09E-08,0.994830178664929,3.14237913564145,0.932746192710362,0.0623504503466106
852,1.72E-06,1.39E-07,1.03779150579305,3.28075343812547,0.967058686077911,0.0581464018475261
853,1.63E-06,1.23E-07,1.01863804063108,3.22423394254519,0.96678402280798,0.0596594794285689
854,2.02E-06,1.53E-07,1.07692253496345,3.12622359836465,0.968386237017413,0.0577421601512343
855,8.52E-07,8.83E-08,1.01554466607363,2.74386883502906,0.95478100969344,0.0435297036342727
856,1.77E-06,1.62E-07,0.513600187600245,3.09650769135451,0.96882229984316,0.0873176517873543
857,1.65E-06,1.65E-07,0.375259547724615,3.03682657518271,0.967902321557782,0.0902849345898458
858,2.04E-06,1.90E-07,0.474889541171442,3.09902755639195,0.974763546195312,0.104507416754724
859,1.40E-06,1.57E-07,0.0872449032751101,2.95630480959763,0.96603179542533,0.0826130801941346
860,5.73E-07,2.64E-08,1.03254767606154,3.13082124744173,0.916339581895609,0.0699329351756748
861,5.45E-07,2.66E-08,0.98835113458138,3.04963634487402,0.913084055285112,0.071360795426794
862,5.56E-07,2.53E-08,1.12126994825514,3.17775471140413,0.917941714771935,0.0668423072700288
863,5.72E-07,2.57E-08,1.16110339290922,3.22162533717779,0.91721495001993,0.0641879512889216
864,7.62E-07,7.58E-08,0.348372925104896,3.16984334955829,0.941410013252934,0.0553576023526368
865,8.43E-07,8.64E-08,0.409247068538395,3.23070233888491,0.947218748268393,0.0557191647100325
866,1.05E-06,1.04E-07,0.061325581310904,3.10813314816279,0.955223471465055,0.0539179820819328
867,9.73E-07,8.93E-08,0.208607305580539,3.08165273443071,0.948316857276647,0.0580293370908879
868,5.73E-07,2.64E-08,1.03254767606154,3.13082124744173,0.916339581895609,0.0699329351756748
869,5.45E-07,2.66E-08,0.98835113458138,3.04963634487402,0.913084055285112,0.071360795426794
870,5.56E-07,2.53E-08,1.12126994825514,3.17775471140413,0.917941714771935,0.0668423072700288
871,5.72E-07,2.57E-08,1.16110339290922,3.22162533717779,0.91721495001993,0.0641879512889216
872,7.52E-07,4.72E-08,0.938822853126938,2.81232164907521,0.919896819892001,0.0659244218796417
873,8.56E-07,5.42E-08,1.05600411164718,2.85770588284899,0.922423723006437,0.0653487238817091
874,8.44E-07,5.88E-08,0.688060715383106,2.76603792028555,0.924382752696602,0.075287293091643
875,7.59E-07,5.57E-08,0.732810823074532,2.78261405501048,0.920626608704796,0.0688922166458718
876,4.98E-07,4.16E-08,1.31648777395125,2.12512434640885,0.913717767658235,0.0279788059542991
877,4.77E-07,4.01E-08,1.34136828575324,2.11858729324057,0.912546940226428,0.027940768556679
878,5.39E-07,5.53E-08,1.34735893702234,2.08650367468503,0.915286072786038,0.0283248438420149
879,5.30E-07,5.19E-08,1.34110141172481,2.13040717216768,0.915952599562548,0.0289027311307266
880,1.32E-06,1.22E-07,0.668353236493688,3.40940032678234,0.965138119321198,0.0744154590474107
881,1.23E-06,1.05E-07,0.801420141028449,3.24254808287504,0.959429470409566,0.0627861399159896
882,1.31E-06,1.09E-07,0.814420470398911,3.34963235109481,0.960211324043983,0.073459555709237
883,9.25E-07,7.94E-08,0.649788948672999,2.76077710758961,0.946661243515516,0.0535515645960165
884,2.21E-06,1.89E-07,0.173631243759808,2.8622114965882,0.978017688898369,0.142534741225559
885,2.12E-06,1.80E-07,0.364550605667258,2.78766682247988,0.973777700895171,0.119142336729617
886,1.92E-06,1.70E-07,0.775143922821323,2.80924171363836,0.967677680419949,0.10411917197389
887,1.80E-06,1.62E-07,0.812159204937603,2.78550036324386,0.962942372110741,0.0844819271033875
888,2.76E-06,2.15E-07,2,3.41139341547849,0.97238842526628,0.0986359890169711
889,2.96E-06,2.15E-07,0.207038651256324,3.37627290026613,0.972903499786384,0.10635655145997
890,2.61E-06,2.11E-07,2,3.39668930851367,0.971992316603115,0.0930428303934451
891,2.64E-06,2.09E-07,0.222855767341399,3.38217583389971,0.970735417136982,0.0858931335741072
892,1.26E-06,1.05E-07,0.0349318749652235,3.30254486365854,0.960201529208961,0.0637008154931859
893,1.23E-06,9.84E-08,0.289193274250546,3.23776043009268,0.95681165981806,0.0645951611883382
894,1.67E-06,1.32E-07,0.138252396603916,3.08032473577225,0.964661251048577,0.0738940520820874
895,1.32E-06,1.19E-07,0.061325581310904,3.3047907575837,0.959784574802173,0.0618562050836885
896,3.00E-06,2.10E-07,2,2.91358557809264,0.975743269452993,0.140682705851861
897,2.24E-06,2.05E-07,2,3.08420145787447,0.967386954049274,0.118647329820028
898,2.24E-06,2.02E-07,2,2.95274592495589,0.966985048500121,0.108438384078639
899,1.87E-06,1.94E-07,2,2.71467910110708,0.957233175927547,0.083729263243805
900,1.46E-06,1.16E-07,0.867737632609816,3.36124260310382,0.9635225564561,0.0706478155956849
901,1.56E-06,1.20E-07,0.737204136613223,3.28157768119705,0.968279208480283,0.068664669734067
902,1.53E-06,1.23E-07,0.832814006425119,3.31055820686021,0.962725935128802,0.0637327390656759
903,6.50E-07,4.47E-08,0.975199330367737,2.8296261223484,0.931115271370587,0.0452831742977227
904,6.21E-07,6.50E-08,0.610818008787268,2.88213742839117,0.920651260065465,0.0677067032326738
905,7.71E-07,7.00E-08,0.690941350682456,2.78714786172826,0.926665664661262,0.0690482488071815
906,6.53E-07,7.47E-08,2,2.76153194072665,0.925776902029377,0.0800307527723284
907,6.42E-07,6.91E-08,0.336616132662158,2.87531143036854,0.921949602870905,0.0689759754020517
908,2.12E-06,1.88E-07,0.605562612217793,3.45009140101011,0.9760318799868,0.0770015777462748
909,1.36E-06,1.63E-07,2,3.31121796484083,0.973083106486177,0.0704865182582478
910,1.37E-06,1.70E-07,2,3.29486160680237,0.974031604113352,0.0768854052630975
911,1.32E-06,1.66E-07,2,3.3033953780668,0.972751914210275,0.067265685027896
912,1.13E-06,7.34E-08,1.06423361576185,3.02468064054658,0.947143751438781,0.0588348353169936
913,1.36E-06,7.71E-08,1.09223762513289,3.05834133663064,0.948388500985594,0.0693474323626256
914,9.70E-07,6.30E-08,1.04183272894944,3.01680773567963,0.94284594373482,0.0557344021629878
915,1.23E-06,7.53E-08,1.14664331916098,3.09209615188497,0.946439056644655,0.064659228275606
916,1.03E-06,7.74E-08,2,2.90943793545019,0.950230297141311,0.0654598950698335
917,9.46E-07,7.28E-08,0.0921130845574618,3.04690908426023,0.946997191635186,0.0670110664685472
918,1.08E-06,8.70E-08,2,2.9506175492159,0.950136834348062,0.0651121401483844
919,9.05E-07,7.13E-08,2,2.98871825787368,0.943842842959823,0.0634720822327789
920,2.13E-06,1.54E-07,1.06075094255861,3.30280748242394,0.977689409940466,0.0956699970668773
921,2.01E-06,1.57E-07,1.05581830018514,3.38669289473506,0.976106517927886,0.0885944328993461
922,1.98E-06,1.59E-07,0.885104664803474,3.27409145400949,0.976042780723844,0.0934564927864062
923,2.07E-06,1.62E-07,0.868307014094369,3.24251468439684,0.978478247170352,0.0931997997541008
924,1.49E-06,2.05E-07,2,3.25411579919535,0.982181677628574,0.149568561231072
925,1.09E-06,1.60E-07,2,3.07250767517499,0.967369898514645,0.0820186034014612
926,1.25E-06,1.82E-07,2,3.14529995998469,0.971237562054605,0.0970723772373192
927,1.60E-06,2.10E-07,2,3.14749950476915,0.982414137773017,0.172587633483721
928,1.41E-06,9.65E-08,1.26836154290442,3.41411386442842,0.964124682172958,0.0642605711620541
929,1.45E-06,1.01E-07,1.29725566079087,3.32390684983435,0.964399157635584,0.0605818123311657
930,1.51E-06,1.06E-07,1.22650377821515,3.39049383342327,0.966236635375685,0.0619991966801021
931,9.61E-07,7.08E-08,1.29093939337364,2.92314995409182,0.946057016870978,0.0459931641603364
932,1.74E-06,1.09E-07,0.453495736023934,2.67375242625723,0.968606328380105,0.0818360996231253
933,1.53E-06,1.01E-07,0.765413607074563,2.72873161840375,0.963590286089887,0.0765817954474175
934,1.44E-06,9.83E-08,0.561903749234661,2.74776348105413,0.964446127796689,0.0761236409455748
935,1.62E-06,9.70E-08,1.11531345000935,2.98600911131685,0.959716617817671,0.0680350405288203
936,7.33E-07,5.85E-08,1.19670641417453,3.03705532406923,0.936669157827892,0.0549375352628281
937,1.36E-06,1.43E-07,1.21603604735926,2.99255383313758,0.951226910964542,0.0619776354363013
938,1.68E-06,1.63E-07,1.19912222074431,2.99536940014698,0.954929256646932,0.0701907732736496
939,1.86E-06,1.69E-07,1.2184500383111,3.00416986158396,0.959687500330219,0.067637366634298
940,1.94E-06,1.84E-07,2,2.72535757725232,0.943498336907573,0.102039289231601
941,1.88E-06,1.81E-07,2,2.71940620542325,0.937616385984552,0.0919182445080836
942,1.88E-06,1.84E-07,2,2.79686217484343,0.952728102456424,0.0927339045084279
943,1.63E-06,1.67E-07,2,2.8977920922219,0.94897434046698,0.0782232033477055
944,1.41E-06,1.08E-07,1.17795148502324,3.43665856324478,0.964379896240977,0.0652875735569407
945,1.47E-06,1.11E-07,1.06737697195631,3.40051133563748,0.966849650434453,0.0752257617712729
946,1.45E-06,1.10E-07,1.20614101462255,3.45896448409098,0.963666530161609,0.06197420275548
947,6.16E-07,5.80E-08,1.14418934334031,3.06181789908759,0.932401339666507,0.0408478284277701
948,2.01E-06,2.00E-07,2,2.72035194191885,0.967548326981783,0.0932394955240506
949,2.43E-06,2.06E-07,2,2.76334011844,0.975112425087741,0.122981057906727
950,2.47E-06,2.13E-07,2,2.76676058427408,0.974594649572708,0.141918559613926
951,2.07E-06,2.02E-07,2,2.70068658573271,0.969371702710607,0.102840313214852
952,1.89E-06,1.94E-07,2,2.98604127264304,0.961763913042399,0.108488308835144
953,1.61E-06,1.81E-07,2,3.07611170797945,0.95290510166313,0.0782559227437799
954,1.55E-06,1.83E-07,2,2.97702259226911,0.956166368615374,0.0834315662443289
955,1.60E-06,1.93E-07,2,2.90959265951482,0.965882743982533,0.117925996467051
956,5.84E-06,1.65E-07,0.751601797243577,2.27580691910842,0.965203722078151,0.221608055718178
957,2.94E-06,1.91E-07,1.16163049545801,2.14632198404101,0.950810027817493,0.0912377601774758
958,3.23E-06,1.96E-07,0.878753217683376,2.60017064234489,0.971653199548173,0.102801020482188
959,3.81E-06,1.88E-07,0.77599292203883,2.48509378491254,0.951092178413562,0.146774191705304
960,3.87E-06,1.71E-07,0.91076546116111,2.84053576707262,0.976974012052797,0.0978966996767653
961,3.33E-06,1.69E-07,0.978458058373907,2.48117990376032,0.969348845226914,0.0933501336013942
962,1.97E-06,1.54E-07,0.981132329359264,2.84310740674038,0.962173565197321,0.0693447036568828
963,2.63E-06,1.71E-07,0.795624950030878,2.86167745548344,0.97127289125161,0.0850972154269584
964,3.52E-06,2.11E-07,2,3.31549054680288,0.973315527477002,0.1770106490634
965,3.33E-06,2.04E-07,2,3.3795270441098,0.964652906138914,0.111891328610566
966,2.59E-06,2.01E-07,0.358103537092143,3.30279843670665,0.960024968885783,0.084927149866487
967,9.43E-07,1.41E-07,0.327667484241501,2.8587603987975,0.95330442746105,0.0637238219000135
968,1.79E-06,1.30E-07,1.08489139618966,3.35696868085196,0.972010615765133,0.0740090997461914
969,1.82E-06,1.43E-07,1.00166222012953,3.36003188432451,0.972240818619828,0.0733310517935444
970,2.03E-06,1.51E-07,0.96685618729011,3.34624168063762,0.974368460793794,0.0721556608498808
971,1.14E-06,1.03E-07,1.08912483282004,3.07888992247343,0.955669209215623,0.0456428802516078
972,1.41E-06,9.65E-08,1.26836154290442,3.41411386442842,0.964124682172958,0.0642605711620541
973,1.45E-06,1.01E-07,1.29725566079087,3.32390684983435,0.964399157635584,0.0605818123311657
974,1.51E-06,1.06E-07,1.22650377821515,3.39049383342327,0.966236635375685,0.0619991966801021
975,9.61E-07,7.08E-08,1.29093939337364,2.92314995409182,0.946057016870978,0.0459931641603364
976,4.84E-07,6.90E-08,2,3.34702472886485,0.922994371653191,0.0574295640853725
977,4.46E-07,6.98E-08,2,3.33986328670669,0.91947750209512,0.0593614910051703
978,4.26E-07,7.13E-08,2,3.3502463949316,0.91753431871505,0.0639440003119909
979,4.57E-07,7.03E-08,2,3.41127739101404,0.921473359124478,0.0603892576492254
980,7.56E-07,5.30E-08,1.22621883687725,3.17754469873729,0.924296854033675,0.0562528896052037
981,5.54E-07,4.59E-08,1.40396348475622,3.28492444830789,0.918418913108311,0.046932348754711
982,6.31E-07,4.91E-08,1.2794516501629,3.06670380413252,0.919482358931725,0.0518944245327596
983,6.83E-07,5.65E-08,0.89147074604628,2.85633640454695,0.925903057256539,0.0684771206267096
984,2.12E-06,1.88E-07,0.605562612217793,3.45009140101011,0.9760318799868,0.0770015777462748
985,1.36E-06,1.63E-07,2,3.31121796484083,0.973083106486177,0.0704865182582478
986,1.37E-06,1.70E-07,2,3.29486160680237,0.974031604113352,0.0768854052630975
987,1.32E-06,1.66E-07,2,3.3033953780668,0.972751914210275,0.067265685027896
988,6.08E-07,4.44E-08,0.98236603656178,2.98021517723845,0.913440696067535,0.0585250147584758
989,5.75E-07,4.02E-08,1.13405658551926,2.83048446336844,0.91202311767617,0.0552818297127721
990,5.93E-07,4.32E-08,0.96695759389471,2.83742817372721,0.912856268766695,0.0575123862358627
991,6.02E-07,4.51E-08,1.08900944655469,3.01761154169899,0.915185390371788,0.0608182291880586
992,1.40E-06,1.14E-07,0.648445234152354,3.2164716242044,0.965602805637815,0.0693344744582377
993,1.25E-06,9.45E-08,0.778170321710337,3.06885118304738,0.956389398996074,0.0671204598447889
994,1.48E-06,1.04E-07,0.908193919206312,3.10404859911226,0.961853783411259,0.0634706109856552
995,9.62E-07,7.75E-08,0.687346216004162,2.76134737464545,0.946175925251386,0.0502905402654698
996,6.96E-07,7.11E-08,1.57419110572768,2.90186587178663,0.924344184347974,0.0691367117373303
997,6.87E-07,6.72E-08,1.66857079890641,3.00806188735348,0.923567669239122,0.0680736716708096
998,6.92E-07,6.61E-08,1.63597977944397,3.10831424400964,0.923214656911771,0.059731144204328
999,7.14E-07,7.39E-08,1.6652437892979,2.99944057047822,0.923241653985454,0.0713734751508064
1000,1.87E-06,1.87E-07,2,2.85587233139308,0.973364777048714,0.124833144650246
1001,2.28E-06,2.02E-07,2,2.65970703967565,0.976824105021849,0.133072511231869
1002,1.08E-06,1.46E-07,2,2.96310353109712,0.965542605338707,0.110092184954753
1003,1.06E-06,1.39E-07,2,2.90688352401102,0.963809119446395,0.098173981403914
1004,1.72E-06,9.61E-08,1.72006125483399,2.84563137472732,0.957123833630448,0.110501805873532
1005,1.45E-06,8.64E-08,0.628674980668935,2.7967379369394,0.950871231385336,0.097606348054511
1006,1.48E-06,8.72E-08,0.618021204021505,2.90414046608115,0.952188400673536,0.0897623062702808
1007,1.45E-06,8.61E-08,1.728799271881,2.88774119570157,0.951244601160419,0.0958540562161443
1008,7.22E-07,7.19E-08,0.434842987078816,3.13632311273381,0.919903857556153,0.0592901565424838
1009,7.03E-07,6.84E-08,0.189543735489046,3.07809761105968,0.920709023550823,0.0634991657404094
1010,7.61E-07,7.13E-08,0.31992384811374,3.12005586047798,0.922664514543929,0.0627641544145703
1011,6.36E-07,6.77E-08,0.610112587249006,3.11380461894233,0.916437162736573,0.0619379023692706
1012,7.96E-07,7.14E-08,0.723560607678643,3.11705857246458,0.939669892302614,0.0493944785419364
1013,6.02E-07,5.67E-08,1.3084266988381,3.20552022618714,0.929753745359229,0.0391634839901089
1014,7.66E-07,7.28E-08,1.17760152874261,3.21273053668723,0.940479150891713,0.0405046409797287
1015,8.88E-07,8.49E-08,0.760358815780234,3.11010606409478,0.938898121127407,0.056048513949933
1016,7.22E-07,7.19E-08,0.434842987078816,3.13632311273381,0.919903857556153,0.0592901565424838
1017,7.03E-07,6.84E-08,0.189543735489046,3.07809761105968,0.920709023550823,0.0634991657404094
1018,7.61E-07,7.13E-08,0.31992384811374,3.12005586047798,0.922664514543929,0.0627641544145703
1019,6.36E-07,6.77E-08,0.610112587249006,3.11380461894233,0.916437162736573,0.0619379023692706
1020,1.72E-06,9.61E-08,1.72006125483399,2.84563137472732,0.957123833630448,0.110501805873532
1021,1.45E-06,8.64E-08,0.628674980668935,2.7967379369394,0.950871231385336,0.097606348054511
1022,1.48E-06,8.72E-08,0.618021204021505,2.90414046608115,0.952188400673536,0.0897623062702808
1023,1.45E-06,8.61E-08,1.728799271881,2.88774119570157,0.951244601160419,0.0958540562161443
1024,7.29E-07,4.21E-08,0.542262261521152,2.84403161700312,0.923084036479278,0.0735254222133875
1025,7.20E-07,4.17E-08,0.457695095699065,2.80840740493052,0.923075617706659,0.0719947845279038
1026,7.46E-07,4.14E-08,0.537894100350037,2.76295711122442,0.923120283839964,0.0737457064266975
1027,7.32E-07,4.04E-08,0.591312089194242,2.75007762689922,0.922854190142196,0.0727335580689065
1028,4.73E-06,1.89E-07,0.0969409579944943,2.43345924823913,0.982826191292333,0.253263217593474
1029,3.56E-06,2.21E-07,2,2.49609990175425,0.990206413251682,0.152960675832727
1030,3.32E-06,1.99E-07,2,2.55090163762624,0.977362552226388,0.153353445190598
1031,3.15E-06,2.05E-07,2,2.96060028148061,0.989978160353694,0.187400209466603
1032,1.41E-06,1.66E-07,1.11944944485394,2.91365311454477,0.964593756309366,0.0701077450648294
1033,1.36E-06,1.57E-07,1.14966912131017,2.9068971268878,0.96253421810279,0.0665780058495152
1034,1.32E-06,1.54E-07,1.17488217667593,2.85644063031038,0.964127203076864,0.0695522839732047
1035,1.37E-06,1.60E-07,1.1603217264611,2.8858890001288,0.963186833227966,0.0709168791358777
1036,7.31E-07,7.40E-08,2,3.13415762314774,0.948084874342073,0.0732802621287908
1037,6.67E-07,7.25E-08,2,3.14984306516808,0.948254113221783,0.0743783320177758
1038,9.17E-07,7.91E-08,0.420892118625933,2.96665094842624,0.952140450399821,0.0682274754474617
1039,7.95E-07,7.93E-08,0.276157479230249,3.08409925934503,0.951232241799049,0.0667525044647732
1040,1.36E-06,1.82E-07,0.387499220999916,2.8399005730221,0.962332758624162,0.0772898257554678
1041,1.30E-06,1.82E-07,0.272145116042968,2.54495685186921,0.964714220599719,0.0893877824001448
1042,1.39E-06,1.89E-07,0.290321841960427,2.98884657458591,0.967265625893154,0.101150886177003
1043,1.40E-06,1.86E-07,0.061325581310904,2.3762457886436,0.967178890026999,0.107032307047359
1044,5.49E-07,6.05E-08,0.844155951154089,3.01482155099352,0.916806783200458,0.0534993888227818
1045,5.10E-07,5.68E-08,2,2.94616781548158,0.911805767125433,0.0577410783802755
1046,5.74E-07,5.51E-08,2,2.80829238024409,0.912956153718136,0.0546566699221719
1047,5.06E-07,5.56E-08,0.69552701756548,3.04431204547526,0.91543443966989,0.0483467051776354
1048,1.77E-06,1.62E-07,0.513600187600245,3.09650769135451,0.96882229984316,0.0873176517873543
1049,1.65E-06,1.65E-07,0.375259547724615,3.03682657518271,0.967902321557782,0.0902849345898458
1050,2.04E-06,1.90E-07,0.474889541171442,3.09902755639195,0.974763546195312,0.104507416754724
1051,1.40E-06,1.57E-07,0.0872449032751101,2.95630480959763,0.96603179542533,0.0826130801941346
1052,1.44E-06,1.13E-07,2,3.17079809052026,0.964407457148346,0.0656862387840562
1053,1.14E-06,7.82E-08,2,3.41910844732266,0.962896514389934,0.0748320311302808
1054,1.13E-06,7.50E-08,0.153581028909307,3.38085904173214,0.960013495783502,0.0662347922059129
1055,1.30E-06,9.50E-08,2,3.29040114307356,0.961847885279534,0.0652486065166736
1056,5.89E-07,4.48E-08,0.580112276619833,2.66205598868578,0.907465681665859,0.0685245651153502
1057,5.82E-07,4.13E-08,0.55221792416756,2.576951246426,0.906156303425184,0.0628707019023851
1058,6.10E-07,4.53E-08,0.609565688613479,2.59100239528331,0.909548014086236,0.0655078406675848
1059,6.63E-07,4.45E-08,0.73742049171598,2.76312324492868,0.909713952937731,0.0699601790061469
1060,1.46E-06,1.11E-07,1.16285830437939,3.40232020897833,0.965730136703502,0.0653890760835921
1061,1.39E-06,9.99E-08,1.20449409674554,3.37436982769152,0.96200810294012,0.0704123890163362
1062,1.35E-06,9.84E-08,1.2541707240978,3.37157788337078,0.96060412511962,0.0597928823025685
1063,8.67E-07,8.92E-08,1.31774724156516,3.09093398272757,0.95603493264764,0.0536834944035621
1064,9.17E-07,7.44E-08,0.298806151508044,3.1662652654012,0.955932077923848,0.068360415269383
1065,1.10E-06,6.95E-08,0.821579677771685,3.05984941667776,0.95251324454792,0.0676567130706486
1066,1.19E-06,7.66E-08,0.59315480665515,3.13984816971538,0.955259520097109,0.0712340992022804
1067,8.16E-07,7.10E-08,0.383246204231763,3.1269602157367,0.952870857360812,0.0819162226076073
1068,1.55E-06,1.58E-07,1.11535676186028,3.10980069871602,0.945821411506172,0.0476888451488716
1069,1.28E-06,1.44E-07,1.16953047058475,3.02262966305748,0.941953172889281,0.0458432769318058
1070,1.70E-06,1.69E-07,1.15474018905603,3.03308980879795,0.948104330792158,0.0571215660452914
1071,1.03E-06,1.16E-07,1.46221463685768,2.95067990795138,0.936363440728584,0.0360713111127351
1072,1.40E-06,1.14E-07,0.648445234152354,3.2164716242044,0.965602805637815,0.0693344744582377
1073,1.25E-06,9.45E-08,0.778170321710337,3.06885118304738,0.956389398996074,0.0671204598447889
1074,1.48E-06,1.04E-07,0.908193919206312,3.10404859911226,0.961853783411259,0.0634706109856552
1075,9.62E-07,7.75E-08,0.687346216004162,2.76134737464545,0.946175925251386,0.0502905402654698
1076,1.88E-06,1.41E-07,1.25104220233989,3.52299623227783,0.971138967069765,0.0681839549677967
1077,1.71E-06,1.27E-07,1.25098048846273,3.49783593544176,0.96954219487981,0.0713222388424357
1078,1.84E-06,1.41E-07,1.1263580681588,3.4049337199191,0.971886314137839,0.0721648905657707
1079,8.21E-07,7.04E-08,1.11636206208135,2.74359684244978,0.947161014375472,0.0502098585359874
1080,6.47E-07,4.35E-08,0.901357821477015,3.1679211832938,0.933965952667798,0.0607756287500707
1081,6.25E-07,4.45E-08,1.00454684920249,3.15553195478661,0.933394645301128,0.0622016475386015
1082,6.52E-07,4.38E-08,0.604222429265641,3.06128973885756,0.93451539523783,0.0667474640461215
1083,6.56E-07,4.58E-08,1.03485442674017,3.20184869277174,0.932780694473269,0.0612634729596413
1084,6.23E-07,2.91E-08,1.03296981843763,2.59502503030289,0.909225301935938,0.059898901038738
1085,6.77E-07,3.10E-08,1.09734248643449,2.59070518616235,0.910209221866187,0.059130707056683
1086,7.20E-07,2.95E-08,0.975106382223277,2.5482191028995,0.907535059557567,0.0656970603174216
1087,7.01E-07,2.90E-08,0.681481160231651,2.48027413839342,0.906838847264266,0.0684206596944941
1088,3.56E-06,2.02E-07,0.842443510851135,2.77166113707629,0.967168951536998,0.0922120181643299
1089,4.75E-06,2.04E-07,0.782347387653984,2.50115195937681,0.967540913427361,0.103972545990461
1090,2.62E-06,1.91E-07,0.381095740596628,2.77637253507676,0.969814365182024,0.104913920841103
1091,2.32E-06,1.89E-07,0.648399127803234,3.0196634871884,0.971802650764889,0.0922047673694114
1092,1.99E-06,1.89E-07,2,3.07153701120193,0.973201812215619,0.0769982452026206
1093,1.89E-06,1.60E-07,2,2.81813756074938,0.961248504633222,0.0626376510058203
1094,1.99E-06,1.83E-07,2,2.93890436406442,0.975799063563362,0.0793991953236746
1095,1.58E-06,1.28E-07,2,2.65783284926422,0.958592985768792,0.0639716827534649
1096,2.47E-06,2.11E-07,2,3.08494131289138,0.987027964258001,0.251503041503975
1097,3.83E-06,1.81E-07,2,2.85118860285861,0.988905052328725,0.345828883129892
1098,5.08E-06,1.50E-07,2,3.21934139883051,0.992951758898497,0.524992044757472
1099,3.10E-06,1.98E-07,2,2.99162489478972,0.984115753374782,0.213513723715871
1100,1.53E-06,1.28E-07,1.17335258234811,3.18967666358192,0.970296577928891,0.0655667705864341
1101,1.85E-06,1.43E-07,0.969618198424349,3.17228246779183,0.974723191621733,0.0735713328443086
1102,1.72E-06,1.31E-07,1.14452992834952,3.15720301637497,0.971352278032117,0.071709302587447
1103,8.02E-07,7.98E-08,1.05938074513149,2.73298184410691,0.943673645379514,0.0443802828899489
1104,1.70E-06,1.39E-07,1.12261715589868,3.4887061929512,0.970418289065345,0.0737057073792171
1105,1.59E-06,1.37E-07,1.04415406301788,3.39992461097667,0.970490766143508,0.0844974064514348
1106,1.67E-06,1.22E-07,1.15314489226198,3.34265954973033,0.967666024146892,0.0721915169741455
1107,8.00E-07,6.93E-08,1.12550038525404,2.67996659068706,0.943564101165933,0.0424572504779143
1108,7.18E-07,6.53E-08,0.482063404148852,2.91404491724635,0.926112803348513,0.0856518273392624
1109,6.86E-07,6.07E-08,0.580881567538435,2.90260930295414,0.924192506142288,0.0720351013234434
1110,7.72E-07,6.84E-08,0.306375036684021,2.71842411340791,0.927587025517756,0.0831623623015595
1111,7.50E-07,6.35E-08,0.755755877586298,2.84214732794019,0.923951249025046,0.0667169374279186
1112,1.68E-06,1.39E-07,1.15866756126825,3.56391409441193,0.971818698375439,0.0692607824353992
1113,1.63E-06,1.19E-07,1.21005368131471,3.23653449736368,0.970588790693452,0.0724621976459948
1114,1.53E-06,1.24E-07,1.2195599857966,3.57699694112759,0.969907086392473,0.0696071268604909
1115,9.70E-07,9.80E-08,1.29423443426132,3.00831770511725,0.951396231130655,0.0458732335798248
1116,3.49E-06,2.21E-07,0.492352913811786,3.33315134471805,0.983650362469121,0.110152481374955
1117,2.65E-06,2.06E-07,0.596641016151377,3.26431880923408,0.973968529350447,0.0934561921889417
1118,2.89E-06,2.18E-07,0.631520826647114,3.43954286198127,0.981643025637791,0.0999150810236709
1119,2.44E-06,2.03E-07,0.342909308585017,3.30339783189077,0.970729779435837,0.0870033551826808
1120,7.33E-07,5.85E-08,1.19670641417453,3.03705532406923,0.936669157827892,0.0549375352628281
1121,1.36E-06,1.43E-07,1.21603604735926,2.99255383313758,0.951226910964542,0.0619776354363013
1122,1.68E-06,1.63E-07,1.19912222074431,2.99536940014698,0.954929256646932,0.0701907732736496
1123,1.86E-06,1.69E-07,1.2184500383111,3.00416986158396,0.959687500330219,0.067637366634298
1124,7.02E-07,4.16E-08,2,2.48910557259317,0.921187910766314,0.0907672785736928
1125,6.47E-07,3.98E-08,2,2.40610158903416,0.917676738874893,0.0847492763147414
1126,5.99E-07,4.06E-08,0.069876314410997,2.51472000083122,0.919010520229118,0.092036118541533
1127,5.54E-07,3.82E-08,2,2.45312708523358,0.916128787490868,0.091844153619796
1128,1.36E-06,1.82E-07,0.387499220999916,2.8399005730221,0.962332758624162,0.0772898257554678
1129,1.30E-06,1.82E-07,0.272145116042968,2.54495685186921,0.964714220599719,0.0893877824001448
1130,1.39E-06,1.89E-07,0.290321841960427,2.98884657458591,0.967265625893154,0.101150886177003
1131,1.40E-06,1.86E-07,0.061325581310904,2.3762457886436,0.967178890026999,0.107032307047359
1132,9.34E-07,5.41E-08,1.01015946531792,2.82990014530294,0.92870503353846,0.0852074882150483
1133,1.00E-06,5.65E-08,1.04491984158343,2.86578213300233,0.929294092012699,0.0866891316635261
1134,9.11E-07,5.48E-08,0.820931247438933,2.73760161943832,0.929515473030184,0.0868417704163598
1135,9.94E-07,6.15E-08,0.824647631895654,2.76631144585304,0.928904047541879,0.0861560167800114
1136,1.64E-06,1.03E-07,0.862067647668399,2.77950642092239,0.967004749532009,0.084781431751487
1137,1.56E-06,1.01E-07,0.936514940493522,2.84619768000105,0.965119303140618,0.0708374262706308
1138,1.67E-06,1.01E-07,0.855777596585464,2.87208969061498,0.96648289407689,0.0848267833294724
1139,1.66E-06,1.04E-07,0.869342264953769,2.8059428039867,0.96560902129068,0.0827371686304972
1140,2.19E-06,1.69E-07,0.639663008639768,3.33014295655497,0.967296015431674,0.0728242730563196
1141,1.60E-06,1.29E-07,0.488283302297796,3.19554504957702,0.961015402905975,0.0787963950827607
1142,2.15E-06,1.79E-07,1.06171548281261,3.29058837032851,0.966495090570946,0.0705244891156016
1143,3.04E-06,2.12E-07,2,3.25985710900874,0.976822274091446,0.127438723664006
1144,1.46E-06,1.11E-07,1.16285830437939,3.40232020897833,0.965730136703502,0.0653890760835921
1145,1.39E-06,9.99E-08,1.20449409674554,3.37436982769152,0.96200810294012,0.0704123890163362
1146,1.35E-06,9.84E-08,1.2541707240978,3.37157788337078,0.96060412511962,0.0597928823025685
1147,8.67E-07,8.92E-08,1.31774724156516,3.09093398272757,0.95603493264764,0.0536834944035621
1148,1.50E-06,1.15E-07,0.474610355424658,2.86648500995236,0.967616319385987,0.08891148378189
1149,1.60E-06,1.22E-07,0.69304563520398,2.90002453278959,0.968486242549304,0.0798561246477286
1150,1.63E-06,1.49E-07,0.409351514337879,2.93102878885969,0.972191738462528,0.0693051073765394
1151,1.41E-06,1.57E-07,0.134321547782697,3.03661846553285,0.975068884051681,0.0849768042735174
1152,1.09E-06,1.02E-07,2,2.82651260657823,0.948276161451762,0.0840857122936763
1153,1.08E-06,9.37E-08,0.061325581310904,3.15987818794986,0.94740941311761,0.0752198504392053
1154,9.53E-07,8.47E-08,2,2.90903041302976,0.944780625162653,0.0672760808306454
1155,9.01E-07,1.05E-07,0.122391753406153,3.15905733169577,0.950484907838367,0.0917946177269973
1156,2.84E-06,2.14E-07,0.15763517659966,3.3269059980933,0.981255124719323,0.124532184871244
1157,2.20E-06,1.97E-07,2,3.11104158200396,0.977407407860118,0.092422824941342
1158,1.59E-06,1.58E-07,2,3.20317788110377,0.962272582044711,0.0771795246621027
1159,2.30E-06,2.05E-07,2,3.19104597787224,0.978859391207091,0.0997905607685128
1160,1.35E-06,1.13E-07,1.13376431678134,3.45887489746465,0.966961469948807,0.067746707192237
1161,1.54E-06,1.21E-07,1.18161631622665,3.42758387708008,0.971782499471426,0.0724449182583119
1162,1.35E-06,1.09E-07,1.084616229743,3.43859762172167,0.966711819283509,0.0728011825462118
1163,5.96E-07,4.50E-08,1.02088982690773,2.66439327984642,0.929612884661572,0.0366468333439334
1164,9.25E-07,1.10E-07,1.18327031567566,3.03035408156258,0.946465820347418,0.0788251081705954
1165,1.29E-06,1.10E-07,1.11948146159077,3.38755884616835,0.948383240777676,0.0663466229722417
1166,1.27E-06,1.15E-07,1.27026049954452,3.33773341261115,0.948407449032782,0.0684254909771498
1167,1.09E-06,1.25E-07,1.18393106583175,2.97554492832623,0.947709301083996,0.0774039958654408
1168,1.02E-06,8.03E-08,0.890467845816825,3.13294656905967,0.934447018126919,0.080508032720059
1169,9.27E-07,6.72E-08,1.09686705218409,3.13391719715273,0.93172080549017,0.0706301240409257
1170,1.01E-06,7.91E-08,1.04634632724961,3.18591997085428,0.934406652275936,0.0720054890374456
1171,1.03E-06,8.02E-08,1.02220925773581,3.09312189763645,0.93259963619136,0.0808206099400155
1172,5.32E-07,2.74E-08,2,1.90578048711952,0.913050117638491,0.0928364547711104
1173,6.53E-07,2.68E-08,0.486611524508087,2.03822285243577,0.910693273522241,0.08255911572716
1174,7.76E-07,2.39E-08,1.46067410501408,2.22392773917194,0.905821136337918,0.05898171560651
1175,7.96E-07,2.52E-08,0.993005194414204,2.15851106285353,0.907199170215566,0.0823429091377863
1176,7.29E-07,4.21E-08,0.542262261521152,2.84403161700312,0.923084036479278,0.0735254222133875
1177,7.20E-07,4.17E-08,0.457695095699065,2.80840740493052,0.923075617706659,0.0719947845279038
1178,7.46E-07,4.14E-08,0.537894100350037,2.76295711122442,0.923120283839964,0.0737457064266975
1179,7.32E-07,4.04E-08,0.591312089194242,2.75007762689922,0.922854190142196,0.0727335580689065
1180,1.40E-06,1.05E-07,1.29273946407669,3.3736613156841,0.964482206321154,0.035643750785929
1181,1.66E-06,1.13E-07,1.36481450904045,2.89962221884302,0.967485101949431,0.0299271255301273
1182,1.87E-06,1.64E-07,2,3.17624954249527,0.978545577681036,0.0501238449635424
1183,3.03E-06,2.09E-07,0.645768711460281,2.84097537978159,0.978230090073804,0.0372348441831886
1184,1.17E-06,1.04E-07,0.722529200613889,3.26924728172368,0.962553288497851,0.0379811626061949
1185,1.26E-06,9.30E-08,1.16319763617898,3.01332730032181,0.959492871978573,0.030197028735282
1186,1.21E-06,8.52E-08,1.18545586230916,3.44556855641532,0.964876684287663,0.0451333863619616
1187,1.61E-06,1.35E-07,0.675168407019117,2.90187545130717,0.971680087742689,0.0430721420456697
1188,1.54E-06,1.32E-07,0.523154111174316,2.98509644860544,0.965985297449948,0.0366599854669561
1189,1.58E-06,1.11E-07,1.13130537215708,3.05724999109417,0.966999345466195,0.0327749350148993
1190,1.04E-06,1.03E-07,0.148877009411844,2.82000589132882,0.964541990065156,0.060847017927168
1191,1.47E-06,1.08E-07,0.787495252351262,3.17130882969401,0.963377724412763,0.0366299353773819
1192,1.68E-06,1.88E-07,2,2.97924151685722,0.959911905928078,0.0361879583978758
1193,9.89E-07,7.47E-08,1.14818294299128,2.91206082925835,0.941687479559025,0.0410989687347612
1194,6.78E-07,5.99E-08,1.10413344360546,2.95808741444781,0.925795311657874,0.0395517528182663
1195,2.87E-06,1.46E-07,1.24133788753769,2.87941860203119,0.967841293830696,0.0300570001040161
1196,1.51E-06,1.11E-07,1.47211910991963,3.35598331850607,0.963820342628644,0.031433793432612
1197,8.80E-07,2.55E-08,1.43063137750836,2.16759082097858,0.912900149465974,0.0499777131030318
1198,1.30E-06,7.43E-08,1.01371446795506,3.20948097297854,0.953348450485526,0.03926012959133
1199,5.94E-07,4.31E-08,1.28096431691587,2.90321125106037,0.916667922568372,0.0395344003834676
1200,7.78E-07,4.68E-08,1.30162797781846,3.0003605490847,0.916093527110836,0.0405219565881302
1201,1.55E-06,1.18E-07,1.26472700266642,2.79364558053327,0.964221507529998,0.0331118621705776
1202,1.17E-06,8.96E-08,1.33100460680501,3.17741891815244,0.955405835585447,0.0302885734812428
1203,4.21E-06,1.93E-07,2,2.94483755476764,0.988119084746363,0.100217047063314
1204,7.30E-07,5.82E-08,1.0808772977886,2.85862109352961,0.935023535124785,0.0384851158303156
1205,9.93E-07,7.67E-08,1.24469787105271,3.1185796224504,0.935155065121302,0.0413694912000181
1206,7.44E-07,3.89E-08,0.717375206180518,2.77407283209357,0.930094412966576,0.0450347523529203
1207,8.80E-07,2.55E-08,1.43063137750836,2.16759082097858,0.912900149465974,0.0499777131030318
1208,3.91E-07,1.82E-08,1.46906350184877,2.60729734323065,0.893847647153053,0.0237246048893024
1209,8.58E-07,1.15E-07,0.614141703462897,2.74111365403569,0.954314955931086,0.0474571728767416
1210,1.61E-06,1.35E-07,0.675168407019117,2.90187545130717,0.971680087742689,0.0430721420456697
1211,9.24E-07,9.62E-08,0.0963904596612435,2.37769671357935,0.942923040859226,0.0460650327110616
1212,6.03E-06,1.82E-07,0.815696454816951,2.76222639612302,0.975622597264051,0.0841407338312575
1213,8.87E-07,6.94E-08,1.11339381550198,2.75583124979407,0.933620529211504,0.0388282906480566
1214,9.79E-07,1.74E-07,2,2.86539629535952,0.975141824766673,0.080263065200347
1215,6.13E-07,4.40E-08,0.848742422482005,2.6333207024873,0.91061586321772,0.0373390852976366
1216,1.30E-06,1.07E-07,1.26891681973241,3.23775090804949,0.963887463066195,0.0325892445935951
1217,8.87E-07,6.94E-08,1.11339381550198,2.75583124979407,0.933620529211504,0.0388282906480566
1218,1.21E-06,1.02E-07,0.972567126588197,3.07564320749385,0.958851715681944,0.0341427547425138
1219,1.65E-06,1.78E-07,2,3.2787129373966,0.972256149458668,0.0360478587126285
1220,3.60E-06,2.09E-07,0.144716534384723,2.77126488067569,0.988123682592685,0.0717158822274515
1221,1.33E-06,1.90E-07,2,3.10433902258758,0.9763437055565,0.0455700325694939
1222,6.43E-07,3.69E-08,1.18974063081147,2.6649901890674,0.904696061594559,0.0411759117643631
1223,1.62E-06,1.24E-07,1.43028134665298,3.33591861087532,0.967672026739733,0.0352317336445662
1224,1.58E-06,1.55E-07,0.654445476490304,2.89709175825818,0.95545395734359,0.0340994304239198
1225,1.54E-06,1.17E-07,1.53670990348005,3.28618082725713,0.965289299236956,0.0334736653833311
1226,2.03E-06,1.99E-07,0.950619318656604,3.18154753342255,0.973898727978493,0.0345123086465435
1227,7.36E-07,4.27E-08,0.978180818729991,2.69635413541972,0.918098273706312,0.0482171920073355
1228,1.58E-06,1.55E-07,0.654445476490304,2.89709175825818,0.95545395734359,0.0340994304239198
1229,1.10E-06,7.40E-08,0.165236215658249,3.06408892910141,0.955281402767804,0.0409479969860616
1230,1.48E-06,1.12E-07,1.4210568035401,3.24853958739087,0.962162099738787,0.0333873248313388
1231,1.49E-06,7.88E-08,1.23053809929015,2.60002744530937,0.951038941189476,0.0436657877042898
1232,1.01E-06,7.74E-08,0.545454932284948,2.54447478120953,0.942462799754291,0.0485060007834889
1233,1.53E-06,1.34E-07,1.07887460404332,3.22341591669244,0.97038973979385,0.0400975279815867
1234,4.56E-07,3.73E-08,1.24415208253001,2.53596845725871,0.909866707000025,0.028346131236652
1235,4.98E-07,3.01E-08,2,2.64957537946157,0.913990657316045,0.0439932632816499
1236,1.17E-06,8.96E-08,1.33100460680501,3.17741891815244,0.955405835585447,0.0302885734812428
1237,8.42E-07,1.08E-07,0.671995853069841,3.06525378465404,0.947920409245305,0.0425234594122959
1238,1.42E-06,1.24E-07,0.230590540105166,3.12519054718024,0.972531906072731,0.0430275720075952
1239,8.50E-07,7.24E-08,0.699002795568077,2.78921006654192,0.943842902509347,0.0435739404029668
1240,9.64E-07,5.69E-08,1.1508111708689,2.79104633690715,0.931193038418688,0.0469331165285709
1241,7.44E-07,6.28E-08,0.351924029382826,3.09537372251341,0.95246739292016,0.0457786690143646
1242,6.99E-07,4.85E-08,1.46026202894993,3.07006933995262,0.925736987397944,0.0430931862142058
1243,6.49E-07,4.45E-08,1.11712092663697,3.11578058922461,0.935847490715538,0.04401729619943
1244,1.25E-06,1.08E-07,0.425116197979163,3.04044921754663,0.961427243524921,0.0329627742228875
1245,9.64E-07,6.17E-08,0.260654178060472,2.51600263196326,0.938490684604164,0.0354443657606599
1246,6.79E-07,2.96E-08,1.2568595771211,2.5380228468721,0.911664449732356,0.0394166840645305
1247,8.27E-07,5.65E-08,0.894189691844738,2.41622004271549,0.926365879334594,0.0404191241932653
1248,1.19E-06,6.19E-08,1.46873968673512,2.44084482047158,0.940860129173414,0.0301275415919579
1249,6.85E-07,5.66E-08,1.02109104443702,2.21298697545266,0.925233062158685,0.0264166182346255
1250,1.19E-06,6.19E-08,1.46873968673512,2.44084482047158,0.940860129173414,0.0301275415919579
1251,8.00E-07,8.17E-08,0.400310473684174,3.05348376121649,0.953402035832843,0.0530556635682263
1252,7.03E-07,4.70E-08,0.316767058138803,2.97000962275557,0.927819093949353,0.0453870776978637
1253,7.78E-07,4.68E-08,1.30162797781846,3.0003605490847,0.916093527110836,0.0405219565881302
1254,1.32E-06,1.05E-07,1.23697562121565,3.01999369950136,0.962280926752431,0.0311627701742027
1255,1.49E-06,1.07E-07,1.47719244495472,3.29552115894631,0.962779173734822,0.03134246435794
1256,6.87E-07,5.05E-08,1.36680800287121,3.1475117419047,0.924010761799634,0.0315026206852941
1257,2.23E-06,1.94E-07,0.291502285138802,3.19328984109194,0.975194541586879,0.0380513437639017
1258,8.96E-07,8.81E-08,0.503389613762902,3.14758509625535,0.949515878670518,0.0284841854630417
1259,3.73E-06,1.96E-07,1.20173186439221,2.92105301775503,0.962174829735415,0.0380688038436731
1260,1.54E-06,1.17E-07,1.53670990348005,3.28618082725713,0.965289299236956,0.0334736653833311
1261,4.76E-07,4.36E-08,1.18106891876369,2.91059038429413,0.912626956853205,0.0396326537256857
1262,1.15E-06,7.19E-08,1.286372683204,3.03547153823282,0.947343948494733,0.0369714044596492
1263,7.42E-07,5.47E-08,1.01501121782205,2.80847232708585,0.919486305229377,0.0374716927922705
1264,9.07E-07,5.66E-08,1.26168062751229,2.76099950496014,0.933769274651133,0.0314624945454969
1265,1.26E-06,9.30E-08,1.16319763617898,3.01332730032181,0.959492871978573,0.030197028735282
1266,1.52E-06,8.87E-08,1.81749098029807,2.84253230131488,0.954399121725747,0.0551050937669111
1267,4.82E-06,1.84E-07,1.17192776261455,2.68231750295026,0.974415561523385,0.0421001686927902
1268,1.23E-06,1.15E-07,1.21130320343689,3.39066375133746,0.962944410133844,0.0317271595869658
1269,1.15E-06,9.34E-08,1.3525623210263,3.27265174547969,0.958139110783669,0.0315599180379048
1270,1.19E-06,8.85E-08,1.36600984946473,3.15441193713184,0.956028406312515,0.0296993558262745
1271,7.42E-07,5.47E-08,1.01501121782205,2.80847232708585,0.919486305229377,0.0374716927922705
1272,1.52E-06,1.34E-07,0.696658105857307,3.14727778839012,0.973402821587782,0.0541537951762159
1273,1.21E-06,1.02E-07,0.972567126588197,3.07564320749385,0.958851715681944,0.0341427547425138
1274,1.15E-06,9.34E-08,1.3525623210263,3.27265174547969,0.958139110783669,0.0315599180379048
1275,7.39E-07,5.46E-08,0.629304325779406,3.14506210589502,0.945803026680209,0.0516687910579999
1276,1.19E-06,6.19E-08,1.46873968673512,2.44084482047158,0.940860129173414,0.0301275415919579
1277,3.71E-06,1.91E-07,1.15685493323787,2.37635261110907,0.963356837586439,0.0436803641424597
1278,1.49E-06,7.88E-08,1.23053809929015,2.60002744530937,0.951038941189476,0.0436657877042898
1279,7.62E-07,3.88E-08,1.19633020669144,2.68759038875874,0.922201959514903,0.0414603496849734
1280,1.56E-06,1.03E-07,1.52214210360848,3.28799804201568,0.963849278899272,0.0304317133970239
1281,3.60E-06,2.09E-07,0.144716534384723,2.77126488067569,0.988123682592685,0.0717158822274515
1282,1.15E-06,9.34E-08,1.3525623210263,3.27265174547969,0.958139110783669,0.0315599180379048
1283,4.02E-06,2.12E-07,0.868817380515734,3.02687223501849,0.971523326174263,0.0468152310312073
1284,7.33E-07,4.14E-08,0.850242587917215,2.76676937311125,0.924808410541251,0.0430353259967712
1285,2.16E-06,1.72E-07,0.886500302332293,3.26259562750641,0.968512609432225,0.0319683056223201
1286,2.03E-06,1.99E-07,0.950619318656604,3.18154753342255,0.973898727978493,0.0345123086465435
1287,1.21E-06,9.57E-08,1.06335237393955,3.10936526424159,0.957108403905169,0.0280047935280499
1288,1.25E-06,1.08E-07,0.425116197979163,3.04044921754663,0.961427243524921,0.0329627742228875
1289,6.87E-07,5.05E-08,1.36680800287121,3.1475117419047,0.924010761799634,0.0315026206852941
1290,9.59E-07,7.18E-08,1.04648524138172,3.23896392728352,0.963553636837592,0.040136285805811
1291,7.79E-07,7.57E-08,0.373557174669888,3.06584687792364,0.952283839911265,0.0437445300301053
1292,1.82E-06,1.80E-07,2,2.76760723821349,0.949764648698187,0.0300229960826303
1293,2.35E-06,2.02E-07,0.549645646590119,3.248241110315,0.981006653774334,0.0477179866843511
1294,1.23E-06,9.02E-08,1.17753406051966,3.03042482250825,0.957370081246605,0.0297804382915295
1295,2.92E-06,2.12E-07,0.870909597564027,3.32466640239753,0.978325781620141,0.0385385283204774
1296,5.94E-07,4.31E-08,1.28096431691587,2.90321125106037,0.916667922568372,0.0395344003834676
1297,7.05E-07,5.64E-08,0.413684937819184,3.15110246271764,0.949033946908736,0.0486690940342853
1298,3.60E-06,2.09E-07,0.144716534384723,2.77126488067569,0.988123682592685,0.0717158822274515
1299,1.73E-06,1.66E-07,2,3.00026797746705,0.961735338485637,0.0260455429399999
1300,1.39E-06,1.12E-07,1.27371632526595,3.02541978867842,0.964056861634215,0.0359981382434156
1301,7.05E-07,5.64E-08,0.413684937819184,3.15110246271764,0.949033946908736,0.0486690940342853
1302,8.58E-07,1.15E-07,0.614141703462897,2.74111365403569,0.954314955931086,0.0474571728767416
1303,6.03E-06,1.82E-07,0.815696454816951,2.76222639612302,0.975622597264051,0.0841407338312575
1304,1.34E-06,9.41E-08,1.24751132009337,3.24230252887352,0.960272956159825,0.0289254703123871
1305,1.94E-06,1.83E-07,0.698831862288343,3.15965621894197,0.974112751317864,0.0505703586253558
1306,2.11E-06,1.64E-07,0.0902217142621841,2.8532645039985,0.968095031316659,0.0298154879279589
1307,2.33E-06,1.81E-07,0.764865634493515,2.92385195271929,0.968705070283598,0.0496607800013443
1308,1.48E-06,1.12E-07,1.4210568035401,3.24853958739087,0.962162099738787,0.0333873248313388
1309,6.13E-07,4.40E-08,0.848742422482005,2.6333207024873,0.91061586321772,0.0373390852976366
1310,6.70E-07,6.04E-08,0.602006396100212,2.94630769133408,0.934412073471674,0.0334019093229614
1311,1.54E-06,1.32E-07,0.523154111174316,2.98509644860544,0.965985297449948,0.0366599854669561
1312,8.58E-07,1.15E-07,0.614141703462897,2.74111365403569,0.954314955931086,0.0474571728767416
1313,7.79E-07,7.57E-08,0.373557174669888,3.06584687792364,0.952283839911265,0.0437445300301053
1314,1.81E-06,1.75E-07,0.554768993324381,2.98303706828555,0.964944928431344,0.0262734417763539
1315,1.40E-06,8.83E-08,1.23525936545714,3.16462305414632,0.969202298126041,0.0411827158527947
1316,3.73E-06,1.96E-07,1.20173186439221,2.92105301775503,0.962174829735415,0.0380688038436731
1317,2.14E-06,1.95E-07,0.602036203480168,3.36881090446215,0.978782001734507,0.037012299718608
1318,5.79E-07,4.95E-08,0.127010406745333,2.82991994512976,0.931310962051598,0.045031755096683
1319,2.04E-06,1.58E-07,1.19064089025322,3.26831116431634,0.977856983051915,0.0447107556866172
1320,2.04E-06,1.58E-07,1.19064089025322,3.26831116431634,0.977856983051915,0.0447107556866172
1321,1.43E-06,1.14E-07,1.00864914107578,3.1529920674191,0.965487314031038,0.0332838419110776
1322,1.86E-06,1.79E-07,2,2.21314827140546,0.962228243670176,0.0491394061248455
1323,1.34E-06,9.41E-08,1.24751132009337,3.24230252887352,0.960272956159825,0.0289254703123871
1324,4.15E-06,2.07E-07,1.15812270866595,2.97359817218935,0.968173463826555,0.0395552354799605
1325,6.72E-07,6.96E-08,0.83487767932368,2.8297455934808,0.926920173779576,0.0404397676818701
1326,1.55E-06,1.25E-07,1.32105133767171,3.39822565187386,0.966232292438667,0.0344034049828436
1327,3.63E-06,1.99E-07,0.901087751780794,2.84497593130085,0.971642454392757,0.0446031762470363
1328,1.49E-06,1.01E-07,1.4668860489265,2.92283113714277,0.962886652838535,0.0330319985798846
1329,1.35E-06,1.46E-07,1.48662449952598,3.01013218837727,0.943604981957194,0.0171125457510682
1330,1.21E-06,8.52E-08,1.18545586230916,3.44556855641532,0.964876684287663,0.0451333863619616
1331,4.87E-07,2.14E-08,0.302943151319182,2.59940249637624,0.909565965160726,0.0546814836489317
1332,7.25E-07,6.29E-08,0.945111068424856,2.69983369483224,0.932044302383164,0.0348992992072502
1333,1.43E-06,1.24E-07,1.26248773983848,3.01006433282524,0.96496389967156,0.0299986006937637
1334,1.42E-06,1.24E-07,0.230590540105166,3.12519054718024,0.972531906072731,0.0430275720075952
1335,1.69E-06,1.68E-07,0.613904811493493,3.03967256476007,0.970089461875626,0.041688380010818
1336,4.43E-06,1.98E-07,0.954340537572447,2.94032115895012,0.969803023535687,0.0657680238320109
1337,9.18E-07,4.28E-08,1.05012596169141,2.36924384424797,0.920891455625172,0.0505849775960081
1338,6.13E-07,4.40E-08,0.848742422482005,2.6333207024873,0.91061586321772,0.0373390852976366
1339,1.51E-06,1.11E-07,1.47211910991963,3.35598331850607,0.963820342628644,0.031433793432612
1340,8.96E-07,8.81E-08,0.503389613762902,3.14758509625535,0.949515878670518,0.0284841854630417
1341,2.76E-06,2.13E-07,0.368582926080013,3.35821728503799,0.972969380227101,0.0503998605572446
1342,1.39E-06,1.05E-07,1.52552394448798,3.10441007790234,0.960709527776679,0.0345085703031441
1343,6.66E-07,7.26E-08,0.8060018161223,3.04437309940756,0.929492581454524,0.0493461980471609
1344,6.99E-07,4.85E-08,1.46026202894993,3.07006933995262,0.925736987397944,0.0430931862142058
1345,1.34E-06,9.23E-08,1.44993117350575,3.16460781459474,0.96133627227793,0.032896654172801
1346,1.32E-06,1.05E-07,1.23697562121565,3.01999369950136,0.962280926752431,0.0311627701742027
1347,1.81E-06,1.28E-07,1.15530456687997,3.33749233731897,0.966610175216505,0.0406865297921484
1348,6.03E-06,1.82E-07,0.815696454816951,2.76222639612302,0.975622597264051,0.0841407338312575
1349,5.25E-07,1.31E-08,1.19802278084964,2.60223581501713,0.914208763944405,0.0486638242442771
1350,1.42E-06,1.24E-07,0.230590540105166,3.12519054718024,0.972531906072731,0.0430275720075952
1351,4.76E-07,4.36E-08,1.18106891876369,2.91059038429413,0.912626956853205,0.0396326537256857
1352,3.88E-06,2.07E-07,0.883378258391304,3.00634545518534,0.986899568718062,0.0658042466369371
1353,7.42E-07,5.47E-08,1.01501121782205,2.80847232708585,0.919486305229377,0.0374716927922705
1354,1.94E-06,1.83E-07,0.698831862288343,3.15965621894197,0.974112751317864,0.0505703586253558
1355,7.44E-07,6.28E-08,0.351924029382826,3.09537372251341,0.95246739292016,0.0457786690143646
1356,4.15E-06,2.07E-07,1.15812270866595,2.97359817218935,0.968173463826555,0.0395552354799605
1357,7.25E-07,6.29E-08,0.945111068424856,2.69983369483224,0.932044302383164,0.0348992992072502
1358,1.15E-06,7.19E-08,1.286372683204,3.03547153823282,0.947343948494733,0.0369714044596492
1359,6.62E-07,5.89E-08,0.456630448959892,2.97127171824294,0.930305190525594,0.0486791151599436
1360,6.99E-07,4.85E-08,1.46026202894993,3.07006933995262,0.925736987397944,0.0430931862142058
1361,2.11E-06,1.93E-07,0.76449955522615,2.6160237002476,0.958282371137831,0.0528929394194643
1362,4.56E-07,3.73E-08,1.24415208253001,2.53596845725871,0.909866707000025,0.028346131236652
1363,1.54E-06,1.32E-07,0.523154111174316,2.98509644860544,0.965985297449948,0.0366599854669561
1364,1.61E-06,1.26E-07,0.806241963190729,3.01252135670947,0.962656562946967,0.0301290578813682
1365,6.43E-07,3.69E-08,1.18974063081147,2.6649901890674,0.904696061594559,0.0411759117643631
1366,1.52E-06,1.34E-07,0.696658105857307,3.14727778839012,0.973402821587782,0.0541537951762159
1367,3.46E-06,1.96E-07,0.71588794508396,2.78195897997002,0.964648182474333,0.0403643594414002
1368,1.39E-06,1.65E-07,2,2.91363588087494,0.967385525014853,0.0368768933736546
1369,9.24E-07,9.62E-08,0.0963904596612435,2.37769671357935,0.942923040859226,0.0460650327110616
1370,1.87E-06,1.64E-07,2,3.17624954249527,0.978545577681036,0.0501238449635424
1371,1.35E-06,1.13E-07,0.34804815958081,3.23627472738417,0.961648607379415,0.0351391385496331
1372,1.04E-06,8.33E-08,0.641238221466259,2.77641860268279,0.947847914301098,0.0532001468952561
1373,1.15E-06,9.34E-08,1.3525623210263,3.27265174547969,0.958139110783669,0.0315599180379048
1374,5.25E-07,1.31E-08,1.19802278084964,2.60223581501713,0.914208763944405,0.0486638242442771
1375,8.96E-07,8.81E-08,0.503389613762902,3.14758509625535,0.949515878670518,0.0284841854630417
1376,7.39E-07,5.46E-08,0.629304325779406,3.14506210589502,0.945803026680209,0.0516687910579999
1377,8.80E-07,2.55E-08,1.43063137750836,2.16759082097858,0.912900149465974,0.0499777131030318
1378,8.05E-07,5.36E-08,1.08981291011663,2.77217534210606,0.923487341178173,0.0376731284101058
1379,6.20E-07,5.82E-08,0.74280671180278,2.88261159224949,0.926696794632478,0.0365424450747679
1380,3.46E-06,1.96E-07,0.71588794508396,2.78195897997002,0.964648182474333,0.0403643594414002
1381,5.92E-07,3.76E-08,1.10348633980407,2.7471494585647,0.91289147945818,0.0424078085047753
1382,8.83E-07,6.22E-08,1.37806146641516,2.77670397804818,0.93623719735311,0.0267451395153373
1383,3.46E-06,1.96E-07,0.71588794508396,2.78195897997002,0.964648182474333,0.0403643594414002
1384,1.54E-06,1.17E-07,1.53670990348005,3.28618082725713,0.965289299236956,0.0334736653833311
1385,1.50E-06,1.69E-07,1.17578606268996,2.82505627427041,0.964669942252883,0.0315469326832664
1386,1.87E-06,1.64E-07,2,3.17624954249527,0.978545577681036,0.0501238449635424
1387,1.40E-06,1.16E-07,1.17368344737899,3.28821265547303,0.962235563547545,0.0324129946566139
1388,2.03E-06,1.75E-07,0.876182932296862,2.78554055407225,0.971381527355255,0.0395751849939396
1389,2.76E-06,2.13E-07,0.368582926080013,3.35821728503799,0.972969380227101,0.0503998605572446
1390,7.17E-07,6.98E-08,0.708059687905234,3.08912203069143,0.921382760640082,0.0361596748636582
1391,1.58E-06,1.55E-07,0.654445476490304,2.89709175825818,0.95545395734359,0.0340994304239198
1392,5.90E-07,3.26E-08,1.06480265717243,3.13081518334535,0.937425657563813,0.0422881728625846
1393,1.43E-06,1.24E-07,1.26248773983848,3.01006433282524,0.96496389967156,0.0299986006937637
1394,1.69E-06,1.68E-07,0.613904811493493,3.03967256476007,0.970089461875626,0.041688380010818
1395,5.71E-07,2.60E-08,1.23103977836204,3.09008972105554,0.919172327734321,0.0454810354864771
1396,8.96E-07,8.81E-08,0.503389613762902,3.14758509625535,0.949515878670518,0.0284841854630417
1397,5.71E-07,2.60E-08,1.23103977836204,3.09008972105554,0.919172327734321,0.0454810354864771
1398,8.05E-07,5.36E-08,1.08981291011663,2.77217534210606,0.923487341178173,0.0376731284101058
1399,5.10E-07,4.70E-08,1.47281335319646,2.04506151369378,0.915652126898494,0.00527506252328414
1400,1.21E-06,1.02E-07,0.972567126588197,3.07564320749385,0.958851715681944,0.0341427547425138
1401,2.03E-06,1.75E-07,0.876182932296862,2.78554055407225,0.971381527355255,0.0395751849939396
1402,2.76E-06,2.13E-07,0.368582926080013,3.35821728503799,0.972969380227101,0.0503998605572446
1403,1.35E-06,1.13E-07,0.34804815958081,3.23627472738417,0.961648607379415,0.0351391385496331
1404,2.28E-06,2.03E-07,2,2.89181516286999,0.967575653648271,0.0384404112139585
1405,1.21E-06,9.57E-08,1.06335237393955,3.10936526424159,0.957108403905169,0.0280047935280499
1406,6.72E-07,6.96E-08,0.83487767932368,2.8297455934808,0.926920173779576,0.0404397676818701
1407,1.54E-06,1.72E-07,0.406258207102845,3.3451274190744,0.97470972671018,0.0410889644866461
1408,1.15E-06,7.19E-08,1.286372683204,3.03547153823282,0.947343948494733,0.0369714044596492
1409,9.85E-07,7.68E-08,0.129990353595333,2.95887118720129,0.949001605594941,0.0365223863005224
1410,2.04E-06,1.58E-07,1.19064089025322,3.26831116431634,0.977856983051915,0.0447107556866172
1411,1.33E-06,1.90E-07,2,3.10433902258758,0.9763437055565,0.0455700325694939
1412,1.34E-06,9.23E-08,1.44993117350575,3.16460781459474,0.96133627227793,0.032896654172801
1413,1.63E-06,1.01E-07,1.02485217162809,2.85800232059455,0.965288249672397,0.0402077746643622
1414,1.27E-06,1.30E-07,1.40165957838725,2.98427695570283,0.951397254487025,0.0242638762113124
1415,1.82E-06,1.80E-07,2,2.76760723821349,0.949764648698187,0.0300229960826303
1416,1.15E-06,9.34E-08,1.3525623210263,3.27265174547969,0.958139110783669,0.0315599180379048
1417,2.23E-06,2.05E-07,2,2.88403199151901,0.972171518520301,0.0478839015506058
1418,1.68E-06,1.88E-07,2,2.97924151685722,0.959911905928078,0.0361879583978758
1419,3.71E-06,1.91E-07,1.15685493323787,2.37635261110907,0.963356837586439,0.0436803641424597
1420,2.94E-06,1.66E-07,1.13384313499646,2.63204876912168,0.97096034420798,0.0424129737606463
1421,2.11E-06,1.96E-07,0.394415214963515,3.12151403898736,0.962293984978837,0.0324726529463251
1422,1.67E-06,1.31E-07,1.23274660363802,3.22663376910773,0.969548593148755,0.039923763644246
1423,1.34E-06,9.23E-08,1.44993117350575,3.16460781459474,0.96133627227793,0.032896654172801
1424,4.52E-07,7.00E-08,2,3.3414090051511,0.922806168722846,0.0386043960000945
1425,6.87E-07,5.05E-08,1.36680800287121,3.1475117419047,0.924010761799634,0.0315026206852941
1426,1.54E-06,1.72E-07,0.406258207102845,3.3451274190744,0.97470972671018,0.0410889644866461
1427,5.94E-07,4.31E-08,1.28096431691587,2.90321125106037,0.916667922568372,0.0395344003834676
1428,1.30E-06,9.65E-08,0.99964724172719,2.98511113790797,0.958495370136473,0.0321257520436035
1429,6.96E-07,6.91E-08,1.76603529023847,2.94137050099259,0.927680346705103,0.0403753462410121
1430,1.46E-06,1.67E-07,2,2.8327897535529,0.970755423375218,0.0520802064962346
1431,1.52E-06,8.87E-08,1.81749098029807,2.84253230131488,0.954399121725747,0.0551050937669111
1432,7.17E-07,6.98E-08,0.708059687905234,3.08912203069143,0.921382760640082,0.0361596748636582
1433,7.52E-07,6.95E-08,1.26447487734541,3.16308316300939,0.938252890956591,0.0212235978244479
1434,7.17E-07,6.98E-08,0.708059687905234,3.08912203069143,0.921382760640082,0.0361596748636582
1435,1.52E-06,8.87E-08,1.81749098029807,2.84253230131488,0.954399121725747,0.0551050937669111
1436,7.33E-07,4.14E-08,0.850242587917215,2.76676937311125,0.924808410541251,0.0430353259967712
1437,3.60E-06,2.09E-07,0.144716534384723,2.77126488067569,0.988123682592685,0.0717158822274515
1438,1.36E-06,1.59E-07,1.33514146448542,2.85765779820109,0.964975800228565,0.036563832935217
1439,7.79E-07,7.57E-08,0.373557174669888,3.06584687792364,0.952283839911265,0.0437445300301053
1440,1.36E-06,1.84E-07,0.61613387401263,2.53752643879256,0.966072149912973,0.0338657893609721
1441,5.44E-07,5.68E-08,0.731046844530999,2.96859302472666,0.916366847716082,0.0284374252462727
1442,1.69E-06,1.68E-07,0.613904811493493,3.03967256476007,0.970089461875626,0.041688380010818
1443,1.24E-06,8.80E-08,0.208464308785068,3.32247995068186,0.963588198044713,0.0382866977746942
1444,6.13E-07,4.40E-08,0.848742422482005,2.6333207024873,0.91061586321772,0.0373390852976366
1445,1.29E-06,9.87E-08,1.43705819099961,3.28454693524666,0.962240698746859,0.0349799338004878
1446,1.05E-06,7.22E-08,0.75925379862469,3.11621498256411,0.955524457705731,0.0468509100136256
1447,1.35E-06,1.46E-07,1.48662449952598,3.01013218837727,0.943604981957194,0.0171125457510682
1448,1.30E-06,9.65E-08,0.99964724172719,2.98511113790797,0.958495370136473,0.0321257520436035
1449,1.45E-06,1.15E-07,1.39605227080716,3.11082821170535,0.965872246512364,0.0347990445601887
1450,6.49E-07,4.45E-08,1.11712092663697,3.11578058922461,0.935847490715538,0.04401729619943
1451,6.79E-07,2.96E-08,1.2568595771211,2.5380228468721,0.911664449732356,0.0394166840645305
1452,3.07E-06,1.97E-07,0.959243103762734,2.784623486016,0.971159888586811,0.0378663543258994
1453,2.11E-06,1.64E-07,0.0902217142621841,2.8532645039985,0.968095031316659,0.0298154879279589
1454,4.21E-06,1.93E-07,2,2.94483755476764,0.988119084746363,0.100217047063314
1455,1.40E-06,1.18E-07,1.31232510581399,2.96418173095858,0.965743319813337,0.0318669042178817
1456,1.39E-06,1.12E-07,1.27371632526595,3.02541978867842,0.964056861634215,0.0359981382434156
1457,7.40E-07,6.43E-08,0.790100840787227,2.84026691067071,0.927707052484072,0.0389756432855282
1458,1.47E-06,1.18E-07,1.43010952187787,3.24482893282978,0.967133838254562,0.0326511082486284
1459,2.92E-06,2.12E-07,0.870909597564027,3.32466640239753,0.978325781620141,0.0385385283204774
1460,1.27E-06,1.30E-07,1.40165957838725,2.98427695570283,0.951397254487025,0.0242638762113124
1461,6.56E-07,4.02E-08,0.0969365019912717,2.45274412596956,0.921352977350336,0.0531219944665942
1462,1.36E-06,1.84E-07,0.61613387401263,2.53752643879256,0.966072149912973,0.0338657893609721
1463,9.64E-07,5.69E-08,1.1508111708689,2.79104633690715,0.931193038418688,0.0469331165285709
1464,1.63E-06,1.02E-07,1.11601157037538,2.81299325841455,0.966908590721946,0.0429117820248365
1465,2.16E-06,1.72E-07,0.886500302332293,3.26259562750641,0.968512609432225,0.0319683056223201
1466,1.29E-06,9.87E-08,1.43705819099961,3.28454693524666,0.962240698746859,0.0349799338004878
1467,1.61E-06,1.35E-07,0.675168407019117,2.90187545130717,0.971680087742689,0.0430721420456697
1468,1.09E-06,9.65E-08,0.154206780074588,2.97659787938642,0.94932743436865,0.0428194918836738
1469,2.23E-06,1.94E-07,0.291502285138802,3.19328984109194,0.975194541586879,0.0380513437639017
1470,1.18E-06,9.17E-08,1.40131133169074,3.02146619823902,0.960261524723958,0.0305547697965169
1471,1.20E-06,1.14E-07,1.40325034265049,3.2840995838071,0.950422527984894,0.041038572160918
1472,9.93E-07,7.67E-08,1.24469787105271,3.1185796224504,0.935155065121302,0.0413694912000181
1473,8.80E-07,2.55E-08,1.43063137750836,2.16759082097858,0.912900149465974,0.0499777131030318
1474,7.33E-07,4.14E-08,0.850242587917215,2.76676937311125,0.924808410541251,0.0430353259967712
