,0,1,2,3,4,"comp_4x4"
0,3.69E-07,3.43E-08,1.05328166276338,3.08857154992577,0.922452386673408,0.0350426043973205
1,3.79E-07,2.72E-08,1.38390574254765,3.05073551674077,0.921512735558778,0.0335979363976601
2,5.51E-07,6.70E-08,2,3.28840504311859,0.953614403594736,0.0537654249271823
3,4.19E-07,5.31E-08,1.07523988991873,3.18113642777533,0.937067327361714,0.0463101393266333
4,1.41E-06,1.28E-07,1.29613279089791,3.87559633118249,0.982986736034692,0.0824076327179424
5,9.92E-07,9.70E-08,1.18743253367076,3.84515860439582,0.975829992119697,0.0834538036785898
6,1.03E-06,1.67E-07,2,3.31972282888161,0.98894033056793,0.114653188748399
7,9.92E-07,1.86E-07,2,3.67476060476955,0.993320731524606,0.16185379666986
8,3.76E-07,5.86E-08,1.04354944091287,3.28171464319697,0.943890279602427,0.0565402983441738
9,3.80E-07,5.78E-08,2,3.21658690987343,0.941016884838332,0.0604315755988717
10,3.75E-07,5.76E-08,1.15843134775856,3.29830722767124,0.941969301634196,0.0655879714701361
11,4.18E-07,4.26E-08,1.39920703327129,3.46191667647712,0.932920733947686,0.0450180501483978
12,5.73E-07,5.42E-08,1.52468491579232,3.36004963138876,0.936406843664875,0.0446846643090247
13,5.03E-07,4.09E-08,1.46129883701994,3.03959550115106,0.931217881759377,0.041059961319421
14,5.21E-07,5.88E-08,0.65333655425385,3.28314260811894,0.940811602060566,0.0470155842788803
15,6.11E-07,5.75E-08,1.38213911629236,3.31366160187795,0.939181075917247,0.0425978827256142
16,6.06E-07,4.38E-08,0.766565866251177,2.71476928033666,0.926658101057138,0.0341482125812559
17,5.00E-07,3.49E-08,1.63738988254891,2.61623390997102,0.919903115179202,0.0278827036139233
18,7.25E-07,5.53E-08,0.662048909701689,2.8859988386962,0.935370264361368,0.0436400981968695
19,6.64E-07,4.68E-08,1.53974200424844,2.7508358444998,0.928781715142132,0.0392830162393139
20,1.07E-06,1.53E-07,2,3.13685761009079,0.983459235162335,0.0920421696895903
21,1.05E-06,1.53E-07,2,3.18838772247618,0.9834786887344,0.0894517106187772
22,9.28E-07,1.24E-07,1.51949112839584,3.73259942252066,0.957220019689518,0.055579760250392
23,7.98E-07,1.17E-07,1.51625589018594,3.74971438015695,0.954718133053853,0.052788064097933
24,7.79E-07,4.50E-08,1.22760111890526,3.37378712194141,0.95527825983872,0.0462548565682488
25,6.73E-07,3.44E-08,1.39363804377535,3.35781328424226,0.948919077838904,0.0436686844346177
26,6.69E-07,4.57E-08,2,3.2766924246485,0.948833994277885,0.0480286300330498
27,6.58E-07,4.38E-08,2,3.27412073358546,0.950645788461299,0.0507442868008323
28,3.69E-07,3.43E-08,1.05328166276338,3.08857154992577,0.922452386673408,0.0350426043973205
29,3.79E-07,2.72E-08,1.38390574254765,3.05073551674077,0.921512735558778,0.0335979363976601
30,5.51E-07,6.70E-08,2,3.28840504311859,0.953614403594736,0.0537654249271823
31,4.19E-07,5.31E-08,1.07523988991873,3.18113642777533,0.937067327361714,0.0463101393266333
32,3.74E-07,2.38E-08,1.49348385128534,3.19076430564205,0.912828824994587,0.0175979598006756
33,3.28E-07,3.60E-08,1.59486150857971,3.27556724704316,0.916972928912346,0.0158731779501908
34,6.63E-07,4.76E-08,1.63930713567799,3.34488864841909,0.94464740964939,0.0377774089923616
35,6.34E-07,4.01E-08,1.59560592975462,3.23904787170151,0.946690087343767,0.0400637918027997
36,8.98E-07,8.59E-08,2,3.23312644475624,0.966916719232162,0.0589565853616565
37,9.43E-07,6.94E-08,0.435872411447175,3.37953064134664,0.957198651362869,0.0592711442633271
38,2.40E-07,1.77E-08,0.246510501854276,2.77073183781604,0.903769860383037,0.0134983605573514
39,2.68E-07,1.89E-08,2,2.72394824798893,0.903177919916381,0.0277382093392579
40,2.72E-07,1.45E-08,1.62644033410848,2.37940692861152,0.901623375973507,0.013715102354778
41,2.70E-07,1.85E-08,1.5238682435413,2.7620768886791,0.909622947844303,0.0187163641883695
42,5.39E-07,7.21E-08,1.13364442150241,3.52213660065174,0.950457449016745,0.0455283943452407
43,3.63E-07,2.53E-08,1.54375723507937,2.8423855777704,0.920696308702201,0.0236187112983305
44,4.91E-07,6.50E-08,0.7616009223679,3.27326407346277,0.94988169245543,0.0531895132277412
45,3.54E-07,3.15E-08,1.47312288188132,3.16440965500805,0.931096613297889,0.0339969514474715
46,2.90E-07,1.20E-07,1.30729317854079,3.71142170589891,0.92686285827838,0.067549241578836
47,2.77E-07,1.25E-07,1.45497573665866,3.78698837605853,0.925345838114232,0.0647665837943431
48,3.67E-07,1.07E-07,1.32828889948991,3.77417221102436,0.929126003209578,0.0636444790483097
49,3.41E-07,1.13E-07,1.40037252564904,3.8244808538049,0.92690759579968,0.0628861059478758
50,4.34E-07,4.22E-08,1.51451458591329,3.26082974502457,0.92877234257846,0.0408848394864481
51,4.47E-07,4.93E-08,0.414869633647805,3.14337937953672,0.941298981903272,0.0510425130973939
52,3.26E-07,4.56E-08,2,3.36203615456129,0.929898803449926,0.0478860917569983
53,3.30E-07,3.93E-08,2,3.22552311323883,0.92651995180963,0.0557578715126581
54,4.57E-07,3.10E-08,1.50968734335873,3.06249921912207,0.928401590936144,0.0405855523500499
55,4.20E-07,4.83E-08,1.2872339801279,3.23657713198408,0.940570866651122,0.0525527869578147
56,5.18E-07,5.02E-08,1.26115147275018,3.48038035369315,0.948367973656527,0.0450409082178128
57,4.98E-07,6.81E-08,1.09382032567127,3.4771302907357,0.957563357633142,0.0546892562422061
58,3.49E-07,1.38E-07,1.43611916162752,3.67217286906979,0.937879420503345,0.0734715684061738
59,3.41E-07,1.31E-07,0.749955890411887,3.4980063150744,0.942347921156397,0.0877733993513292
60,4.70E-07,1.17E-07,1.48359399017877,3.6671662958235,0.937273365723237,0.064442897461785
61,3.27E-07,1.32E-07,1.05457350902556,3.5054333798441,0.93976032201448,0.0781374703500665
62,4.29E-07,4.72E-08,0.7807178241143,3.15561245205028,0.925541944291481,0.0478600609520444
63,4.78E-07,4.19E-08,1.54789464791892,3.24071312724895,0.925623589004915,0.0450107590231684
64,4.15E-07,4.07E-08,1.56545486427742,3.35480576581795,0.928653529250617,0.0356001121147135
65,4.76E-07,4.25E-08,1.52893935341556,3.10029267264235,0.920861376076789,0.0475988081891574
66,3.77E-07,9.67E-08,2,3.51708734350829,0.940372032718956,0.0826382092261009
67,4.24E-07,9.89E-08,2,3.4054386769909,0.94724661189366,0.0818398413019066
68,4.81E-07,1.02E-07,1.23183232853694,3.72898415918766,0.941004614542901,0.0657680543279905
69,4.40E-07,9.78E-08,2,3.53004798117854,0.945218947002717,0.0719586357926895
70,8.40E-07,4.99E-08,1.28282114879972,3.1892221419715,0.952796063963582,0.040524112926598
71,4.78E-07,4.25E-08,0.714968358756406,3.28761623144513,0.951611249351611,0.043082176682301
72,5.38E-07,6.40E-08,2,3.03781718499992,0.959994573933862,0.0615296860888165
73,4.19E-07,3.45E-08,2,3.12301266499123,0.944906654282147,0.0424987785860044
74,3.46E-07,2.72E-08,2,2.94805008455117,0.91245903270152,0.0392544743138388
75,3.04E-07,2.43E-08,1.39579838366582,3.02354786807564,0.909268870321938,0.0281666617040243
76,3.82E-07,5.24E-08,2,3.17570556547398,0.93327652878974,0.0498676777960502
77,4.40E-07,4.44E-08,1.09018363342139,3.29733029836956,0.929640689017577,0.0395495763377554
78,6.93E-07,1.44E-07,2,3.36502703792131,0.973033026693559,0.0829812983052283
79,8.84E-07,1.20E-07,1.29689504016537,3.57628244381665,0.95648241840435,0.0545738693753883
80,8.33E-07,1.24E-07,2,3.33418327593395,0.962735627557403,0.0735080241278691
81,7.72E-07,9.54E-08,1.25809090331599,3.51853557318296,0.956250441606159,0.0568694330291311
82,4.35E-07,4.37E-08,1.41813609662922,3.18146751327938,0.931982979344635,0.0391520519026867
83,3.14E-07,2.03E-08,1.66482738244902,2.6984989729374,0.908923366031987,0.0210380490373042
84,4.85E-07,6.40E-08,2,3.07721978490048,0.943783750600829,0.0580583205566477
85,3.49E-07,2.59E-08,1.61695636433042,3.00845278175035,0.913826405219329,0.0212842244739814
86,5.59E-07,3.75E-08,1.5949395749585,3.39687602729747,0.935429400311574,0.0344359175618431
87,8.64E-07,5.31E-08,1.36932354609868,3.40381596521742,0.947086410144071,0.0478209719435553
88,4.61E-07,4.33E-08,2,2.90893878086459,0.93673321968177,0.0679388876327991
89,5.24E-07,6.17E-08,2,3.19723164497662,0.958714913200645,0.0580368228102877
90,6.74E-07,1.28E-07,0.873931064237673,3.50233387813092,0.955463949407086,0.0623214110789238
91,6.02E-07,1.23E-07,2,3.3535562568501,0.954898235333616,0.0772304148488534
92,3.03E-07,1.06E-07,1.09615577279384,3.63401557090649,0.930067849582998,0.0740265698256443
93,5.42E-07,1.13E-07,1.16368708012088,3.64320095038276,0.946249045014263,0.0594129620180968
94,5.05E-07,6.18E-08,1.29043510786136,3.38901739790161,0.951548979805287,0.0528602186257534
95,5.02E-07,9.22E-08,2,3.16058736815365,0.960294966362284,0.0913690443474119
96,5.56E-07,4.77E-08,1.29413169504004,3.25856488139439,0.940737814381075,0.038889784338573
97,5.26E-07,9.49E-08,2,3.35947700577794,0.964437552670751,0.0758479290442496
98,4.08E-07,4.56E-08,1.45835469651094,3.1619147565331,0.920447127761717,0.0270476473141339
99,2.97E-07,5.32E-08,0.488986593313871,3.30285415100331,0.905251107495052,0.0446050624712228
100,4.88E-07,5.78E-08,1.39471067124273,3.41442003776883,0.932062236545749,0.0418272713738406
101,3.02E-07,5.79E-08,2,3.31696036104431,0.908364276889099,0.0449384435942153
102,2.40E-06,1.77E-07,0.98845541982825,3.88714486641326,0.970715505472813,0.111033115311867
103,4.86E-07,6.73E-08,1.47700580449832,2.21204476251464,0.906755008763163,0.0341204733203633
104,8.78E-07,8.41E-08,0.937030010091651,3.42805146268727,0.95750714752366,0.0361171135940481
105,2.15E-07,8.39E-09,1.49195165321728,2.07652069131387,0.891432354629359,0.0287089658074573
106,2.81E-07,1.12E-07,2,3.56686510194098,0.927911712293464,0.0805685434363077
107,3.25E-07,1.14E-07,1.06228295552294,3.64486774033491,0.927705536236243,0.0805095501775522
108,2.86E-07,1.16E-07,1.2735824819544,3.70243446561155,0.926279572643054,0.0790591186919298
109,3.13E-07,1.24E-07,1.4394290642405,3.80179825449892,0.927501687961168,0.0711062806559629
110,4.01E-07,1.26E-07,1.38989828876213,3.76381957257316,0.933987712611858,0.0721392252551614
111,3.88E-07,1.12E-07,1.29188702479529,3.73745978136707,0.941405268296148,0.0659619202790116
112,3.63E-07,1.18E-07,1.42014575927588,3.69144592907996,0.934900890363611,0.0659478409044141
113,3.40E-07,1.27E-07,1.3392327652475,3.6445612967168,0.939040354595746,0.0697718602072539
114,6.63E-07,4.76E-08,1.63930713567799,3.34488864841909,0.94464740964939,0.0377774089923616
115,6.34E-07,4.01E-08,1.59560592975462,3.23904787170151,0.946690087343767,0.0400637918027997
116,8.98E-07,8.59E-08,2,3.23312644475624,0.966916719232162,0.0589565853616565
117,9.43E-07,6.94E-08,0.435872411447175,3.37953064134664,0.957198651362869,0.0592711442633271
118,3.32E-07,2.86E-08,0.456148640352528,3.01364819523619,0.908929676098811,0.0281885411068009
119,3.80E-07,2.40E-08,1.55192123122431,2.83214215668607,0.913240557341846,0.0217866244339336
120,4.20E-07,2.98E-08,2,2.83501189921364,0.911797555697105,0.0278340830439023
121,4.93E-07,3.75E-08,2,2.9598590792716,0.932454001737655,0.05095993988706
122,3.69E-07,3.43E-08,1.05328166276338,3.08857154992577,0.922452386673408,0.0350426043973205
123,3.79E-07,2.72E-08,1.38390574254765,3.05073551674077,0.921512735558778,0.0335979363976601
124,5.51E-07,6.70E-08,2,3.28840504311859,0.953614403594736,0.0537654249271823
125,4.19E-07,5.31E-08,1.07523988991873,3.18113642777533,0.937067327361714,0.0463101393266333
126,2.59E-07,1.38E-08,1.62089457798625,2.58302153549996,0.898059079555941,0.025075139572678
127,2.38E-07,9.55E-09,1.74360313576556,2.13994827499813,0.895647091816066,0.0276957525873985
128,3.29E-07,2.73E-08,1.45042726571202,3.21967193874975,0.928314598045852,0.0330490446759371
129,2.79E-07,2.08E-08,1.60519505276198,3.13378472333169,0.915931542947622,0.0321099014006955
130,4.29E-07,4.72E-08,0.7807178241143,3.15561245205028,0.925541944291481,0.0478600609520444
131,4.78E-07,4.19E-08,1.54789464791892,3.24071312724895,0.925623589004915,0.0450107590231684
132,4.15E-07,4.07E-08,1.56545486427742,3.35480576581795,0.928653529250617,0.0356001121147135
133,4.76E-07,4.25E-08,1.52893935341556,3.10029267264235,0.920861376076789,0.0475988081891574
134,3.30E-07,2.29E-08,0.538357514504428,2.94090189526633,0.911042681459597,0.0360620096023742
135,2.80E-07,3.32E-08,1.62974138306189,3.1485403544952,0.910564727983956,0.041988545218243
136,3.18E-07,4.54E-08,2,3.2404067327146,0.921192124859779,0.0485649721197525
137,2.81E-07,3.77E-08,0.373113836735453,3.16583223429233,0.915045699124571,0.0583382917014088
138,4.71E-07,3.39E-08,1.47279805759108,2.52789109575751,0.926006041979887,0.0251775399245188
139,3.96E-07,2.01E-08,1.51170771391529,2.69273120994134,0.91947329458067,0.0253541742298903
140,4.71E-07,2.22E-08,1.28389326757809,3.13148148685361,0.934214905308283,0.029652165620527
141,3.97E-07,2.48E-08,1.31159798057873,3.24336036634563,0.931747970312933,0.0318271676170082
142,4.30E-07,4.32E-08,1.1216280855137,3.34678722292237,0.92477558463715,0.0340954074254555
143,4.46E-07,4.34E-08,1.69533279707695,3.06107888843307,0.926246910050057,0.0599590666509878
144,4.54E-07,4.36E-08,1.63438760895115,3.17907489715678,0.929402790058666,0.0506365576959472
145,4.93E-07,4.91E-08,1.67801497555543,3.05250184989035,0.933221991856209,0.0633099833080543
146,4.01E-07,4.20E-08,0.972531219815145,3.26522311463957,0.924572111591698,0.0349759922896975
147,3.89E-07,2.71E-08,1.55078220549407,3.02974670236887,0.919120799755471,0.0316965914175836
148,4.33E-07,3.92E-08,2,3.11355509515232,0.928973337936947,0.0379025033527104
149,3.70E-07,3.35E-08,0.478855043495238,3.05758273965085,0.925847670515954,0.0406296669375246
150,3.77E-07,4.05E-08,2,3.06713997025152,0.928153361105,0.0452550135486173
151,4.39E-07,3.60E-08,1.15942461397159,3.15783455362141,0.922621830062601,0.0384397933213007
152,3.78E-07,4.61E-08,2,3.31477127514025,0.927749411669648,0.0468444298483065
153,3.41E-07,4.85E-08,1.2059298799835,3.33281727319174,0.92259739901848,0.0434380611594013
154,6.93E-07,1.44E-07,2,3.36502703792131,0.973033026693559,0.0829812983052283
155,8.84E-07,1.20E-07,1.29689504016537,3.57628244381665,0.95648241840435,0.0545738693753883
156,8.33E-07,1.24E-07,2,3.33418327593395,0.962735627557403,0.0735080241278691
157,7.72E-07,9.54E-08,1.25809090331599,3.51853557318296,0.956250441606159,0.0568694330291311
158,2.89E-07,2.02E-08,1.43616490521564,2.99700675304541,0.915674448721615,0.0267553729324398
159,3.17E-07,1.55E-08,1.53073281294019,2.51020946059162,0.913066984358394,0.0178247980654613
160,2.69E-07,1.40E-08,1.68562282754046,2.50798503423058,0.902378938607607,0.0191973574671898
161,2.94E-07,1.48E-08,1.43461428456726,2.41721801996372,0.903992895060653,0.017027684034615
162,4.65E-07,3.94E-08,2,2.94645117126892,0.935579092767233,0.0482094439196845
163,5.02E-07,3.46E-08,0.956232670844205,3.10125149799286,0.927486483470032,0.0405235137313528
164,3.79E-07,3.42E-08,2,3.01350990119428,0.920631666597566,0.0429850266245463
165,4.51E-07,4.69E-08,2,3.12932565761638,0.935926161296509,0.0440306363735922
166,5.92E-07,7.03E-08,1.19463918579683,3.56301134162242,0.944711461822554,0.0469536315038539
167,6.24E-07,7.99E-08,1.34228944343329,3.34744103862349,0.954867175257692,0.0511484797318009
168,5.45E-07,6.77E-08,1.17624285097923,3.47811814183554,0.942736316483208,0.0472087271709089
169,6.04E-07,4.17E-08,1.4864057690554,2.97924251722212,0.936414776756875,0.0385350266135188
170,2.23E-07,1.76E-08,1.23213540589734,2.72869258749833,0.897605336475875,0.0142759930044161
171,2.43E-07,1.39E-08,1.68802500601425,2.26057192054526,0.901183424699591,0.0144071412071904
172,2.75E-07,3.11E-08,2,3.00828857384136,0.9099078361932,0.0340822741245432
173,2.84E-07,2.01E-08,0.523955575237772,2.69640661697114,0.903056270468406,0.029313981028005
174,4.19E-07,3.23E-08,1.17625731221918,3.03895972421401,0.917310116581672,0.0289153754248213
175,2.90E-07,2.12E-08,1.73491867546953,2.81005883651352,0.899117004728705,0.0178231248947605
176,2.34E-07,1.72E-08,1.75137088301984,2.63197190036278,0.898502299098235,0.0142065078273342
177,1.65E-07,1.62E-08,1.8445014145305,2.54219758409139,0.894031894936865,0.0210565231305727
178,3.15E-07,2.67E-08,1.478590698564,2.93993947086609,0.910870778354491,0.031356488166906
179,2.38E-07,1.22E-08,1.73760937096143,2.31982311229954,0.90116094090079,0.0218995801851939
180,3.52E-07,4.75E-08,2,3.11223429212175,0.926641548563014,0.0414279350809694
181,3.35E-07,3.37E-08,1.61660009022287,2.86513296513518,0.911478806126706,0.020896194954842
182,4.97E-07,7.22E-08,1.06253104593392,3.33005882283535,0.948163458649009,0.0525691818358928
183,4.82E-07,4.67E-08,1.36428971903813,3.28093720642287,0.932191605544514,0.042167462513788
184,4.99E-07,6.74E-08,1.01116229367984,3.39049783192998,0.953227053071071,0.0523421173654479
185,4.76E-07,4.20E-08,1.31878693620918,3.19281886896745,0.922575112720401,0.0450873876891359
186,4.64E-07,1.09E-07,1.4036950908685,3.71701417151631,0.924676382724672,0.0629246951466089
187,4.09E-07,1.12E-07,0.799774753028873,3.51765741789708,0.938232082337657,0.0672639293007055
188,3.30E-07,1.15E-07,1.30298657603557,3.72804857518848,0.924724147757401,0.0716226873963258
189,4.66E-07,1.09E-07,1.40053979925272,3.75068632726651,0.926052624189925,0.0542182937695147
190,9.65E-07,1.27E-07,0.945306542873402,3.82534188140086,0.985288722242844,0.103297159415447
191,1.10E-06,1.25E-07,1.32886059187649,3.92395017068516,0.980336088629724,0.0760659784037773
192,1.16E-06,1.72E-07,2,3.50367738462445,0.989468918147979,0.121277974108257
193,1.19E-06,1.95E-07,2,3.69584395024369,0.993220445703953,0.148882083777783
194,5.32E-07,4.74E-08,1.39529616033875,3.34402804032976,0.92756234702876,0.0460475009253645
195,6.04E-07,5.63E-08,1.40384369366601,3.53125657334,0.9361554040582,0.0411471825658361
196,5.84E-07,4.62E-08,1.56828301741642,3.16339864262922,0.935523836541255,0.0516317595973133
197,7.78E-07,7.99E-08,1.02548853558302,3.35146653488949,0.95178422794574,0.0557685205592912
198,1.53E-06,1.91E-07,2,3.53588901465001,0.978135190147272,0.136699666999728
199,1.34E-06,1.72E-07,0.552905020511257,3.53056529036029,0.970519931885768,0.100224680589814
200,5.28E-07,7.22E-08,1.36119295651843,3.67167125953033,0.938570019925872,0.0521393480189925
201,4.44E-07,6.79E-08,1.23286038896304,3.63915465993414,0.935561704958922,0.0582829054680915
202,4.26E-07,6.55E-08,1.01709991823067,3.26676791655344,0.950851189743131,0.0712951849592436
203,4.06E-07,6.52E-08,0.719093294362123,3.21600811365904,0.948443568357268,0.0728581163583663
204,4.42E-07,4.29E-08,1.34865658144294,3.30133636294404,0.936700911209583,0.0452500125524605
205,4.09E-07,5.85E-08,1.46128367846194,3.24333187908036,0.946106029162484,0.057696027654376
206,4.94E-07,6.47E-08,2,3.18882344818292,0.953177439424347,0.0627083322811834
207,4.33E-07,5.75E-08,2,3.21481724963198,0.946221642835022,0.0608502967787091
208,4.74E-07,5.29E-08,1.27417024974506,3.39455047897182,0.946280321445651,0.0517616487372796
209,4.66E-07,5.05E-08,1.32747387234551,3.27631751312187,0.938540741199674,0.0494462720195389
210,4.83E-07,6.49E-08,2,3.29588396291789,0.94504104331567,0.044701879397626
211,3.66E-07,3.22E-08,0.943809018769566,3.02537594419664,0.921216571642385,0.0437931768492066
212,4.87E-07,5.32E-08,1.07030521097524,3.22172768744378,0.939861687081824,0.0423649304936308
213,3.60E-07,2.53E-08,1.4960821324061,2.99967912450933,0.914407876085226,0.0309421532339768
214,3.76E-07,3.89E-08,1.48595178584319,3.25964194987244,0.91985812547973,0.0387310973899963
215,3.53E-07,2.96E-08,1.68495557144666,2.747431679723,0.909610359165926,0.0300067326273051
216,4.10E-07,3.64E-08,0.245515519045237,3.16891618363257,0.923985802341729,0.0363606762431381
217,3.08E-07,2.77E-08,1.16973684088715,3.02025557478177,0.908841820342497,0.0334203670493733
218,8.91E-07,1.20E-07,1.35473304772959,3.88450676192959,0.961062128511404,0.094704183837889
219,6.86E-07,7.31E-08,1.2541900028541,3.77369214197646,0.966689947314957,0.0739083978705721
220,9.33E-07,7.75E-08,1.14251425086889,3.76752494704708,0.965709376241526,0.0801960153460064
221,3.86E-07,3.46E-08,2,3.0606632739613,0.925885928677169,0.042378432643148
222,4.10E-07,3.47E-08,0.0525953785864169,2.93337059134647,0.918123571640887,0.0375759000598185
223,3.91E-07,2.73E-08,1.4196040714536,2.76449781866477,0.918452444211786,0.0272456015544862
224,2.80E-07,2.42E-08,1.25029773723505,2.95556799854924,0.906432325473111,0.0282000471616891
225,4.04E-07,3.80E-08,0.658903191356924,3.14984217253098,0.926121319134941,0.0361623267718201
226,4.36E-07,3.12E-08,1.49556189467868,3.11637617998597,0.920179117848656,0.0361637658724782
227,3.64E-07,3.76E-08,2,3.20930385420026,0.923172908644372,0.0383327249044191
228,3.64E-07,2.94E-08,1.53476513937365,3.16667326295574,0.922510352807341,0.0350300539275115
229,4.65E-07,3.94E-08,2,2.94645117126892,0.935579092767233,0.0482094439196845
230,5.02E-07,3.46E-08,0.956232670844205,3.10125149799286,0.927486483470032,0.0405235137313528
231,3.79E-07,3.42E-08,2,3.01350990119428,0.920631666597566,0.0429850266245463
232,4.51E-07,4.69E-08,2,3.12932565761638,0.935926161296509,0.0440306363735922
233,6.46E-07,4.67E-08,1.44590577948922,3.24576182690757,0.944053662658538,0.0479063752658658
234,6.07E-07,3.74E-08,1.52524112676905,3.13672181378563,0.943423192888022,0.0486445432492761
235,7.77E-07,5.54E-08,1.18485160589586,3.2328218444255,0.955809095129464,0.0637304140049707
236,7.59E-07,4.64E-08,1.48821698763383,3.33419112427172,0.954035795370418,0.0546824608881313
237,2.84E-07,2.40E-08,1.72294609298822,2.90676121239472,0.91131743309021,0.0158353002994465
238,2.52E-07,2.08E-08,1.63886110682883,2.91839870631155,0.912774660444097,0.012385295052507
239,2.12E-07,2.22E-08,1.73239849613266,2.8290179434682,0.901774319463139,0.0136509417808981
240,3.27E-07,2.94E-08,1.32009705151064,2.97097254108982,0.912482252050989,0.0191443461667599
241,3.76E-07,5.86E-08,1.04354944091287,3.28171464319697,0.943890279602427,0.0565402983441738
242,3.80E-07,5.78E-08,2,3.21658690987343,0.941016884838332,0.0604315755988717
243,3.75E-07,5.76E-08,1.15843134775856,3.29830722767124,0.941969301634196,0.0655879714701361
244,4.18E-07,4.26E-08,1.39920703327129,3.46191667647712,0.932920733947686,0.0450180501483978
245,3.32E-07,2.18E-08,1.2549268686246,2.83463438088768,0.906450499144876,0.0231885212007249
246,2.85E-07,2.07E-08,1.6731045721479,2.80354732990972,0.905526852579966,0.0148332606569049
247,2.81E-07,2.02E-08,1.44771120100352,2.89531781541254,0.903654776613673,0.0159886311929519
248,2.17E-07,1.51E-08,1.71095483234149,2.46585644925892,0.899917911938492,0.0113712217790188
249,6.58E-07,9.02E-08,0.897490188264227,3.54047849116941,0.966374480765317,0.0594098363347345
250,6.49E-07,1.03E-07,1.03503730426816,3.62985363220372,0.969838039830228,0.0573408115674761
251,6.85E-07,1.04E-07,0.739963445183554,3.30424552893802,0.971458683164956,0.0797204442931682
252,6.17E-07,8.54E-08,1.21645912553368,3.5649903069148,0.959809988945234,0.0532736300115678
253,3.53E-07,2.54E-08,0.849933578622636,3.12804833102278,0.921316905141921,0.0344779204196551
254,3.41E-07,1.68E-08,1.60161376907759,2.69879572209045,0.910865317593499,0.0230946823039666
255,4.10E-07,2.93E-08,2,3.11679374746952,0.925766966015829,0.0307640480733637
256,3.34E-07,2.73E-08,1.58066187905637,3.01138912747104,0.91668969696096,0.0269338145196012
257,3.76E-07,3.89E-08,1.48595178584319,3.25964194987244,0.91985812547973,0.0387310973899963
258,3.53E-07,2.96E-08,1.68495557144666,2.747431679723,0.909610359165926,0.0300067326273051
259,4.10E-07,3.64E-08,0.245515519045237,3.16891618363257,0.923985802341729,0.0363606762431381
260,3.08E-07,2.77E-08,1.16973684088715,3.02025557478177,0.908841820342497,0.0334203670493733
261,4.29E-07,4.72E-08,0.7807178241143,3.15561245205028,0.925541944291481,0.0478600609520444
262,4.78E-07,4.19E-08,1.54789464791892,3.24071312724895,0.925623589004915,0.0450107590231684
263,4.15E-07,4.07E-08,1.56545486427742,3.35480576581795,0.928653529250617,0.0356001121147135
264,4.76E-07,4.25E-08,1.52893935341556,3.10029267264235,0.920861376076789,0.0475988081891574
265,2.97E-07,2.04E-08,1.27092157239604,2.83706171700606,0.904313296577305,0.0211901750309872
266,2.53E-07,1.71E-08,0.882378781179796,2.8113408031027,0.89980495135333,0.0264493975141796
267,2.86E-07,2.11E-08,2,2.7768721921123,0.904952181304204,0.0355757417728754
268,2.93E-07,2.18E-08,2,2.79020015286611,0.904601843510234,0.0398580947233003
269,4.72E-07,4.73E-08,2,3.21543854517212,0.935740164897328,0.0410862522867933
270,4.28E-07,3.39E-08,1.47115559620973,3.24275821113117,0.928145419069869,0.032459341626789
271,4.86E-07,4.74E-08,2,3.11455215768258,0.934102430872577,0.0446038382354693
272,3.38E-07,2.96E-08,1.50214299992753,3.10069513077312,0.917063295918688,0.0282282456122244
273,4.32E-07,1.22E-07,1.41330456885957,3.70318998162931,0.93477175392875,0.0632851382698934
274,4.73E-07,1.25E-07,0.844406761372154,3.53008486740272,0.947690951424821,0.0573453775238518
275,3.01E-07,1.12E-07,1.37584185112526,3.59023686139344,0.934521556752274,0.0749977834419687
276,3.55E-07,1.22E-07,1.26970620022269,3.64997706770632,0.936373753863501,0.07543691147859
277,3.32E-07,2.86E-08,0.456148640352528,3.01364819523619,0.908929676098811,0.0281885411068009
278,3.80E-07,2.40E-08,1.55192123122431,2.83214215668607,0.913240557341846,0.0217866244339336
279,4.20E-07,2.98E-08,2,2.83501189921364,0.911797555697105,0.0278340830439023
280,4.93E-07,3.75E-08,2,2.9598590792716,0.932454001737655,0.05095993988706
281,3.48E-07,4.17E-08,1.08295234827507,3.21896576465422,0.931817606652909,0.0588015339855638
282,4.18E-07,3.82E-08,1.46992026568132,3.29999900055852,0.934069376194943,0.0464046733559165
283,4.02E-07,4.36E-08,1.44287020259912,3.27463656228303,0.941476668874685,0.0479107110264511
284,5.00E-07,6.96E-08,2,3.42055584546944,0.960169146630301,0.061838589369933
285,1.20E-06,1.17E-07,2,3.26145423084881,0.977448992005439,0.0878497816797202
286,7.10E-07,5.30E-08,1.40771393495875,3.45709423707096,0.958495583408374,0.0445142495680255
287,9.11E-07,1.05E-07,2,3.3138940539137,0.976226531158836,0.0836838465720329
288,9.27E-07,6.78E-08,1.44869352418624,3.69810606813333,0.963479930468716,0.0627346727604911
289,5.85E-07,4.96E-08,1.30954561153526,3.37017353680491,0.940457241048135,0.0343199341804972
290,3.94E-07,2.86E-08,1.44532604635542,3.21502770708389,0.916712835798082,0.0274981233330734
291,4.02E-07,3.27E-08,1.24687787375833,3.01461880132203,0.922375368493854,0.0363701624590874
292,3.83E-07,3.49E-08,1.23287178804121,3.03124197005162,0.920051081447384,0.0412376680060006
293,3.97E-07,3.05E-08,1.43959612712542,3.24525244897608,0.911389649630513,0.042418410484714
294,3.19E-07,1.96E-08,1.6005932452411,2.72301541789384,0.908355164061002,0.0257635688011406
295,3.64E-07,3.46E-08,1.13150134392695,2.94171249443888,0.925336915061917,0.0455958381615135
296,3.33E-07,1.66E-08,1.68174715858096,2.52242281022438,0.905747364288694,0.0280486537165411
297,7.93E-07,8.05E-08,1.37023587448622,3.6501481909422,0.94819570299911,0.0390053722218906
298,5.82E-07,6.93E-08,0.612461621712225,3.27432047142308,0.946190483540796,0.0539995557105921
299,5.81E-07,9.13E-08,2,3.22398095239045,0.955641301781623,0.0667377368127766
300,5.35E-07,6.67E-08,2,3.29948882734076,0.950769206058287,0.0472709881658101
301,3.08E-07,2.37E-08,1.29212877693418,3.09282337157744,0.9147934560121,0.0294098375872004
302,2.55E-07,1.88E-08,1.4411550002119,2.83010995596549,0.905306130925873,0.018007560599051
303,3.56E-07,2.80E-08,2,2.87373858535974,0.918671905887751,0.0373211936793648
304,3.28E-07,2.39E-08,1.20197870541807,2.88570250402725,0.908663945158133,0.0282515436651384
305,1.41E-06,1.28E-07,1.29613279089791,3.87559633118249,0.982986736034692,0.0824076327179424
306,9.92E-07,9.70E-08,1.18743253367076,3.84515860439582,0.975829992119697,0.0834538036785898
307,1.03E-06,1.67E-07,2,3.31972282888161,0.98894033056793,0.114653188748399
308,9.92E-07,1.86E-07,2,3.67476060476955,0.993320731524606,0.16185379666986
309,3.69E-07,3.26E-08,1.43288689494749,3.24387462077427,0.923357455149532,0.028950275439971
310,4.29E-07,4.43E-08,1.47972841733193,3.37444609349534,0.933993284805645,0.0368394839028267
311,3.61E-07,3.56E-08,1.01524648811875,3.16451665785758,0.922450382972087,0.0457970433377148
312,4.36E-07,4.55E-08,2,3.09816383488298,0.937986629597446,0.0436694830716192
313,8.36E-07,1.01E-07,2,3.04789012067997,0.971257428468982,0.0818686289315331
314,8.00E-07,9.29E-08,2,3.09277874649021,0.971482518432841,0.084053396052811
315,8.53E-07,6.82E-08,0.9336885269564,3.4777646573102,0.949756550849946,0.0582166884774253
316,5.83E-07,4.31E-08,2,3.3461397892894,0.941837682620282,0.0500966385023918
317,8.75E-07,7.96E-08,1.30319794819698,2.82900622627035,0.954780743153559,0.0752122011460888
318,8.37E-07,5.87E-08,1.68375710483935,2.72484331913004,0.942560540307274,0.0640414915310195
319,1.02E-06,1.05E-07,1.35711531421727,3.76149403757385,0.953438877087174,0.0511080648717166
320,1.05E-06,8.83E-08,0.67743492786729,3.14156460661367,0.958347782826288,0.0615390890819597
321,6.06E-07,4.38E-08,0.766565866251177,2.71476928033666,0.926658101057138,0.0341482125812559
322,5.00E-07,3.49E-08,1.63738988254891,2.61623390997102,0.919903115179202,0.0278827036139233
323,7.25E-07,5.53E-08,0.662048909701689,2.8859988386962,0.935370264361368,0.0436400981968695
324,6.64E-07,4.68E-08,1.53974200424844,2.7508358444998,0.928781715142132,0.0392830162393139
325,3.40E-07,3.76E-08,0.887955919364905,3.22441955472343,0.926987254892246,0.0440779299734688
326,3.53E-07,3.24E-08,1.45085292270147,3.16559321452394,0.91714498407321,0.0358533457158328
327,3.84E-07,5.24E-08,2,3.16858822390456,0.934532683134984,0.0517226969061232
328,3.19E-07,4.31E-08,2,3.23168689165476,0.924830120625308,0.0457116362098106
329,2.81E-07,1.12E-07,2,3.56686510194098,0.927911712293464,0.0805685434363077
330,3.25E-07,1.14E-07,1.06228295552294,3.64486774033491,0.927705536236243,0.0805095501775522
331,2.86E-07,1.16E-07,1.2735824819544,3.70243446561155,0.926279572643054,0.0790591186919298
332,3.13E-07,1.24E-07,1.4394290642405,3.80179825449892,0.927501687961168,0.0711062806559629
333,7.53E-07,6.03E-08,1.02822019419185,3.52319201543893,0.940542467097993,0.0512817053170184
334,7.48E-07,5.54E-08,1.06316806861421,3.50185635093129,0.939706917468895,0.0477554846924354
335,1.05E-06,1.15E-07,2,3.05896525506873,0.972116628468061,0.0864443293687266
336,1.02E-06,1.21E-07,2,3.01260668810075,0.976081173341633,0.0928046224435931
337,1.13E-06,1.14E-07,1.27883442986946,3.65292744849351,0.967147339053106,0.0593183081556511
338,6.99E-07,8.71E-08,1.24475887015458,3.4431707217549,0.955712316373982,0.0540093945257918
339,1.00E-06,1.17E-07,1.0460056736408,3.53660687507555,0.970494941500144,0.0620624134040063
340,4.64E-07,3.59E-08,1.50640060146444,3.02639501041642,0.925804514991857,0.049288609476253
341,3.42E-07,4.08E-08,0.941465989825815,3.32703134254961,0.931820372129849,0.0470447372098194
342,3.25E-07,3.24E-08,1.04403843572168,3.03965443571768,0.916861694988562,0.0554644887194655
343,3.93E-07,3.31E-08,1.31665349591347,3.12185516401914,0.928534651720255,0.0419436504365969
344,3.29E-07,2.97E-08,1.52048611352043,2.95574854084886,0.924350539266283,0.0412142387071579
345,3.77E-07,3.65E-08,1.28311534578666,3.39217393442158,0.92452178781345,0.0328189685580198
346,4.86E-07,2.75E-08,1.49790720081149,2.70082700898031,0.91914900657537,0.0333877355995914
347,3.91E-07,4.45E-08,2,3.27499393283355,0.932939199352999,0.0460672938744964
348,4.22E-07,3.51E-08,1.51257065852213,3.00368549186013,0.927591368726901,0.0404527706241843
349,3.52E-07,7.58E-08,1.68100851285423,3.43427366734897,0.907807648741731,0.05469542301854
350,2.97E-07,6.12E-08,1.48403850295487,3.26777258220632,0.902962666367843,0.0605728723151733
351,5.43E-07,7.05E-08,1.54628740586783,3.52147717382288,0.935217286796486,0.0425060293947502
352,4.51E-07,6.71E-08,1.58276891848694,3.56940294177283,0.928492686057643,0.0423856681759798
353,4.12E-07,3.73E-08,1.4492420295752,3.26908449215969,0.929024418697363,0.0359790176706044
354,5.91E-07,5.84E-08,1.20981271047441,3.47719628482103,0.940319885639968,0.0382270063457654
355,3.39E-07,2.27E-08,1.54208650000674,2.91220957992314,0.913494057545631,0.0245096747307888
356,5.75E-07,6.01E-08,1.26369228192791,3.31093475421187,0.935829456529554,0.0387643740441049
357,8.91E-07,9.68E-08,0.970102546263941,3.83513104690567,0.975465171354461,0.0862164204228918
358,6.33E-07,7.27E-08,2,3.63437417428138,0.970459474240498,0.0828440279740381
359,1.00E-06,1.43E-07,1.12042078856493,3.80003592956839,0.986676578274037,0.0949541098890647
360,1.16E-06,1.36E-07,1.29670755925567,3.87423704397957,0.984268315146121,0.105599887633742
361,9.32E-07,1.17E-07,1.45796783041104,3.32013124378245,0.979545624264493,0.0855772207609984
362,8.82E-07,1.07E-07,1.35349504719114,3.41986681852354,0.978826773832485,0.0885187337891215
363,1.17E-06,1.34E-07,0.799443978703853,3.42641067636019,0.974242813590229,0.0801317870618433
364,1.24E-06,1.40E-07,0.946811742550193,3.18620408177542,0.982079545121824,0.0974373132138323
365,3.14E-07,3.21E-08,2,3.3144383338564,0.938786765745913,0.0575878379146825
366,3.94E-07,2.80E-08,1.53187926242856,3.24573567418526,0.927410508298194,0.0378211537995355
367,3.53E-07,4.30E-08,2,3.29923685253744,0.936024704686274,0.0572264631997399
368,3.89E-07,4.48E-08,0.712751293497511,3.31810688352963,0.933145458205167,0.0532959602340737
369,3.85E-07,4.01E-08,2,3.25476711311242,0.922818617380464,0.0474219220925581
370,3.32E-07,4.67E-08,1.66166256274035,3.21754397518958,0.915545047922199,0.0282619956844107
371,3.77E-07,5.06E-08,2,3.25956851930858,0.918038259627243,0.0454764477010566
372,3.80E-07,4.19E-08,1.57228439460279,3.2773556391974,0.91568625732063,0.0321218767233762
373,3.28E-07,1.09E-07,2,3.45513595043823,0.93928569383036,0.0756907640497027
374,3.40E-07,1.16E-07,2,3.51809768487631,0.938669805375521,0.070027888575616
375,4.24E-07,1.21E-07,1.31418348723029,3.74574326773992,0.933743473181815,0.0741788162259508
376,3.23E-07,1.21E-07,1.24598582347181,3.62734231947188,0.934023876985801,0.0751216621593973
377,3.30E-07,2.29E-08,0.538357514504428,2.94090189526633,0.911042681459597,0.0360620096023742
378,2.80E-07,3.32E-08,1.62974138306189,3.1485403544952,0.910564727983956,0.041988545218243
379,3.18E-07,4.54E-08,2,3.2404067327146,0.921192124859779,0.0485649721197525
380,2.81E-07,3.77E-08,0.373113836735453,3.16583223429233,0.915045699124571,0.0583382917014088
381,4.40E-07,4.51E-08,2,2.93306080255003,0.93715112625002,0.0519661836766319
382,4.22E-07,4.38E-08,1.28835948373926,3.44388740651923,0.92317917780419,0.0258049452840635
383,4.22E-07,4.68E-08,2,2.9753783489055,0.943484483297775,0.0563564644089912
384,3.38E-07,3.24E-08,1.19303280639638,3.4054301078174,0.922014259960366,0.0347416660023837
385,7.60E-07,1.21E-07,1.23307040438243,3.70246231896805,0.972293134889367,0.0661032337872679
386,6.91E-07,8.01E-08,1.35518419973525,3.34241363314967,0.952089706756733,0.0516076588177138
387,9.79E-07,1.04E-07,1.26203913643953,3.62745519653772,0.964598603101453,0.0524638801541328
388,6.14E-07,6.34E-08,1.29252062519068,3.39679885308877,0.943472523695026,0.0456188777954644
389,5.94E-07,4.18E-08,1.18237610891189,3.51478315814282,0.933887176599775,0.0347329245486788
390,7.65E-07,9.08E-08,1.41514088762544,3.45188264620959,0.958319909375933,0.0543762902914563
391,6.50E-07,7.41E-08,0.528779857006926,3.37135902235034,0.946196312360837,0.0565958719032785
392,8.15E-07,1.10E-07,1.13401550241999,3.6105969500525,0.96717837275941,0.0590871530885182
393,7.54E-07,6.61E-08,1.44961338824378,3.22403159023855,0.947721293743029,0.0508241201852168
394,8.91E-07,1.20E-07,1.35473304772959,3.88450676192959,0.961062128511404,0.094704183837889
395,6.86E-07,7.31E-08,1.2541900028541,3.77369214197646,0.966689947314957,0.0739083978705721
396,9.33E-07,7.75E-08,1.14251425086889,3.76752494704708,0.965709376241526,0.0801960153460064
397,3.40E-07,3.69E-08,2,3.20166003338423,0.925679739056972,0.0465653131588304
398,3.73E-07,4.23E-08,1.2950573738824,3.35581722420513,0.929264513834802,0.0435086729213748
399,3.50E-07,4.24E-08,2,3.01923119234228,0.919348288728341,0.0633049557236086
400,4.13E-07,5.07E-08,2,3.10975941046597,0.929365727116694,0.0575976448127622
401,5.46E-07,5.88E-08,0.998352249489561,3.44584058916531,0.939190599613374,0.0442400462387091
402,6.08E-07,6.34E-08,1.26900593347292,3.31200073929625,0.945577971157569,0.0536713049692252
403,5.92E-07,7.35E-08,1.178411658445,3.56184037505046,0.937664547039467,0.0451157245663695
404,4.59E-07,5.89E-08,1.42679600823058,3.56482265453232,0.934992279365703,0.0373752723610361
405,3.24E-07,3.01E-08,1.45745535963994,3.13456464784835,0.926391191729907,0.0384209866670896
406,2.93E-07,2.57E-08,1.57974776350794,3.06429183168894,0.913169248152243,0.025088175149249
407,4.00E-07,4.32E-08,2,3.16265959519618,0.938057693969517,0.0443195094091261
408,3.42E-07,3.16E-08,1.33704373331203,3.1689965139164,0.920330274142682,0.0379205283794352
409,4.40E-07,4.51E-08,2,2.93306080255003,0.93715112625002,0.0519661836766319
410,4.22E-07,4.38E-08,1.28835948373926,3.44388740651923,0.92317917780419,0.0258049452840635
411,4.22E-07,4.68E-08,2,2.9753783489055,0.943484483297775,0.0563564644089912
412,3.38E-07,3.24E-08,1.19303280639638,3.4054301078174,0.922014259960366,0.0347416660023837
413,2.91E-07,1.07E-07,1.1364892865127,3.70681447129173,0.931528614548308,0.0760840825032335
414,5.18E-07,9.72E-08,2,3.37856962012365,0.948004179734707,0.0622108317701567
415,3.68E-07,1.21E-07,1.40321253371359,3.78009082273527,0.932336499235014,0.0640307717752209
416,3.28E-07,1.07E-07,2,3.55889326598039,0.937841229782539,0.080736011704587
417,3.66E-07,3.82E-08,1.2062126536914,3.29584865522293,0.934533856254827,0.0403069248152115
418,3.33E-07,2.35E-08,1.59889529726331,2.96407850486104,0.914879931598597,0.0290570794279568
419,4.12E-07,3.69E-08,2,3.05998011813257,0.924260172945372,0.0389878513776463
420,3.94E-07,3.74E-08,0.790988473220046,3.14079934412834,0.932673418655848,0.0360643296068542
421,6.62E-07,6.15E-08,1.21774674589052,3.78753971571644,0.964861311200983,0.0741390135928149
422,1.15E-06,8.98E-08,1.3648585649251,3.69958179024299,0.964831532446596,0.0644288812513385
423,1.02E-06,8.35E-08,1.06660572651082,3.58697903016674,0.97552310084716,0.0984250893387463
424,8.92E-07,7.33E-08,1.22709042628159,3.77229338107072,0.968927989183861,0.0775359930952096
425,7.97E-07,7.09E-08,1.13052640930953,3.45655408129658,0.950244959440058,0.0531532088122404
426,5.94E-07,5.43E-08,1.36478722152233,3.51079189582041,0.938797631023755,0.0386506426557146
427,1.07E-06,1.09E-07,0.579382863864772,3.43108409894015,0.970038594467642,0.0661258670296765
428,5.88E-07,5.40E-08,1.37579473631501,3.42281547619707,0.939435197369348,0.041670885715725
429,4.41E-07,3.77E-08,1.7244484051359,2.96171511522549,0.919805650503978,0.0524743684968424
430,2.98E-07,2.99E-08,1.31179793062997,3.17747232383164,0.908749154942812,0.0215883374059039
431,4.30E-07,4.56E-08,1.61680938464017,3.21027162673542,0.930359193654482,0.0436236947460422
432,3.69E-07,3.46E-08,1.62573962899095,3.08494982213817,0.922065867239053,0.0453443511524854
433,3.60E-07,2.77E-08,1.63596689589672,3.05507076381792,0.91934257724213,0.0331991832379176
434,3.49E-07,2.15E-08,1.74153510581661,2.76082546877057,0.907983429254116,0.028434584873994
435,4.26E-07,3.88E-08,1.53051921603539,3.30865489617704,0.927455164772992,0.0363301876599306
436,4.10E-07,4.27E-08,1.40262900442967,3.36626560686751,0.931154869112037,0.0330201792051396
437,3.83E-07,6.28E-08,1.30026384233698,3.383233954563,0.942993652327575,0.0566205508366758
438,3.90E-07,6.58E-08,1.16984203747582,3.31081360291481,0.945776859115634,0.0597342929780734
439,5.04E-07,5.48E-08,1.39932520828295,3.40548148383154,0.938530758968563,0.0415328931154133
440,4.40E-07,5.59E-08,1.35698926186841,3.40402358782786,0.941606692102199,0.0548101852867359
441,3.69E-07,3.26E-08,1.43288689494749,3.24387462077427,0.923357455149532,0.028950275439971
442,4.29E-07,4.43E-08,1.47972841733193,3.37444609349534,0.933993284805645,0.0368394839028267
443,3.61E-07,3.56E-08,1.01524648811875,3.16451665785758,0.922450382972087,0.0457970433377148
444,4.36E-07,4.55E-08,2,3.09816383488298,0.937986629597446,0.0436694830716192
445,1.27E-06,1.76E-07,2,2.77548836853807,0.976558034537638,0.108652402835409
446,1.38E-06,1.86E-07,2,2.74303757499797,0.979825636548346,0.1142483715249
447,1.45E-06,1.54E-07,1.17900238598827,3.65575401751809,0.966034346493018,0.0752182387534786
448,9.76E-07,1.14E-07,1.28447162550024,3.75757390733171,0.955035544153734,0.0563569814539106
449,8.81E-07,1.39E-07,2,3.45225514745244,0.984881666699048,0.109961359025326
450,1.13E-06,1.02E-07,1.30044482245382,3.73780627296077,0.977694260528834,0.0749184258691028
451,9.31E-07,9.19E-08,1.21436926411377,3.66593692488028,0.970124486131576,0.0622119278097653
452,8.24E-07,7.52E-08,1.33319695307838,3.74211629092052,0.967962086070316,0.0538580319507251
453,3.32E-07,5.54E-08,1.69631653509246,3.48669323806361,0.92150914382745,0.0447448147716593
454,5.73E-07,5.13E-08,1.28369621439418,3.51815037780052,0.940549260179153,0.0341727907156734
455,6.24E-07,6.34E-08,0.333432240185003,3.47543952028582,0.944297470199428,0.04577063129188
456,7.69E-07,7.55E-08,2,3.42159901045452,0.953169812156174,0.051166542159067
457,6.58E-07,9.02E-08,0.897490188264227,3.54047849116941,0.966374480765317,0.0594098363347345
458,6.49E-07,1.03E-07,1.03503730426816,3.62985363220372,0.969838039830228,0.0573408115674761
459,6.85E-07,1.04E-07,0.739963445183554,3.30424552893802,0.971458683164956,0.0797204442931682
460,6.17E-07,8.54E-08,1.21645912553368,3.5649903069148,0.959809988945234,0.0532736300115678
461,5.39E-07,5.97E-08,1.36948714450234,3.22719554266601,0.943677451014329,0.051936207051824
462,5.46E-07,5.50E-08,1.32826747201359,3.18638291259862,0.945285457248564,0.0528103474952547
463,6.98E-07,8.81E-08,1.38606046740505,3.50605501046404,0.954363603997595,0.0509110642856904
464,5.96E-07,8.79E-08,1.33064891750475,3.51580303293285,0.951047482330195,0.042596314486594
465,2.56E-07,2.14E-08,0.970160103344606,2.95733774381961,0.911302416386214,0.0272880568434505
466,3.31E-07,2.41E-08,1.14724577763436,3.050894388271,0.922806284594918,0.0295646708286483
467,2.55E-07,1.04E-08,1.68763470302173,2.31440921308232,0.903382298634745,0.0154699908694973
468,4.29E-07,1.74E-08,1.52556780702366,2.32783164354562,0.918196535769047,0.0208774273348612
469,8.91E-07,1.20E-07,1.35473304772959,3.88450676192959,0.961062128511404,0.094704183837889
470,6.86E-07,7.31E-08,1.2541900028541,3.77369214197646,0.966689947314957,0.0739083978705721
471,9.33E-07,7.75E-08,1.14251425086889,3.76752494704708,0.965709376241526,0.0801960153460064
472,4.25E-07,5.26E-08,2,3.10212320660447,0.94034655934165,0.059185885748244
473,4.49E-07,7.15E-08,2,3.29239218567714,0.95425309766018,0.0607605159751492
474,5.30E-07,3.25E-08,1.3697171706263,2.82112287741608,0.932832868625872,0.0407669199922415
475,4.53E-07,4.05E-08,1.32262621146778,3.07630338040794,0.939391122765154,0.0452321055367896
476,6.43E-07,6.27E-08,0.945634444044844,3.67550235556519,0.967151171047857,0.0884905022478456
477,5.53E-07,5.69E-08,1.14338014647392,3.83908051252152,0.961464706561765,0.0739124805868732
478,1.08E-06,1.03E-07,1.1932275305776,3.8725714128162,0.978712443320193,0.0842252929468675
479,8.57E-07,1.03E-07,1.08003775459047,3.95005158540789,0.973195731909261,0.0948867788062003
480,3.32E-07,2.86E-08,0.456148640352528,3.01364819523619,0.908929676098811,0.0281885411068009
481,3.80E-07,2.40E-08,1.55192123122431,2.83214215668607,0.913240557341846,0.0217866244339336
482,4.20E-07,2.98E-08,2,2.83501189921364,0.911797555697105,0.0278340830439023
483,4.93E-07,3.75E-08,2,2.9598590792716,0.932454001737655,0.05095993988706
484,3.23E-07,1.32E-07,1.17280732600904,3.61178108561613,0.93304452921122,0.0808060728912035
485,3.70E-07,1.15E-07,2,3.37694215075079,0.940519177029996,0.0833682190079549
486,3.93E-07,1.31E-07,1.33804622574549,3.69273395330578,0.932061996759297,0.0778706129182664
487,4.45E-07,1.27E-07,1.25913404608148,3.68722059819804,0.940607897464778,0.0701684186189885
488,3.86E-07,3.46E-08,2,3.0606632739613,0.925885928677169,0.042378432643148
489,4.10E-07,3.47E-08,0.0525953785864169,2.93337059134647,0.918123571640887,0.0375759000598185
490,3.91E-07,2.73E-08,1.4196040714536,2.76449781866477,0.918452444211786,0.0272456015544862
491,2.80E-07,2.42E-08,1.25029773723505,2.95556799854924,0.906432325473111,0.0282000471616891
492,3.77E-07,4.05E-08,2,3.06713997025152,0.928153361105,0.0452550135486173
493,4.39E-07,3.60E-08,1.15942461397159,3.15783455362141,0.922621830062601,0.0384397933213007
494,3.78E-07,4.61E-08,2,3.31477127514025,0.927749411669648,0.0468444298483065
495,3.41E-07,4.85E-08,1.2059298799835,3.33281727319174,0.92259739901848,0.0434380611594013
496,3.97E-07,1.17E-07,1.27302603684715,3.62053513669887,0.934595069620674,0.0821613835819159
497,4.47E-07,1.13E-07,1.2664719338159,3.61962576767579,0.937290113715274,0.0723530625999719
498,3.67E-07,1.26E-07,1.3810227078767,3.7064349643348,0.939741512258819,0.0757737826489676
499,3.72E-07,1.07E-07,0.90133679797652,3.56223044853455,0.940294744239024,0.0805381936975659
500,3.52E-07,7.58E-08,1.68100851285423,3.43427366734897,0.907807648741731,0.05469542301854
501,2.97E-07,6.12E-08,1.48403850295487,3.26777258220632,0.902962666367843,0.0605728723151733
502,5.43E-07,7.05E-08,1.54628740586783,3.52147717382288,0.935217286796486,0.0425060293947502
503,4.51E-07,6.71E-08,1.58276891848694,3.56940294177283,0.928492686057643,0.0423856681759798
504,7.97E-07,7.09E-08,1.13052640930953,3.45655408129658,0.950244959440058,0.0531532088122404
505,5.94E-07,5.43E-08,1.36478722152233,3.51079189582041,0.938797631023755,0.0386506426557146
506,1.07E-06,1.09E-07,0.579382863864772,3.43108409894015,0.970038594467642,0.0661258670296765
507,5.88E-07,5.40E-08,1.37579473631501,3.42281547619707,0.939435197369348,0.041670885715725
508,7.97E-07,7.09E-08,1.13052640930953,3.45655408129658,0.950244959440058,0.0531532088122404
509,5.94E-07,5.43E-08,1.36478722152233,3.51079189582041,0.938797631023755,0.0386506426557146
510,1.07E-06,1.09E-07,0.579382863864772,3.43108409894015,0.970038594467642,0.0661258670296765
511,5.88E-07,5.40E-08,1.37579473631501,3.42281547619707,0.939435197369348,0.041670885715725
512,3.06E-07,2.25E-08,0.993557538051154,2.93770302367182,0.907866096295791,0.027643807774983
513,3.00E-07,2.29E-08,1.68551645129964,2.63409326668305,0.904561978559855,0.0206220361221509
514,3.02E-07,2.92E-08,2,3.04939824018305,0.907391968974925,0.0378803562279787
515,2.58E-07,3.34E-08,0.667809056464476,2.99394798229344,0.901479156402944,0.0332607377640292
516,4.29E-07,5.10E-08,1.42527723861529,3.34182759225582,0.932681153855796,0.0453662008395892
517,5.13E-07,5.14E-08,1.43866476189418,3.34555288543107,0.93594608801528,0.0518089072014637
518,4.96E-07,6.44E-08,0.969597410166456,3.3947799801707,0.93429041436816,0.0485412013725531
519,4.85E-07,5.29E-08,1.50984952204041,3.53616795667008,0.941471063091384,0.042675659602718
520,4.47E-07,6.07E-08,2,3.24353355962454,0.955060529691381,0.0600941817929945
521,4.23E-07,5.86E-08,2,3.09812214699779,0.948937887147812,0.0611667231763408
522,4.40E-07,5.49E-08,1.16616734624254,3.49822117522089,0.949352551849529,0.0448770034765315
523,4.31E-07,4.10E-08,1.41496381855396,3.34771363769041,0.93739449742737,0.0416418776148562
524,6.32E-07,5.75E-08,0.712623114648826,3.35358163336705,0.938429525044747,0.0443062370260622
525,3.79E-07,4.04E-08,1.41314758303357,3.1272501077256,0.92737286346896,0.0391948564568291
526,3.93E-07,3.49E-08,1.65998014730811,3.12220989977483,0.918933452224295,0.038779314073354
527,3.85E-07,2.86E-08,1.36903968557565,3.01722649317819,0.91636018087961,0.0324797633648923
528,8.91E-07,9.68E-08,0.970102546263941,3.83513104690567,0.975465171354461,0.0862164204228918
529,6.33E-07,7.27E-08,2,3.63437417428138,0.970459474240498,0.0828440279740381
530,1.00E-06,1.43E-07,1.12042078856493,3.80003592956839,0.986676578274037,0.0949541098890647
531,1.16E-06,1.36E-07,1.29670755925567,3.87423704397957,0.984268315146121,0.105599887633742
532,3.60E-07,2.77E-08,1.63596689589672,3.05507076381792,0.91934257724213,0.0331991832379176
533,3.49E-07,2.15E-08,1.74153510581661,2.76082546877057,0.907983429254116,0.028434584873994
534,4.26E-07,3.88E-08,1.53051921603539,3.30865489617704,0.927455164772992,0.0363301876599306
535,4.10E-07,4.27E-08,1.40262900442967,3.36626560686751,0.931154869112037,0.0330201792051396
536,3.42E-07,4.08E-08,0.941465989825815,3.32703134254961,0.931820372129849,0.0470447372098194
537,3.25E-07,3.24E-08,1.04403843572168,3.03965443571768,0.916861694988562,0.0554644887194655
538,3.93E-07,3.31E-08,1.31665349591347,3.12185516401914,0.928534651720255,0.0419436504365969
539,3.29E-07,2.97E-08,1.52048611352043,2.95574854084886,0.924350539266283,0.0412142387071579
540,1.11E-06,8.48E-08,1.18656590994693,3.61770953787497,0.961433132756976,0.0604578194006467
541,9.15E-07,8.46E-08,0.657937193597573,3.38246773100411,0.964337516817675,0.0712695364898934
542,7.91E-07,1.45E-07,2,3.37761312506247,0.983786095361265,0.0942566066019205
543,7.48E-07,1.29E-07,2,3.22674382906282,0.97944916377336,0.0902475344175698
544,2.40E-07,1.77E-08,0.246510501854276,2.77073183781604,0.903769860383037,0.0134983605573514
545,2.68E-07,1.89E-08,2,2.72394824798893,0.903177919916381,0.0277382093392579
546,2.72E-07,1.45E-08,1.62644033410848,2.37940692861152,0.901623375973507,0.013715102354778
547,2.70E-07,1.85E-08,1.5238682435413,2.7620768886791,0.909622947844303,0.0187163641883695
548,4.86E-07,5.32E-08,1.47054029283653,3.38505375694311,0.933702657003566,0.0440209484985331
549,7.35E-07,8.02E-08,1.34319201588547,3.57577272539824,0.953817222871515,0.0383374685286646
550,6.69E-07,1.07E-07,1.06284696244422,3.43424808520793,0.956684739267388,0.0608336374060261
551,7.52E-07,1.01E-07,1.32237036795744,3.4563804150305,0.95693599265899,0.0625746362561573
552,4.74E-07,6.64E-08,2,3.22526099519769,0.94805753718964,0.0595368691435459
553,6.40E-07,8.77E-08,1.38275219356711,3.46423459275213,0.949504147795589,0.045026314100055
554,4.40E-07,3.70E-08,1.21278298533383,3.21845031088907,0.930974413683133,0.0423500162470749
555,4.38E-07,3.54E-08,1.20591479495961,3.14508397382092,0.931167605649592,0.0447261725501499
556,5.42E-07,6.84E-08,1.21127503129705,3.798035744195,0.965486171197625,0.083763750203065
557,5.47E-07,7.52E-08,1.41474075994008,3.88857374898622,0.966287016251459,0.0914376360545819
558,7.60E-07,5.70E-08,1.36676875892817,3.61351323973437,0.956047929124854,0.066183509005594
559,7.22E-07,7.33E-08,1.263683704654,3.71926399691814,0.962342336911902,0.0719904203403541
560,4.86E-07,5.32E-08,1.47054029283653,3.38505375694311,0.933702657003566,0.0440209484985331
561,7.35E-07,8.02E-08,1.34319201588547,3.57577272539824,0.953817222871515,0.0383374685286646
562,6.69E-07,1.07E-07,1.06284696244422,3.43424808520793,0.956684739267388,0.0608336374060261
563,7.52E-07,1.01E-07,1.32237036795744,3.4563804150305,0.95693599265899,0.0625746362561573
564,4.19E-07,3.94E-08,1.15664989437408,3.26561680729057,0.932517483806866,0.0361258010498783
565,4.24E-07,2.76E-08,1.58989364160351,2.97989224649244,0.917979413824194,0.0333150050338974
566,5.65E-07,5.42E-08,2,3.24871407663673,0.940716949937456,0.043395180551511
567,3.46E-07,2.98E-08,1.41668200532846,3.10520835320864,0.919518134629424,0.0310322197393096
568,4.18E-07,4.12E-08,1.57197869216796,3.17576754376023,0.922927573061003,0.0447720724574406
569,3.77E-07,2.54E-08,1.50288539421065,2.8806887236403,0.912422804440783,0.0222569847999274
570,6.30E-07,5.22E-08,1.62163032288482,3.28838954919744,0.930013655881192,0.051257109065475
571,3.81E-07,2.40E-08,1.41587591507381,2.77506048467455,0.914006038280384,0.0246544324247945
572,3.05E-07,2.19E-08,1.55153845603944,2.87699340556957,0.89952530898015,0.0260508582443058
573,3.06E-07,2.94E-08,1.48412902499897,3.13578459179685,0.91053322380806,0.0241627581449573
574,3.33E-07,2.16E-08,1.54046971852744,2.76714928892308,0.901813302418722,0.0310357061156193
575,3.08E-07,2.40E-08,1.5381714208468,2.79218528917038,0.909763907701563,0.0178948831374136
576,3.75E-07,2.96E-08,1.3578815149714,3.0720606587551,0.918845229742472,0.0277763989296246
577,3.46E-07,2.12E-08,1.56290871230604,2.6414076254436,0.911248142781619,0.0214035618462044
578,3.37E-07,3.41E-08,2,2.94412774322433,0.923035476850272,0.0413725098276039
579,3.20E-07,2.78E-08,1.35344418482622,3.03647601528365,0.915066119375047,0.0292473289866905
580,4.72E-07,4.73E-08,2,3.21543854517212,0.935740164897328,0.0410862522867933
581,4.28E-07,3.39E-08,1.47115559620973,3.24275821113117,0.928145419069869,0.032459341626789
582,4.86E-07,4.74E-08,2,3.11455215768258,0.934102430872577,0.0446038382354693
583,3.38E-07,2.96E-08,1.50214299992753,3.10069513077312,0.917063295918688,0.0282282456122244
584,3.56E-07,1.21E-07,1.28783836668938,3.71189678494547,0.933764796762074,0.0626857500115445
585,3.42E-07,1.12E-07,1.02302941054161,3.61673510934269,0.93123907493523,0.0749555042512914
586,3.24E-07,1.25E-07,1.01744457164883,3.62398854231749,0.93444683815443,0.0800688152685463
587,4.69E-07,1.16E-07,1.37923402683496,3.72683682222551,0.931302784269375,0.0605477979386014
588,3.85E-07,4.01E-08,2,3.25476711311242,0.922818617380464,0.0474219220925581
589,3.32E-07,4.67E-08,1.66166256274035,3.21754397518958,0.915545047922199,0.0282619956844107
590,3.77E-07,5.06E-08,2,3.25956851930858,0.918038259627243,0.0454764477010566
591,3.80E-07,4.19E-08,1.57228439460279,3.2773556391974,0.91568625732063,0.0321218767233762
592,4.86E-07,6.06E-08,2,3.17677936456539,0.949798210971881,0.047193513222076
593,6.03E-07,5.68E-08,1.19183172933216,3.29528845173916,0.939804821614615,0.0372607849366776
594,5.38E-07,7.36E-08,2,3.07104635674528,0.952755121169245,0.057929517349958
595,5.35E-07,6.94E-08,2,3.24827973306229,0.952493891369254,0.0606123202988
596,3.02E-07,3.47E-08,1.64757683020597,3.20109600792559,0.909721308431372,0.0196534434833742
597,3.33E-07,2.19E-08,1.62615889157385,2.72426349210389,0.911536350874394,0.0232477267768422
598,3.79E-07,3.36E-08,1.58967908403753,3.1881863036723,0.919437044510049,0.0310054887566823
599,3.79E-07,2.28E-08,1.56252648925269,2.71775661336305,0.913270295261028,0.0311549425640876
600,2.43E-07,3.63E-08,1.66852809904666,3.37641177854627,0.90844603836505,0.02812116788885
601,2.15E-07,2.29E-08,1.84151059567095,3.13078727048808,0.904658458165125,0.0235003838017015
602,2.76E-07,4.07E-08,0.889825419166015,3.33391906280002,0.90673240638406,0.0358590941165904
603,2.23E-07,3.92E-08,1.55122849590441,3.29061723897076,0.903129207523907,0.0185423419627926
604,4.04E-07,6.27E-08,1.2480204213673,3.37564605352401,0.939634194233328,0.0504014012065104
605,4.80E-07,4.87E-08,1.55211104929909,3.18563486612376,0.927849046159856,0.0377650965295369
606,4.59E-07,7.12E-08,2,3.11706162751246,0.943855897441203,0.0654147189278348
607,4.35E-07,6.38E-08,1.20298299767731,3.395940646714,0.940226438754933,0.0496377362810292
608,5.44E-07,6.24E-08,0.920914406972728,3.38926002959102,0.938885481938524,0.0444988350325093
609,4.24E-07,3.79E-08,1.40774595348501,3.24528763816945,0.9273194934022,0.0350898216357282
610,5.44E-07,5.95E-08,1.3406431408317,3.40104039625732,0.939107420960726,0.0446616725231801
611,4.50E-07,5.01E-08,1.49417767781823,3.41771983719873,0.929665855739194,0.0387441163505138
612,6.31E-07,4.79E-08,1.35481576581845,3.17307046680402,0.944600243276498,0.0457128126873531
613,5.30E-07,6.45E-08,1.20366515141111,3.32658679715608,0.957023086905132,0.0618407881021862
614,5.68E-07,8.25E-08,0.0607707713636576,3.4425468902789,0.966627165434956,0.0610305587516447
615,5.33E-07,8.37E-08,2,3.39015975786544,0.967617187880235,0.071959894562631
616,7.65E-07,9.08E-08,1.41514088762544,3.45188264620959,0.958319909375933,0.0543762902914563
617,6.50E-07,7.41E-08,0.528779857006926,3.37135902235034,0.946196312360837,0.0565958719032785
618,8.15E-07,1.10E-07,1.13401550241999,3.6105969500525,0.96717837275941,0.0590871530885182
619,7.54E-07,6.61E-08,1.44961338824378,3.22403159023855,0.947721293743029,0.0508241201852168
620,3.76E-07,3.89E-08,1.48595178584319,3.25964194987244,0.91985812547973,0.0387310973899963
621,3.53E-07,2.96E-08,1.68495557144666,2.747431679723,0.909610359165926,0.0300067326273051
622,4.10E-07,3.64E-08,0.245515519045237,3.16891618363257,0.923985802341729,0.0363606762431381
623,3.08E-07,2.77E-08,1.16973684088715,3.02025557478177,0.908841820342497,0.0334203670493733
624,4.08E-07,4.56E-08,1.45835469651094,3.1619147565331,0.920447127761717,0.0270476473141339
625,2.97E-07,5.32E-08,0.488986593313871,3.30285415100331,0.905251107495052,0.0446050624712228
626,4.88E-07,5.78E-08,1.39471067124273,3.41442003776883,0.932062236545749,0.0418272713738406
627,3.02E-07,5.79E-08,2,3.31696036104431,0.908364276889099,0.0449384435942153
628,2.40E-07,1.77E-08,0.246510501854276,2.77073183781604,0.903769860383037,0.0134983605573514
629,2.68E-07,1.89E-08,2,2.72394824798893,0.903177919916381,0.0277382093392579
630,2.72E-07,1.45E-08,1.62644033410848,2.37940692861152,0.901623375973507,0.013715102354778
631,2.70E-07,1.85E-08,1.5238682435413,2.7620768886791,0.909622947844303,0.0187163641883695
632,4.23E-07,4.54E-08,1.33742751803755,3.43805584587694,0.937804550166285,0.0421040769943731
633,4.70E-07,2.95E-08,1.3711661265938,3.14155661798637,0.932715772766213,0.0307409909821679
634,4.66E-07,4.87E-08,1.41890241809375,3.53520710644398,0.944289463175888,0.0359275978297158
635,5.34E-07,4.24E-08,1.28704275815468,3.45553002167228,0.940685196824212,0.0343211839211518
636,4.86E-07,6.06E-08,2,3.17677936456539,0.949798210971881,0.047193513222076
637,6.03E-07,5.68E-08,1.19183172933216,3.29528845173916,0.939804821614615,0.0372607849366776
638,5.38E-07,7.36E-08,2,3.07104635674528,0.952755121169245,0.057929517349958
639,5.35E-07,6.94E-08,2,3.24827973306229,0.952493891369254,0.0606123202988
640,3.12E-07,2.96E-08,0.0167671683595706,3.0658126202312,0.920958873375612,0.0393705372365143
641,3.13E-07,2.55E-08,1.55103472229193,2.78789869929627,0.906654247482045,0.0213450778254245
642,2.69E-07,1.61E-08,2,2.93032671279778,0.914280751151409,0.0416596323015103
643,2.69E-07,2.73E-08,1.01648199702512,3.02889723117307,0.912186895054248,0.0350064935847555
644,4.85E-07,3.51E-08,1.37264240937913,3.2596428872994,0.932837709610878,0.0367401221540992
645,5.30E-07,3.88E-08,1.48220956636707,3.08588328316775,0.93292633592695,0.033931582673534
646,5.45E-07,4.95E-08,1.35467444724098,3.29462577719329,0.942424176690211,0.0378095896827247
647,6.29E-07,8.30E-08,0.64568357918827,3.3555177955657,0.964267897881814,0.0598197891365607
648,1.30E-06,1.33E-07,1.02831398675587,3.83762728463858,0.972416282283214,0.0599712934792147
649,7.34E-07,1.37E-07,2,3.48471334372872,0.982928821015921,0.0897684715585385
650,3.34E-06,1.89E-07,0.949025874998035,3.86339816902557,0.959376494017155,0.374791355652367
651,1.11E-06,1.14E-07,1.0761016345488,3.79099725817285,0.961111708984351,0.0380190120046743
652,4.72E-07,4.73E-08,2,3.21543854517212,0.935740164897328,0.0410862522867933
653,4.28E-07,3.39E-08,1.47115559620973,3.24275821113117,0.928145419069869,0.032459341626789
654,4.86E-07,4.74E-08,2,3.11455215768258,0.934102430872577,0.0446038382354693
655,3.38E-07,2.96E-08,1.50214299992753,3.10069513077312,0.917063295918688,0.0282282456122244
656,4.04E-07,6.27E-08,1.2480204213673,3.37564605352401,0.939634194233328,0.0504014012065104
657,4.80E-07,4.87E-08,1.55211104929909,3.18563486612376,0.927849046159856,0.0377650965295369
658,4.59E-07,7.12E-08,2,3.11706162751246,0.943855897441203,0.0654147189278348
659,4.35E-07,6.38E-08,1.20298299767731,3.395940646714,0.940226438754933,0.0496377362810292
660,6.63E-07,4.76E-08,1.63930713567799,3.34488864841909,0.94464740964939,0.0377774089923616
661,6.34E-07,4.01E-08,1.59560592975462,3.23904787170151,0.946690087343767,0.0400637918027997
662,8.98E-07,8.59E-08,2,3.23312644475624,0.966916719232162,0.0589565853616565
663,9.43E-07,6.94E-08,0.435872411447175,3.37953064134664,0.957198651362869,0.0592711442633271
664,4.01E-07,1.26E-07,1.38989828876213,3.76381957257316,0.933987712611858,0.0721392252551614
665,3.88E-07,1.12E-07,1.29188702479529,3.73745978136707,0.941405268296148,0.0659619202790116
666,3.63E-07,1.18E-07,1.42014575927588,3.69144592907996,0.934900890363611,0.0659478409044141
667,3.40E-07,1.27E-07,1.3392327652475,3.6445612967168,0.939040354595746,0.0697718602072539
668,8.40E-07,4.99E-08,1.28282114879972,3.1892221419715,0.952796063963582,0.040524112926598
669,4.78E-07,4.25E-08,0.714968358756406,3.28761623144513,0.951611249351611,0.043082176682301
670,5.38E-07,6.40E-08,2,3.03781718499992,0.959994573933862,0.0615296860888165
671,4.19E-07,3.45E-08,2,3.12301266499123,0.944906654282147,0.0424987785860044
672,3.81E-07,3.05E-08,0.528971116431498,2.99929159751111,0.915296605715077,0.0397014064715163
673,4.41E-07,3.10E-08,1.23924838456693,2.97878034659521,0.916256947373722,0.0388424696720509
674,4.31E-07,3.52E-08,0.886859777609812,3.02893789504432,0.917774379238701,0.0280440219431218
675,3.68E-07,3.10E-08,1.48987947874709,3.12513958414571,0.919085135356967,0.0272034978063656
676,8.81E-07,1.39E-07,2,3.45225514745244,0.984881666699048,0.109961359025326
677,1.13E-06,1.02E-07,1.30044482245382,3.73780627296077,0.977694260528834,0.0749184258691028
678,9.31E-07,9.19E-08,1.21436926411377,3.66593692488028,0.970124486131576,0.0622119278097653
679,8.24E-07,7.52E-08,1.33319695307838,3.74211629092052,0.967962086070316,0.0538580319507251
680,2.43E-07,3.63E-08,1.66852809904666,3.37641177854627,0.90844603836505,0.02812116788885
681,2.15E-07,2.29E-08,1.84151059567095,3.13078727048808,0.904658458165125,0.0235003838017015
682,2.76E-07,4.07E-08,0.889825419166015,3.33391906280002,0.90673240638406,0.0358590941165904
683,2.23E-07,3.92E-08,1.55122849590441,3.29061723897076,0.903129207523907,0.0185423419627926
684,4.86E-07,6.06E-08,2,3.17677936456539,0.949798210971881,0.047193513222076
685,6.03E-07,5.68E-08,1.19183172933216,3.29528845173916,0.939804821614615,0.0372607849366776
686,5.38E-07,7.36E-08,2,3.07104635674528,0.952755121169245,0.057929517349958
687,5.35E-07,6.94E-08,2,3.24827973306229,0.952493891369254,0.0606123202988
688,3.77E-07,4.05E-08,2,3.06713997025152,0.928153361105,0.0452550135486173
689,4.39E-07,3.60E-08,1.15942461397159,3.15783455362141,0.922621830062601,0.0384397933213007
690,3.78E-07,4.61E-08,2,3.31477127514025,0.927749411669648,0.0468444298483065
691,3.41E-07,4.85E-08,1.2059298799835,3.33281727319174,0.92259739901848,0.0434380611594013
692,3.15E-07,2.67E-08,1.478590698564,2.93993947086609,0.910870778354491,0.031356488166906
693,2.38E-07,1.22E-08,1.73760937096143,2.31982311229954,0.90116094090079,0.0218995801851939
694,3.52E-07,4.75E-08,2,3.11223429212175,0.926641548563014,0.0414279350809694
695,3.35E-07,3.37E-08,1.61660009022287,2.86513296513518,0.911478806126706,0.020896194954842
696,3.77E-07,3.65E-08,1.28311534578666,3.39217393442158,0.92452178781345,0.0328189685580198
697,4.86E-07,2.75E-08,1.49790720081149,2.70082700898031,0.91914900657537,0.0333877355995914
698,3.91E-07,4.45E-08,2,3.27499393283355,0.932939199352999,0.0460672938744964
699,4.22E-07,3.51E-08,1.51257065852213,3.00368549186013,0.927591368726901,0.0404527706241843
700,3.30E-07,2.29E-08,0.538357514504428,2.94090189526633,0.911042681459597,0.0360620096023742
701,2.80E-07,3.32E-08,1.62974138306189,3.1485403544952,0.910564727983956,0.041988545218243
702,3.18E-07,4.54E-08,2,3.2404067327146,0.921192124859779,0.0485649721197525
703,2.81E-07,3.77E-08,0.373113836735453,3.16583223429233,0.915045699124571,0.0583382917014088
704,2.90E-07,1.20E-07,1.30729317854079,3.71142170589891,0.92686285827838,0.067549241578836
705,2.77E-07,1.25E-07,1.45497573665866,3.78698837605853,0.925345838114232,0.0647665837943431
706,3.67E-07,1.07E-07,1.32828889948991,3.77417221102436,0.929126003209578,0.0636444790483097
707,3.41E-07,1.13E-07,1.40037252564904,3.8244808538049,0.92690759579968,0.0628861059478758
708,3.74E-07,2.38E-08,1.49348385128534,3.19076430564205,0.912828824994587,0.0175979598006756
709,3.28E-07,3.60E-08,1.59486150857971,3.27556724704316,0.916972928912346,0.0158731779501908
710,4.19E-07,3.23E-08,1.17625731221918,3.03895972421401,0.917310116581672,0.0289153754248213
711,2.90E-07,2.12E-08,1.73491867546953,2.81005883651352,0.899117004728705,0.0178231248947605
712,2.34E-07,1.72E-08,1.75137088301984,2.63197190036278,0.898502299098235,0.0142065078273342
713,1.65E-07,1.62E-08,1.8445014145305,2.54219758409139,0.894031894936865,0.0210565231305727
714,4.35E-07,6.89E-08,1.21097823622843,3.428466209293,0.941283328140368,0.0547450660209446
715,5.27E-07,7.11E-08,1.39982286907182,3.62321264642984,0.939190166232557,0.0464269425328202
716,3.86E-07,5.86E-08,0.736426116035025,3.23582463091613,0.944693737643861,0.0587954574267414
717,3.97E-07,6.17E-08,1.0715549155711,3.30197085827574,0.945342425669784,0.0626960926299677
718,4.25E-07,5.26E-08,2,3.10212320660447,0.94034655934165,0.059185885748244
719,4.49E-07,7.15E-08,2,3.29239218567714,0.95425309766018,0.0607605159751492
720,5.30E-07,3.25E-08,1.3697171706263,2.82112287741608,0.932832868625872,0.0407669199922415
721,4.53E-07,4.05E-08,1.32262621146778,3.07630338040794,0.939391122765154,0.0452321055367896
722,4.61E-07,4.45E-08,1.06834385951793,3.35602301502906,0.935365650093063,0.045986800974966
723,3.28E-07,4.89E-08,1.64731052619503,3.32323536942386,0.919680045049287,0.0410739278765706
724,3.58E-07,4.94E-08,2,3.30833173734958,0.922802748403117,0.0485871289206306
725,2.82E-07,3.95E-08,1.50188741696468,3.29508118647911,0.914648408856469,0.0450581061714187
726,2.88E-07,1.19E-07,1.55942245739489,3.62477683011292,0.93631111500376,0.0696271196185926
727,3.01E-07,1.19E-07,1.16370560066218,3.57416473826219,0.938613913983825,0.0703289493073752
728,4.14E-07,9.55E-08,1.35179673392831,3.5668733834548,0.944842892452,0.0528122496208657
729,2.89E-07,1.01E-07,1.5617827677815,3.59459900261597,0.934483682511084,0.0664000088744047
730,5.79E-07,9.96E-08,2,3.24328435557666,0.966999964322715,0.075248173764858
731,4.42E-07,6.43E-08,1.32222063083936,3.52901752393939,0.954044468393571,0.0506412737032946
732,5.73E-07,7.15E-08,1.27205091684843,3.37040306254187,0.948019699346623,0.0573125014866904
733,4.89E-07,6.39E-08,1.23350062032567,3.48548986894537,0.94578692356579,0.0492797961773446
734,3.32E-07,2.86E-08,0.456148640352528,3.01364819523619,0.908929676098811,0.0281885411068009
735,3.80E-07,2.40E-08,1.55192123122431,2.83214215668607,0.913240557341846,0.0217866244339336
736,4.20E-07,2.98E-08,2,2.83501189921364,0.911797555697105,0.0278340830439023
737,4.93E-07,3.75E-08,2,2.9598590792716,0.932454001737655,0.05095993988706
738,1.06E-06,9.93E-08,2,3.30937492167497,0.969416934999703,0.0621205579403532
739,6.90E-07,6.58E-08,1.25838715976197,3.37719482944989,0.953490871410244,0.0503899784495433
740,5.92E-07,5.13E-08,1.13545699085839,3.42195319115313,0.936308634230943,0.0401408295653208
741,6.39E-07,3.87E-08,1.46998004525246,2.96779611329932,0.934009969930595,0.0347915386645904
742,5.88E-07,6.68E-08,2,3.30530773719226,0.943201086670837,0.0452882500866594
743,4.58E-07,5.19E-08,1.52243747795984,3.2362618364278,0.939322772072447,0.0482553889995787
744,7.83E-07,7.06E-08,1.131762426187,3.39666693364619,0.949062316607502,0.0522504113599117
745,5.10E-07,5.33E-08,1.1397599126845,3.35575405692974,0.94485419079527,0.0426500179517686
746,1.30E-06,2.01E-07,2,3.31631164163985,0.990902991462022,0.139467379602774
747,8.61E-07,1.84E-07,2,3.55239815018681,0.990987174333906,0.132931006328866
748,9.25E-07,1.27E-07,2,3.68678561733289,0.977445215778202,0.0704506199221474
749,8.33E-07,1.12E-07,1.23642022816477,3.69755699533047,0.973484882080299,0.0695875538509246
750,4.86E-07,5.93E-08,2,3.18032190752309,0.956174364221172,0.0555774274830289
751,1.50E-06,9.36E-08,0.909251064362233,3.78764716031138,0.963592357910664,0.050944446939434
752,4.19E-07,3.23E-08,1.17625731221918,3.03895972421401,0.917310116581672,0.0289153754248213
753,2.90E-07,2.12E-08,1.73491867546953,2.81005883651352,0.899117004728705,0.0178231248947605
754,2.34E-07,1.72E-08,1.75137088301984,2.63197190036278,0.898502299098235,0.0142065078273342
755,1.65E-07,1.62E-08,1.8445014145305,2.54219758409139,0.894031894936865,0.0210565231305727
756,6.46E-07,6.25E-08,1.29157014205559,3.61147640637518,0.965646000451509,0.0662543859441946
757,7.27E-07,5.39E-08,1.3368699689199,3.61323426874144,0.960360042412335,0.064097446693025
758,7.64E-07,1.68E-07,2,3.84178445959083,0.991774259384153,0.141572951010665
759,7.04E-07,1.28E-07,1.0997874253748,3.80345099521951,0.984645232783978,0.089686072669702
760,4.08E-07,3.39E-08,2,3.12230075617056,0.92239520275461,0.0372465933194732
761,3.45E-07,2.24E-08,1.43552658910121,2.8338144307892,0.912073486043532,0.0236676454929391
762,4.42E-07,3.35E-08,2,3.18084463278387,0.929633301787551,0.0348890643086764
763,3.32E-07,2.31E-08,1.53880151953766,3.04682209265928,0.917640989791234,0.0300307523543284
764,4.18E-07,4.12E-08,1.57197869216796,3.17576754376023,0.922927573061003,0.0447720724574406
765,3.77E-07,2.54E-08,1.50288539421065,2.8806887236403,0.912422804440783,0.0222569847999274
766,6.30E-07,5.22E-08,1.62163032288482,3.28838954919744,0.930013655881192,0.051257109065475
767,3.81E-07,2.40E-08,1.41587591507381,2.77506048467455,0.914006038280384,0.0246544324247945
768,2.99E-07,3.23E-08,1.23542152834337,3.28079925644217,0.916556750795059,0.0263407249668514
769,2.49E-07,2.12E-08,1.67447302337414,3.04824856224384,0.908288708333605,0.0151658973666031
770,3.04E-07,2.79E-08,2,3.04957496715229,0.913669276186547,0.0319581651696652
771,3.38E-07,2.05E-08,1.56925276519842,2.67003254943903,0.902607138925343,0.0220400040153745
772,3.51E-07,3.51E-08,1.63409337583718,3.21506413779409,0.930433639071412,0.0376938449816721
773,3.96E-07,2.98E-08,1.41010547121136,3.0876068671795,0.923411079604053,0.0377665600841477
774,3.69E-07,3.98E-08,2,3.09786103646206,0.925833158707916,0.0485176973411132
775,4.41E-07,4.29E-08,2,3.17898569677537,0.936626066804201,0.0396387159617894
776,6.60E-07,1.07E-07,1.45271745226776,3.45195291683653,0.954639773210956,0.0525770810892642
777,7.71E-07,9.99E-08,1.33064796527453,3.49783597679603,0.962029750786609,0.0595221749990987
778,5.88E-07,1.00E-07,1.30247902321423,3.48693726397135,0.957630839713174,0.0502981848155087
779,6.08E-07,9.42E-08,1.36071757888113,3.58680825518442,0.95644757438248,0.0519217961848786
780,2.23E-07,1.76E-08,1.23213540589734,2.72869258749833,0.897605336475875,0.0142759930044161
781,2.43E-07,1.39E-08,1.68802500601425,2.26057192054526,0.901183424699591,0.0144071412071904
782,2.75E-07,3.11E-08,2,3.00828857384136,0.9099078361932,0.0340822741245432
783,2.84E-07,2.01E-08,0.523955575237772,2.69640661697114,0.903056270468406,0.029313981028005
784,5.01E-07,5.23E-08,1.43783081262355,3.36710587839115,0.946537228916441,0.0453967620583071
785,4.10E-07,3.33E-08,1.37701475662599,3.20378042241768,0.931904843796873,0.0327059434577396
786,4.36E-07,4.88E-08,1.35334110644661,3.52081053126672,0.943710234419168,0.042016961077892
787,4.37E-07,5.22E-08,0.366521807802092,3.36889014796934,0.948021517358523,0.0487276626526859
788,5.01E-07,5.23E-08,1.43783081262355,3.36710587839115,0.946537228916441,0.0453967620583071
789,4.10E-07,3.33E-08,1.37701475662599,3.20378042241768,0.931904843796873,0.0327059434577396
790,4.36E-07,4.88E-08,1.35334110644661,3.52081053126672,0.943710234419168,0.042016961077892
791,4.37E-07,5.22E-08,0.366521807802092,3.36889014796934,0.948021517358523,0.0487276626526859
792,4.71E-07,3.39E-08,1.47279805759108,2.52789109575751,0.926006041979887,0.0251775399245188
793,3.96E-07,2.01E-08,1.51170771391529,2.69273120994134,0.91947329458067,0.0253541742298903
794,4.71E-07,2.22E-08,1.28389326757809,3.13148148685361,0.934214905308283,0.029652165620527
795,3.97E-07,2.48E-08,1.31159798057873,3.24336036634563,0.931747970312933,0.0318271676170082
796,8.68E-07,8.03E-08,1.30762176956154,3.78705012701456,0.966608494143431,0.0629412478762467
797,8.46E-07,1.01E-07,1.15254807834479,3.84437951487116,0.966224518501241,0.0641288285191636
798,1.27E-06,1.16E-07,1.23929545132479,3.77452986293093,0.975596693382053,0.0623652589904676
799,1.10E-06,1.09E-07,1.18526226277112,3.88252550767168,0.976093997389832,0.0754177343689499
800,3.91E-07,1.18E-07,2,3.33873307804947,0.947474803655256,0.0884111685702239
801,3.79E-07,1.23E-07,2,3.39953439397212,0.946651622955313,0.0798838294861065
802,3.72E-07,1.17E-07,0.576024273929264,3.41694228873464,0.945948979385235,0.0853992569451876
803,4.40E-07,1.25E-07,1.12922008519583,3.6187462310279,0.942643142237012,0.0762775454593587
804,3.74E-07,1.19E-07,1.12149695097664,3.55828872679154,0.94154552838546,0.0821692466941638
805,4.11E-07,1.10E-07,2,3.52324550853175,0.944774958078225,0.0841213739283127
806,4.09E-07,1.17E-07,1.41992966389697,3.72113024164294,0.936659498523771,0.074101289275269
807,3.82E-07,1.09E-07,1.35799654436003,3.63948287523466,0.937706695729417,0.0720158787229359
808,4.85E-07,3.51E-08,1.37264240937913,3.2596428872994,0.932837709610878,0.0367401221540992
809,5.30E-07,3.88E-08,1.48220956636707,3.08588328316775,0.93292633592695,0.033931582673534
810,5.45E-07,4.95E-08,1.35467444724098,3.29462577719329,0.942424176690211,0.0378095896827247
811,6.29E-07,8.30E-08,0.64568357918827,3.3555177955657,0.964267897881814,0.0598197891365607
812,3.75E-07,2.96E-08,1.3578815149714,3.0720606587551,0.918845229742472,0.0277763989296246
813,3.46E-07,2.12E-08,1.56290871230604,2.6414076254436,0.911248142781619,0.0214035618462044
814,3.37E-07,3.41E-08,2,2.94412774322433,0.923035476850272,0.0413725098276039
815,3.20E-07,2.78E-08,1.35344418482622,3.03647601528365,0.915066119375047,0.0292473289866905
816,7.00E-07,4.33E-08,1.42859104954275,3.35886448251114,0.95320974059913,0.0493870829549408
817,7.78E-07,4.39E-08,1.36000229117049,3.36243694349139,0.954861306637344,0.0456988421365915
818,7.93E-07,5.60E-08,2,3.28564356158571,0.961563349691786,0.0549496757878891
819,9.61E-07,7.82E-08,2,3.38203010162069,0.970036695880359,0.0632058204258489
820,5.82E-07,6.98E-08,1.3854270660105,3.37014942972104,0.943498247887996,0.0418373315441213
821,6.44E-07,7.72E-08,1.30938801008338,3.35448930173548,0.941908775045504,0.056562276472844
822,3.76E-07,3.51E-08,1.58833032435472,3.11336955027713,0.920050570907029,0.0414876398605728
823,5.14E-07,5.12E-08,1.33813671219788,3.16561792477156,0.938688308846075,0.0415533275197948
824,3.93E-07,1.99E-08,1.45693054580476,2.93943327348443,0.919585570434128,0.0329330439014631
825,3.55E-07,2.45E-08,1.4273569826865,3.15399437885021,0.926494855594779,0.0321848621584225
826,4.16E-07,3.57E-08,2,3.2506231720149,0.939474724608802,0.0447791599565345
827,4.63E-07,4.28E-08,2,2.98489679330115,0.940425344111423,0.0510089934580568
828,1.33E-06,1.15E-07,1.12479137240798,3.77170193646207,0.977170488063319,0.0781219419639722
829,1.09E-06,1.11E-07,1.21181479331805,3.85795887543151,0.973474317515125,0.0811360750253546
830,5.03E-07,6.75E-08,1.24155970696432,3.8513243513509,0.9667722364067,0.0932207221051616
831,4.42E-07,5.78E-08,1.26155967204802,3.80771553006343,0.962979881877469,0.0886761066090019
832,8.09E-07,1.06E-07,0.413423167757288,3.5035220060427,0.976356659957794,0.0670142515364456
833,6.49E-07,7.59E-08,1.10610096971698,3.69998100828172,0.966352356816878,0.0826932428102467
834,7.84E-07,8.25E-08,2,3.66103560461393,0.968079847789798,0.0705226899836932
835,7.07E-07,8.26E-08,1.35072307882871,3.74267180424427,0.967350278056128,0.0749106488979744
836,4.71E-07,6.48E-08,1.19034217848724,3.1122253642295,0.941770227118663,0.0597493087940955
837,7.57E-07,1.21E-07,2,3.40433461849253,0.966954172183893,0.0747918933622427
838,5.69E-07,6.03E-08,1.46668161109338,3.46123877653534,0.939233084267568,0.0382077152687612
839,7.02E-07,9.14E-08,2,3.3287321373894,0.955925227648841,0.0569277481801126
840,1.11E-06,8.48E-08,1.18656590994693,3.61770953787497,0.961433132756976,0.0604578194006467
841,9.15E-07,8.46E-08,0.657937193597573,3.38246773100411,0.964337516817675,0.0712695364898934
842,7.91E-07,1.45E-07,2,3.37761312506247,0.983786095361265,0.0942566066019205
843,7.48E-07,1.29E-07,2,3.22674382906282,0.97944916377336,0.0902475344175698
844,2.70E-07,5.33E-08,1.39171629192255,3.32303603484653,0.914403932051823,0.0584811328152769
845,2.43E-07,6.73E-08,1.79954503776563,3.06228548790981,0.908753080176899,0.0283051401249973
846,2.89E-07,7.61E-08,2,3.4318408538718,0.915202355564784,0.0572679708766969
847,2.07E-07,8.97E-08,1.70146440770768,3.30086620880944,0.907049852227264,0.0254704677145027
848,9.35E-07,7.33E-08,1.27362018027874,3.70033972298202,0.966099505965461,0.0592840462660373
849,6.76E-07,5.62E-08,1.46862253845456,3.72256209215996,0.95625440012044,0.0557652736842258
850,8.75E-07,1.16E-07,1.33044191939505,3.88526633811598,0.981921820479782,0.0683824054890514
851,1.22E-06,9.52E-08,1.08191904443294,3.74741896883244,0.978113158106072,0.0721706924446963
852,3.76E-07,3.89E-08,1.48595178584319,3.25964194987244,0.91985812547973,0.0387310973899963
853,3.53E-07,2.96E-08,1.68495557144666,2.747431679723,0.909610359165926,0.0300067326273051
854,4.10E-07,3.64E-08,0.245515519045237,3.16891618363257,0.923985802341729,0.0363606762431381
855,3.08E-07,2.77E-08,1.16973684088715,3.02025557478177,0.908841820342497,0.0334203670493733
856,5.92E-07,7.03E-08,1.19463918579683,3.56301134162242,0.944711461822554,0.0469536315038539
857,6.24E-07,7.99E-08,1.34228944343329,3.34744103862349,0.954867175257692,0.0511484797318009
858,5.45E-07,6.77E-08,1.17624285097923,3.47811814183554,0.942736316483208,0.0472087271709089
859,6.04E-07,4.17E-08,1.4864057690554,2.97924251722212,0.936414776756875,0.0385350266135188
860,5.68E-07,6.67E-08,1.083145543847,3.36645772470689,0.940721539667627,0.0545112256124495
861,3.42E-07,4.00E-08,1.27201134579778,3.19940309150742,0.92568570069947,0.0439677157075303
862,3.87E-07,5.15E-08,1.38131557247244,3.20403185582453,0.932530330211655,0.054345246467021
863,4.86E-07,5.15E-08,1.20941884886991,3.3342251600734,0.929629469048893,0.0474078658973003
864,8.68E-07,8.03E-08,1.30762176956154,3.78705012701456,0.966608494143431,0.0629412478762467
865,8.46E-07,1.01E-07,1.15254807834479,3.84437951487116,0.966224518501241,0.0641288285191636
866,1.27E-06,1.16E-07,1.23929545132479,3.77452986293093,0.975596693382053,0.0623652589904676
867,1.10E-06,1.09E-07,1.18526226277112,3.88252550767168,0.976093997389832,0.0754177343689499
868,4.19E-07,3.23E-08,1.17625731221918,3.03895972421401,0.917310116581672,0.0289153754248213
869,2.90E-07,2.12E-08,1.73491867546953,2.81005883651352,0.899117004728705,0.0178231248947605
870,2.34E-07,1.72E-08,1.75137088301984,2.63197190036278,0.898502299098235,0.0142065078273342
871,1.65E-07,1.62E-08,1.8445014145305,2.54219758409139,0.894031894936865,0.0210565231305727
872,5.32E-07,4.74E-08,1.39529616033875,3.34402804032976,0.92756234702876,0.0460475009253645
873,6.04E-07,5.63E-08,1.40384369366601,3.53125657334,0.9361554040582,0.0411471825658361
874,5.84E-07,4.62E-08,1.56828301741642,3.16339864262922,0.935523836541255,0.0516317595973133
875,7.78E-07,7.99E-08,1.02548853558302,3.35146653488949,0.95178422794574,0.0557685205592912
876,3.05E-07,2.19E-08,1.55153845603944,2.87699340556957,0.89952530898015,0.0260508582443058
877,3.06E-07,2.94E-08,1.48412902499897,3.13578459179685,0.91053322380806,0.0241627581449573
878,3.33E-07,2.16E-08,1.54046971852744,2.76714928892308,0.901813302418722,0.0310357061156193
879,3.08E-07,2.40E-08,1.5381714208468,2.79218528917038,0.909763907701563,0.0178948831374136
880,3.69E-07,3.26E-08,1.43288689494749,3.24387462077427,0.923357455149532,0.028950275439971
881,4.29E-07,4.43E-08,1.47972841733193,3.37444609349534,0.933993284805645,0.0368394839028267
882,3.61E-07,3.56E-08,1.01524648811875,3.16451665785758,0.922450382972087,0.0457970433377148
883,4.36E-07,4.55E-08,2,3.09816383488298,0.937986629597446,0.0436694830716192
884,4.66E-07,6.01E-08,2,3.22410750217704,0.947050042283188,0.0543591681224628
885,4.62E-07,3.97E-08,1.45242092906033,3.26252738446377,0.935162665890667,0.0375797149727527
886,5.58E-07,7.30E-08,2,3.22086962334712,0.955124685794093,0.0577014765648485
887,4.99E-07,5.82E-08,2,3.1020794490098,0.948607917234506,0.0580790236851153
888,4.72E-07,5.82E-08,1.23659953314301,3.52815501703176,0.952831041575822,0.0442596466062194
889,5.90E-07,1.16E-07,1.12113793103732,3.71154254929823,0.97663959715779,0.0728941347868212
890,5.02E-07,4.51E-08,1.10280880053151,3.14858883207501,0.937401917303736,0.0351769816071884
891,5.54E-07,6.21E-08,1.35255343193873,3.42154316940737,0.951300457258167,0.0462553634535507
892,1.28E-06,2.03E-07,2,3.20955703507189,0.991205772854878,0.156540080203192
893,1.04E-06,1.22E-07,1.33311942914,3.35116836933395,0.980187418284935,0.0792642950856904
894,1.08E-06,1.12E-07,1.05877398647349,3.37511349980758,0.971458318128438,0.0795910655543791
895,8.25E-07,8.72E-08,1.14627455077284,3.64867180756402,0.959239420623077,0.0588624700576372
896,2.74E-07,3.91E-08,1.42059925107234,3.19347662107877,0.906947307495535,0.0343715593481877
897,2.19E-07,3.34E-08,1.77799350919727,2.89951840400424,0.90214094711607,0.0178037595651446
898,2.34E-07,1.59E-08,2,2.9202965427533,0.907859076920806,0.0471304871027758
899,2.23E-07,2.37E-08,1.49267937465053,3.10073573142495,0.90527388880943,0.0367894736336498
900,6.32E-07,5.75E-08,0.712623114648826,3.35358163336705,0.938429525044747,0.0443062370260622
901,3.79E-07,4.04E-08,1.41314758303357,3.1272501077256,0.92737286346896,0.0391948564568291
902,3.93E-07,3.49E-08,1.65998014730811,3.12220989977483,0.918933452224295,0.038779314073354
903,3.85E-07,2.86E-08,1.36903968557565,3.01722649317819,0.91636018087961,0.0324797633648923
904,8.93E-07,1.62E-07,2,3.21950872418788,0.969588435978245,0.070043904024516
905,6.43E-07,1.32E-07,2,3.26173545708201,0.966553932781273,0.0683752603043537
906,3.92E-07,1.11E-07,1.03252986259869,3.51274418913295,0.945623006492825,0.0676079876795825
907,5.23E-07,1.19E-07,1.17560542947375,3.59359971975947,0.94700390894477,0.0625527901720204
908,3.06E-07,2.25E-08,0.993557538051154,2.93770302367182,0.907866096295791,0.027643807774983
909,3.00E-07,2.29E-08,1.68551645129964,2.63409326668305,0.904561978559855,0.0206220361221509
910,3.02E-07,2.92E-08,2,3.04939824018305,0.907391968974925,0.0378803562279787
911,2.58E-07,3.34E-08,0.667809056464476,2.99394798229344,0.901479156402944,0.0332607377640292
912,2.59E-07,1.38E-08,1.62089457798625,2.58302153549996,0.898059079555941,0.025075139572678
913,2.38E-07,9.55E-09,1.74360313576556,2.13994827499813,0.895647091816066,0.0276957525873985
914,3.29E-07,2.73E-08,1.45042726571202,3.21967193874975,0.928314598045852,0.0330490446759371
915,2.79E-07,2.08E-08,1.60519505276198,3.13378472333169,0.915931542947622,0.0321099014006955
916,1.94E-07,1.47E-08,1.72797859812607,2.33672268263383,0.895065980997189,0.0111823928644879
917,1.91E-07,2.45E-08,0.304397914462343,2.72413727704734,0.892780564794072,0.0107856165871747
918,2.03E-07,1.94E-08,1.3685208340935,2.55094572754419,0.889739710947361,0.0123799404007303
919,1.61E-07,1.88E-08,0.858372965537761,2.36487768828001,0.883686560789393,0.0104127567748743
920,7.97E-07,7.09E-08,1.13052640930953,3.45655408129658,0.950244959440058,0.0531532088122404
921,5.94E-07,5.43E-08,1.36478722152233,3.51079189582041,0.938797631023755,0.0386506426557146
922,1.07E-06,1.09E-07,0.579382863864772,3.43108409894015,0.970038594467642,0.0661258670296765
923,5.88E-07,5.40E-08,1.37579473631501,3.42281547619707,0.939435197369348,0.041670885715725
924,4.14E-07,4.64E-08,1.54902348333208,3.51428986934495,0.929295966195351,0.0442133755517662
925,3.26E-07,2.77E-08,1.76407359374926,3.32330123795518,0.929302794477344,0.0589100751528837
926,4.97E-07,6.47E-08,1.00205083399717,3.52549006740407,0.936199922868874,0.0479004317753535
927,3.70E-07,7.45E-08,1.5460383500606,3.48488508927468,0.929063124293597,0.059753280322672
928,4.01E-07,1.26E-07,1.38989828876213,3.76381957257316,0.933987712611858,0.0721392252551614
929,3.88E-07,1.12E-07,1.29188702479529,3.73745978136707,0.941405268296148,0.0659619202790116
930,3.63E-07,1.18E-07,1.42014575927588,3.69144592907996,0.934900890363611,0.0659478409044141
931,3.40E-07,1.27E-07,1.3392327652475,3.6445612967168,0.939040354595746,0.0697718602072539
932,3.15E-07,2.67E-08,1.478590698564,2.93993947086609,0.910870778354491,0.031356488166906
933,2.38E-07,1.22E-08,1.73760937096143,2.31982311229954,0.90116094090079,0.0218995801851939
934,3.52E-07,4.75E-08,2,3.11223429212175,0.926641548563014,0.0414279350809694
935,3.35E-07,3.37E-08,1.61660009022287,2.86513296513518,0.911478806126706,0.020896194954842
936,6.00E-07,5.87E-08,1.24912047289751,3.26208393114378,0.9485946819645,0.0477040398719729
937,4.50E-07,4.99E-08,1.478204872109,3.15542936511475,0.934657466024829,0.0642178351717656
938,8.44E-07,8.32E-08,1.17215454052771,3.48753657271081,0.959446934579471,0.0514063479077737
939,6.07E-07,8.78E-08,1.28364517993192,3.36422428888664,0.963568080324459,0.0547360534048573
940,3.02E-07,1.22E-07,0.917136894928227,3.54757283006461,0.938540878100832,0.0809907855693339
941,3.18E-07,1.30E-07,2,3.53334168197353,0.939066114909321,0.0857292579524732
942,2.93E-07,1.14E-07,1.39735548662086,3.75471097268412,0.936251511223072,0.0699040597612545
943,2.99E-07,1.25E-07,1.31449985752656,3.66017136676924,0.935297249952574,0.0700452623460871
944,3.60E-07,2.77E-08,1.63596689589672,3.05507076381792,0.91934257724213,0.0331991832379176
945,3.49E-07,2.15E-08,1.74153510581661,2.76082546877057,0.907983429254116,0.028434584873994
946,4.26E-07,3.88E-08,1.53051921603539,3.30865489617704,0.927455164772992,0.0363301876599306
947,4.10E-07,4.27E-08,1.40262900442967,3.36626560686751,0.931154869112037,0.0330201792051396
948,3.77E-07,9.67E-08,2,3.51708734350829,0.940372032718956,0.0826382092261009
949,4.24E-07,9.89E-08,2,3.4054386769909,0.94724661189366,0.0818398413019066
950,4.81E-07,1.02E-07,1.23183232853694,3.72898415918766,0.941004614542901,0.0657680543279905
951,4.40E-07,9.78E-08,2,3.53004798117854,0.945218947002717,0.0719586357926895
952,3.66E-07,3.82E-08,1.2062126536914,3.29584865522293,0.934533856254827,0.0403069248152115
953,3.33E-07,2.35E-08,1.59889529726331,2.96407850486104,0.914879931598597,0.0290570794279568
954,4.12E-07,3.69E-08,2,3.05998011813257,0.924260172945372,0.0389878513776463
955,3.94E-07,3.74E-08,0.790988473220046,3.14079934412834,0.932673418655848,0.0360643296068542
956,8.71E-07,1.51E-07,2,3.49156642489118,0.989324808443346,0.126231881775516
957,1.07E-06,1.08E-07,1.2201198435235,3.74389557780415,0.980633339554845,0.0792724613581517
958,1.20E-06,2.09E-07,2,3.3630824356697,0.993297459625991,0.200868315027594
959,8.84E-07,1.82E-07,2,3.67785402477643,0.992319222040884,0.160159586034135
960,1.16E-06,1.65E-07,2,3.27141769288746,0.985450318363635,0.0917988091235932
961,1.05E-06,1.48E-07,2,3.31723025996128,0.984680913256709,0.0858630223621698
962,1.72E-06,1.75E-07,1.19954663746363,3.670510824696,0.976688809851558,0.0979884782559246
963,1.71E-06,1.86E-07,0.372993130260848,3.55685010742869,0.982355349854968,0.1118470143305
964,3.56E-07,1.21E-07,1.28783836668938,3.71189678494547,0.933764796762074,0.0626857500115445
965,3.42E-07,1.12E-07,1.02302941054161,3.61673510934269,0.93123907493523,0.0749555042512914
966,3.24E-07,1.25E-07,1.01744457164883,3.62398854231749,0.93444683815443,0.0800688152685463
967,4.69E-07,1.16E-07,1.37923402683496,3.72683682222551,0.931302784269375,0.0605477979386014
968,4.08E-07,3.39E-08,2,3.12230075617056,0.92239520275461,0.0372465933194732
969,3.45E-07,2.24E-08,1.43552658910121,2.8338144307892,0.912073486043532,0.0236676454929391
970,4.42E-07,3.35E-08,2,3.18084463278387,0.929633301787551,0.0348890643086764
971,3.32E-07,2.31E-08,1.53880151953766,3.04682209265928,0.917640989791234,0.0300307523543284
972,4.71E-07,6.48E-08,1.19034217848724,3.1122253642295,0.941770227118663,0.0597493087940955
973,7.57E-07,1.21E-07,2,3.40433461849253,0.966954172183893,0.0747918933622427
974,5.69E-07,6.03E-08,1.46668161109338,3.46123877653534,0.939233084267568,0.0382077152687612
975,7.02E-07,9.14E-08,2,3.3287321373894,0.955925227648841,0.0569277481801126
976,6.32E-07,5.75E-08,0.712623114648826,3.35358163336705,0.938429525044747,0.0443062370260622
977,3.79E-07,4.04E-08,1.41314758303357,3.1272501077256,0.92737286346896,0.0391948564568291
978,3.93E-07,3.49E-08,1.65998014730811,3.12220989977483,0.918933452224295,0.038779314073354
979,3.85E-07,2.86E-08,1.36903968557565,3.01722649317819,0.91636018087961,0.0324797633648923
980,3.53E-07,2.54E-08,0.849933578622636,3.12804833102278,0.921316905141921,0.0344779204196551
981,3.41E-07,1.68E-08,1.60161376907759,2.69879572209045,0.910865317593499,0.0230946823039666
982,4.10E-07,2.93E-08,2,3.11679374746952,0.925766966015829,0.0307640480733637
983,3.34E-07,2.73E-08,1.58066187905637,3.01138912747104,0.91668969696096,0.0269338145196012
984,4.04E-07,6.27E-08,1.2480204213673,3.37564605352401,0.939634194233328,0.0504014012065104
985,4.80E-07,4.87E-08,1.55211104929909,3.18563486612376,0.927849046159856,0.0377650965295369
986,4.59E-07,7.12E-08,2,3.11706162751246,0.943855897441203,0.0654147189278348
987,4.35E-07,6.38E-08,1.20298299767731,3.395940646714,0.940226438754933,0.0496377362810292
988,5.94E-07,4.18E-08,1.18237610891189,3.51478315814282,0.933887176599775,0.0347329245486788
989,3.14E-07,3.21E-08,2,3.3144383338564,0.938786765745913,0.0575878379146825
990,3.94E-07,2.80E-08,1.53187926242856,3.24573567418526,0.927410508298194,0.0378211537995355
991,3.53E-07,4.30E-08,2,3.29923685253744,0.936024704686274,0.0572264631997399
992,3.89E-07,4.48E-08,0.712751293497511,3.31810688352963,0.933145458205167,0.0532959602340737
993,6.62E-07,6.15E-08,1.21774674589052,3.78753971571644,0.964861311200983,0.0741390135928149
994,1.15E-06,8.98E-08,1.3648585649251,3.69958179024299,0.964831532446596,0.0644288812513385
995,1.02E-06,8.35E-08,1.06660572651082,3.58697903016674,0.97552310084716,0.0984250893387463
996,8.92E-07,7.33E-08,1.22709042628159,3.77229338107072,0.968927989183861,0.0775359930952096
997,3.60E-07,2.77E-08,1.63596689589672,3.05507076381792,0.91934257724213,0.0331991832379176
998,3.49E-07,2.15E-08,1.74153510581661,2.76082546877057,0.907983429254116,0.028434584873994
999,4.26E-07,3.88E-08,1.53051921603539,3.30865489617704,0.927455164772992,0.0363301876599306
1000,4.10E-07,4.27E-08,1.40262900442967,3.36626560686751,0.931154869112037,0.0330201792051396
1001,3.14E-07,3.21E-08,2,3.3144383338564,0.938786765745913,0.0575878379146825
1002,3.94E-07,2.80E-08,1.53187926242856,3.24573567418526,0.927410508298194,0.0378211537995355
1003,3.53E-07,4.30E-08,2,3.29923685253744,0.936024704686274,0.0572264631997399
1004,3.89E-07,4.48E-08,0.712751293497511,3.31810688352963,0.933145458205167,0.0532959602340737
1005,4.35E-07,4.37E-08,1.41813609662922,3.18146751327938,0.931982979344635,0.0391520519026867
1006,3.14E-07,2.03E-08,1.66482738244902,2.6984989729374,0.908923366031987,0.0210380490373042
1007,4.85E-07,6.40E-08,2,3.07721978490048,0.943783750600829,0.0580583205566477
1008,3.49E-07,2.59E-08,1.61695636433042,3.00845278175035,0.913826405219329,0.0212842244739814
1009,6.46E-07,6.25E-08,1.29157014205559,3.61147640637518,0.965646000451509,0.0662543859441946
1010,7.27E-07,5.39E-08,1.3368699689199,3.61323426874144,0.960360042412335,0.064097446693025
1011,7.64E-07,1.68E-07,2,3.84178445959083,0.991774259384153,0.141572951010665
1012,7.04E-07,1.28E-07,1.0997874253748,3.80345099521951,0.984645232783978,0.089686072669702
1013,4.08E-07,3.39E-08,2,3.12230075617056,0.92239520275461,0.0372465933194732
1014,3.45E-07,2.24E-08,1.43552658910121,2.8338144307892,0.912073486043532,0.0236676454929391
1015,4.42E-07,3.35E-08,2,3.18084463278387,0.929633301787551,0.0348890643086764
1016,3.32E-07,2.31E-08,1.53880151953766,3.04682209265928,0.917640989791234,0.0300307523543284
1017,4.32E-07,1.22E-07,1.41330456885957,3.70318998162931,0.93477175392875,0.0632851382698934
1018,4.73E-07,1.25E-07,0.844406761372154,3.53008486740272,0.947690951424821,0.0573453775238518
1019,3.01E-07,1.12E-07,1.37584185112526,3.59023686139344,0.934521556752274,0.0749977834419687
1020,3.55E-07,1.22E-07,1.26970620022269,3.64997706770632,0.936373753863501,0.07543691147859
1021,7.44E-07,3.91E-08,1.03457506981324,2.78216485310361,0.937848203094771,0.033415345785721
1022,2.95E-07,1.14E-08,1.12473435576762,2.21344608995511,0.900513910332274,0.018562342412454
1023,5.57E-07,2.65E-08,1.19727426389992,3.10910361136542,0.92654065123199,0.0304673625340636
1024,4.26E-07,1.85E-08,1.48359760197738,2.98792121972153,0.91299213028865,0.0339114107285217
1025,2.97E-07,2.04E-08,1.27092157239604,2.83706171700606,0.904313296577305,0.0211901750309872
1026,2.53E-07,1.71E-08,0.882378781179796,2.8113408031027,0.89980495135333,0.0264493975141796
1027,2.86E-07,2.11E-08,2,2.7768721921123,0.904952181304204,0.0355757417728754
1028,2.93E-07,2.18E-08,2,2.79020015286611,0.904601843510234,0.0398580947233003
1029,9.77E-07,9.85E-08,1.22832343223575,3.84789691860019,0.970287880476795,0.0676590261730986
1030,1.05E-06,1.16E-07,1.10382630750235,3.97213089705301,0.977334931872157,0.0742971750892264
1031,9.68E-07,9.70E-08,1.25212843655415,3.77528380189421,0.973808612821779,0.0773026405284426
1032,9.30E-07,9.27E-08,1.14826809672939,3.73110355535748,0.972398592130346,0.0722378128319805
1033,3.49E-07,1.38E-07,1.43611916162752,3.67217286906979,0.937879420503345,0.0734715684061738
1034,3.41E-07,1.31E-07,0.749955890411887,3.4980063150744,0.942347921156397,0.0877733993513292
1035,4.70E-07,1.17E-07,1.48359399017877,3.6671662958235,0.937273365723237,0.064442897461785
1036,3.27E-07,1.32E-07,1.05457350902556,3.5054333798441,0.93976032201448,0.0781374703500665
1037,3.35E-07,2.70E-08,2,2.99374478955268,0.914423273709099,0.0349462196895832
1038,3.17E-07,2.30E-08,1.50339413317271,2.82904460053747,0.906060825079379,0.0152625738746749
1039,3.16E-07,2.11E-08,0.341744570956126,2.84045890848997,0.914786938181411,0.0315192323836416
1040,2.48E-07,1.44E-08,1.66210947317491,2.7390403210346,0.905465060444898,0.0131473130240034
1041,1.46E-06,1.52E-07,1.00386238395334,3.60410454645854,0.977421277365014,0.0734139103707155
1042,1.18E-06,1.70E-07,2,3.2143824388759,0.98584485416444,0.105190532898807
1043,8.33E-07,7.23E-08,1.31397332322277,3.58998990208926,0.954580193629463,0.0469540212201783
1044,9.19E-07,7.81E-08,1.15286336891968,3.58101994830018,0.957988790256274,0.0382649599785372
1045,2.89E-07,2.02E-08,1.43616490521564,2.99700675304541,0.915674448721615,0.0267553729324398
1046,3.17E-07,1.55E-08,1.53073281294019,2.51020946059162,0.913066984358394,0.0178247980654613
1047,2.69E-07,1.40E-08,1.68562282754046,2.50798503423058,0.902378938607607,0.0191973574671898
1048,2.94E-07,1.48E-08,1.43461428456726,2.41721801996372,0.903992895060653,0.017027684034615
1049,3.15E-07,2.08E-08,1.59186142575288,2.93266314457255,0.909010397111501,0.0215913888822576
1050,2.78E-07,2.01E-08,1.67849967272512,2.68548094504992,0.905381130314402,0.0172349056379696
1051,3.69E-07,2.71E-08,1.59541778949247,2.97381087252066,0.914748957729373,0.0287937106154327
1052,3.90E-07,2.94E-08,1.04532256774303,3.23628052931183,0.918431485822055,0.028267250922039
1053,3.95E-07,4.27E-08,1.42841323689102,3.3777625873259,0.926799696384814,0.0363609435799869
1054,4.02E-07,3.70E-08,1.39484381570322,3.038037109592,0.926897041935316,0.026031791148407
1055,5.82E-07,5.23E-08,1.50039274978693,3.32336436806275,0.932774562402203,0.0485653704687294
1056,5.21E-07,4.58E-08,1.57065556219613,3.23089484805353,0.927490517213474,0.0465585613536678
1057,3.42E-07,1.20E-07,1.45367242673587,3.74249192962528,0.933196634392368,0.0721148901106166
1058,4.30E-07,1.03E-07,1.48344670754861,3.69051624256073,0.934691312563953,0.0636555899692121
1059,3.22E-07,1.13E-07,1.23983145793274,3.66689564040065,0.936440947845166,0.0787636950570417
1060,2.82E-07,1.08E-07,1.28579784154847,3.6600545085135,0.933503745868642,0.0829425673519417
1061,8.71E-07,1.51E-07,2,3.49156642489118,0.989324808443346,0.126231881775516
1062,1.07E-06,1.08E-07,1.2201198435235,3.74389557780415,0.980633339554845,0.0792724613581517
1063,1.20E-06,2.09E-07,2,3.3630824356697,0.993297459625991,0.200868315027594
1064,8.84E-07,1.82E-07,2,3.67785402477643,0.992319222040884,0.160159586034135
1065,3.42E-07,1.20E-07,1.45367242673587,3.74249192962528,0.933196634392368,0.0721148901106166
1066,4.30E-07,1.03E-07,1.48344670754861,3.69051624256073,0.934691312563953,0.0636555899692121
1067,3.22E-07,1.13E-07,1.23983145793274,3.66689564040065,0.936440947845166,0.0787636950570417
1068,2.82E-07,1.08E-07,1.28579784154847,3.6600545085135,0.933503745868642,0.0829425673519417
1069,4.41E-07,5.72E-08,0.864606492048467,3.33982733255007,0.945161008389258,0.0522768123300083
1070,3.61E-07,4.47E-08,1.17135047694446,3.28348844783187,0.93680318003127,0.0568881235698122
1071,4.67E-07,3.39E-08,1.33536211886604,2.9482336765338,0.933619477041415,0.0431542081152519
1072,4.06E-07,4.47E-08,1.3546959835971,3.25094345227058,0.940562810078239,0.0382713233142498
1073,4.36E-07,3.44E-08,1.3873473957121,3.24696957763959,0.927698333519903,0.0336366210126745
1074,3.06E-07,2.19E-08,1.67246661293004,2.76220754759481,0.905890609997693,0.0189173106368705
1075,5.00E-07,4.35E-08,0.998875386027234,3.20199893015306,0.929376704219409,0.0392363071044765
1076,3.83E-07,2.24E-08,1.62617037409098,2.89542153721101,0.914440430139971,0.0231492881334889
1077,9.35E-07,7.33E-08,1.27362018027874,3.70033972298202,0.966099505965461,0.0592840462660373
1078,6.76E-07,5.62E-08,1.46862253845456,3.72256209215996,0.95625440012044,0.0557652736842258
1079,8.75E-07,1.16E-07,1.33044191939505,3.88526633811598,0.981921820479782,0.0683824054890514
1080,1.22E-06,9.52E-08,1.08191904443294,3.74741896883244,0.978113158106072,0.0721706924446963
1081,4.83E-07,5.26E-08,1.44798569801967,3.46420862960645,0.937480313408221,0.0396990022640426
1082,4.09E-07,3.97E-08,1.4637080431858,3.28738482412545,0.922434645177754,0.0312247393941313
1083,3.93E-07,5.33E-08,2,3.27168423902394,0.936010083385897,0.050593168432389
1084,3.72E-07,4.65E-08,2,3.13457841626908,0.930209259024692,0.051514670401973
1085,3.17E-07,2.06E-08,1.68005783800594,2.78393138111475,0.913999589237492,0.0377147554343787
1086,3.61E-07,2.09E-08,1.44023323805887,3.0313029782658,0.923079855226628,0.032298298260005
1087,3.74E-07,3.48E-08,1.26462909036799,3.27852265286424,0.927829308783845,0.0378372366901786
1088,3.86E-07,4.02E-08,1.23567703366374,3.2131669157415,0.928904997678317,0.0411741842467831
1089,3.32E-07,5.54E-08,1.69631653509246,3.48669323806361,0.92150914382745,0.0447448147716593
1090,5.73E-07,5.13E-08,1.28369621439418,3.51815037780052,0.940549260179153,0.0341727907156734
1091,6.24E-07,6.34E-08,0.333432240185003,3.47543952028582,0.944297470199428,0.04577063129188
1092,7.69E-07,7.55E-08,2,3.42159901045452,0.953169812156174,0.051166542159067
1093,3.76E-07,5.86E-08,1.04354944091287,3.28171464319697,0.943890279602427,0.0565402983441738
1094,3.80E-07,5.78E-08,2,3.21658690987343,0.941016884838332,0.0604315755988717
1095,3.75E-07,5.76E-08,1.15843134775856,3.29830722767124,0.941969301634196,0.0655879714701361
1096,4.18E-07,4.26E-08,1.39920703327129,3.46191667647712,0.932920733947686,0.0450180501483978
1097,4.16E-07,4.45E-08,1.4700870916286,3.29792196974144,0.935790921924295,0.0403665157553573
1098,4.12E-07,3.94E-08,1.57613123181588,3.20515547650292,0.925947005329186,0.0375915820781453
1099,4.95E-07,6.16E-08,2,3.26879810309036,0.939549057595741,0.0567975139046766
1100,4.09E-07,5.58E-08,1.19423060627259,3.3268780751858,0.931231084625418,0.0500014772576637
1101,6.46E-07,6.25E-08,1.29157014205559,3.61147640637518,0.965646000451509,0.0662543859441946
1102,7.27E-07,5.39E-08,1.3368699689199,3.61323426874144,0.960360042412335,0.064097446693025
1103,7.64E-07,1.68E-07,2,3.84178445959083,0.991774259384153,0.141572951010665
1104,7.04E-07,1.28E-07,1.0997874253748,3.80345099521951,0.984645232783978,0.089686072669702
1105,6.00E-07,5.87E-08,1.24912047289751,3.26208393114378,0.9485946819645,0.0477040398719729
1106,4.50E-07,4.99E-08,1.478204872109,3.15542936511475,0.934657466024829,0.0642178351717656
1107,8.44E-07,8.32E-08,1.17215454052771,3.48753657271081,0.959446934579471,0.0514063479077737
1108,6.07E-07,8.78E-08,1.28364517993192,3.36422428888664,0.963568080324459,0.0547360534048573
1109,4.41E-07,3.77E-08,1.7244484051359,2.96171511522549,0.919805650503978,0.0524743684968424
1110,2.98E-07,2.99E-08,1.31179793062997,3.17747232383164,0.908749154942812,0.0215883374059039
1111,4.30E-07,4.56E-08,1.61680938464017,3.21027162673542,0.930359193654482,0.0436236947460422
1112,3.69E-07,3.46E-08,1.62573962899095,3.08494982213817,0.922065867239053,0.0453443511524854
1113,3.74E-07,1.19E-07,1.12149695097664,3.55828872679154,0.94154552838546,0.0821692466941638
1114,4.11E-07,1.10E-07,2,3.52324550853175,0.944774958078225,0.0841213739283127
1115,4.09E-07,1.17E-07,1.41992966389697,3.72113024164294,0.936659498523771,0.074101289275269
1116,3.82E-07,1.09E-07,1.35799654436003,3.63948287523466,0.937706695729417,0.0720158787229359
1117,1.20E-06,1.17E-07,2,3.26145423084881,0.977448992005439,0.0878497816797202
1118,7.10E-07,5.30E-08,1.40771393495875,3.45709423707096,0.958495583408374,0.0445142495680255
1119,9.11E-07,1.05E-07,2,3.3138940539137,0.976226531158836,0.0836838465720329
1120,9.27E-07,6.78E-08,1.44869352418624,3.69810606813333,0.963479930468716,0.0627346727604911
1121,6.60E-07,1.07E-07,1.45271745226776,3.45195291683653,0.954639773210956,0.0525770810892642
1122,7.71E-07,9.99E-08,1.33064796527453,3.49783597679603,0.962029750786609,0.0595221749990987
1123,5.88E-07,1.00E-07,1.30247902321423,3.48693726397135,0.957630839713174,0.0502981848155087
1124,6.08E-07,9.42E-08,1.36071757888113,3.58680825518442,0.95644757438248,0.0519217961848786
1125,4.66E-07,6.01E-08,2,3.22410750217704,0.947050042283188,0.0543591681224628
1126,4.62E-07,3.97E-08,1.45242092906033,3.26252738446377,0.935162665890667,0.0375797149727527
1127,5.58E-07,7.30E-08,2,3.22086962334712,0.955124685794093,0.0577014765648485
1128,4.99E-07,5.82E-08,2,3.1020794490098,0.948607917234506,0.0580790236851153
1129,2.98E-07,2.16E-08,1.50560015128841,2.88891533376658,0.904484064934535,0.0194460747221065
1130,2.37E-07,1.68E-08,1.79780234056654,2.56096535475526,0.895898355617396,0.0173310306471896
1131,3.11E-07,2.44E-08,1.37965641124765,3.0188232682593,0.908698338868655,0.0249264930544993
1132,2.29E-07,1.45E-08,1.75836596176644,2.51189635126273,0.895211365175967,0.0110158775654234
1133,4.72E-07,4.73E-08,2,3.21543854517212,0.935740164897328,0.0410862522867933
1134,4.28E-07,3.39E-08,1.47115559620973,3.24275821113117,0.928145419069869,0.032459341626789
1135,4.86E-07,4.74E-08,2,3.11455215768258,0.934102430872577,0.0446038382354693
1136,3.38E-07,2.96E-08,1.50214299992753,3.10069513077312,0.917063295918688,0.0282282456122244
1137,6.60E-07,1.07E-07,1.45271745226776,3.45195291683653,0.954639773210956,0.0525770810892642
1138,7.71E-07,9.99E-08,1.33064796527453,3.49783597679603,0.962029750786609,0.0595221749990987
1139,5.88E-07,1.00E-07,1.30247902321423,3.48693726397135,0.957630839713174,0.0502981848155087
1140,6.08E-07,9.42E-08,1.36071757888113,3.58680825518442,0.95644757438248,0.0519217961848786
1141,5.00E-07,4.41E-08,1.47808477124158,3.3520435809003,0.930721672687831,0.0348603087696238
1142,4.51E-07,4.47E-08,1.50648499546164,3.28251610005766,0.929552637800923,0.0359393149553146
1143,5.83E-07,4.82E-08,1.39081801196644,3.41156035747612,0.936706914397307,0.039992255074779
1144,4.32E-07,2.77E-08,1.51896816194387,2.95577734466017,0.923190802275072,0.0302896429208825
1145,3.82E-07,2.88E-08,0.919691555159263,3.04386534770704,0.922562324642332,0.0486897796747381
1146,5.32E-07,3.29E-08,1.23737344939979,3.17401349729766,0.932099159788333,0.0420254995325444
1147,3.82E-07,2.82E-08,1.38817309390431,3.25311005961554,0.931905355719719,0.0311703977884307
1148,2.10E-07,1.47E-08,1.51411442751583,2.26323162169474,0.907054922375294,0.0215564932050235
1149,3.35E-07,2.70E-08,2,2.99374478955268,0.914423273709099,0.0349462196895832
1150,3.17E-07,2.30E-08,1.50339413317271,2.82904460053747,0.906060825079379,0.0152625738746749
1151,3.16E-07,2.11E-08,0.341744570956126,2.84045890848997,0.914786938181411,0.0315192323836416
1152,2.48E-07,1.44E-08,1.66210947317491,2.7390403210346,0.905465060444898,0.0131473130240034
1153,8.68E-07,6.99E-08,1.44729126325094,3.39909605765153,0.960853909933039,0.0438674510864409
1154,8.36E-07,6.84E-08,1.46057782344989,3.41161072502163,0.962095265303304,0.0472209986731352
1155,1.30E-06,8.38E-08,0.768582083079637,3.39212268147836,0.958190593072826,0.0681982758385163
1156,5.60E-07,4.54E-08,2,2.81977350338284,0.941351572455082,0.0736291981775236
1157,4.19E-07,3.52E-08,1.54239795760326,3.09758618942939,0.927343418189929,0.0420812362298423
1158,4.81E-07,4.96E-08,1.42526614251166,3.19508179006309,0.937325527982946,0.0507637984433955
1159,4.97E-07,3.15E-08,1.47046487971044,2.84191967273534,0.926270613075671,0.0306744673829688
1160,4.60E-07,3.46E-08,1.45733869210154,3.10594655088042,0.931732585519621,0.0423747979997235
1161,4.22E-07,7.25E-08,0.424448479097782,3.29250297331452,0.948457128709531,0.0626888484645249
1162,3.91E-07,5.88E-08,1.23530509940732,3.46487524791586,0.940262544905873,0.0512585658877982
1163,4.18E-07,6.52E-08,1.16195878629536,3.36335354708263,0.945204018680605,0.0571146442814835
1164,4.24E-07,4.05E-08,1.47013908971111,3.10924039819337,0.928560497135145,0.0504010816511958
1165,3.87E-07,3.45E-08,1.06506576015483,3.14060881241783,0.926800478292212,0.0450536387719784
1166,4.45E-07,2.26E-08,1.52893855799855,2.71246265832629,0.916406705159489,0.0313907549567883
1167,4.19E-07,3.72E-08,2,3.09367213451598,0.932015895315579,0.0358859584194386
1168,3.58E-07,3.57E-08,1.43506930531198,3.17001867625087,0.924161036140646,0.0418996111481142
1169,4.08E-07,4.56E-08,1.45835469651094,3.1619147565331,0.920447127761717,0.0270476473141339
1170,2.97E-07,5.32E-08,0.488986593313871,3.30285415100331,0.905251107495052,0.0446050624712228
1171,4.88E-07,5.78E-08,1.39471067124273,3.41442003776883,0.932062236545749,0.0418272713738406
1172,3.02E-07,5.79E-08,2,3.31696036104431,0.908364276889099,0.0449384435942153
1173,5.01E-07,5.23E-08,1.43783081262355,3.36710587839115,0.946537228916441,0.0453967620583071
1174,4.10E-07,3.33E-08,1.37701475662599,3.20378042241768,0.931904843796873,0.0327059434577396
1175,4.36E-07,4.88E-08,1.35334110644661,3.52081053126672,0.943710234419168,0.042016961077892
1176,4.37E-07,5.22E-08,0.366521807802092,3.36889014796934,0.948021517358523,0.0487276626526859
1177,6.27E-07,4.76E-08,1.44554950755734,3.37970076038575,0.940519028703897,0.0404005179426782
1178,3.68E-07,2.67E-08,1.61807660844232,3.08529911856744,0.920889009341877,0.0287375099025898
1179,6.15E-07,6.70E-08,1.1945526844572,3.41239761268137,0.95225321117585,0.0466692462122669
1180,5.65E-07,4.44E-08,1.42953999183489,3.16797492039584,0.938339709572153,0.0357795190666702
1181,4.34E-07,2.09E-08,1.43106960250543,2.85280179812596,0.926161400917352,0.0278273375563445
1182,3.71E-07,2.82E-08,2,3.01088598267938,0.929625208500602,0.042589495171144
1183,4.19E-07,1.51E-08,1.399740202635,2.52827450851643,0.926772714755019,0.0175541642892628
1184,3.56E-07,1.84E-08,1.51679742161202,3.02388910352341,0.923443368072747,0.0218853350436017
1185,4.05E-07,4.77E-08,1.04533180992889,3.28348513651284,0.936353651615617,0.0504950162647471
1186,4.32E-07,3.31E-08,1.40766919934618,3.15985324698247,0.929234781726684,0.0316692673273455
1187,3.72E-07,4.72E-08,2,3.23164579690683,0.93450416959264,0.050350458591277
1188,3.98E-07,5.05E-08,2,3.1941651977841,0.939172254949952,0.0497340326110781
1189,3.48E-07,4.17E-08,1.08295234827507,3.21896576465422,0.931817606652909,0.0588015339855638
1190,4.18E-07,3.82E-08,1.46992026568132,3.29999900055852,0.934069376194943,0.0464046733559165
1191,4.02E-07,4.36E-08,1.44287020259912,3.27463656228303,0.941476668874685,0.0479107110264511
1192,5.00E-07,6.96E-08,2,3.42055584546944,0.960169146630301,0.061838589369933
1193,5.00E-07,4.41E-08,1.47808477124158,3.3520435809003,0.930721672687831,0.0348603087696238
1194,4.51E-07,4.47E-08,1.50648499546164,3.28251610005766,0.929552637800923,0.0359393149553146
1195,5.83E-07,4.82E-08,1.39081801196644,3.41156035747612,0.936706914397307,0.039992255074779
1196,4.32E-07,2.77E-08,1.51896816194387,2.95577734466017,0.923190802275072,0.0302896429208825
1197,4.22E-07,7.25E-08,0.424448479097782,3.29250297331452,0.948457128709531,0.0626888484645249
1198,3.91E-07,5.88E-08,1.23530509940732,3.46487524791586,0.940262544905873,0.0512585658877982
1199,4.18E-07,6.52E-08,1.16195878629536,3.36335354708263,0.945204018680605,0.0571146442814835
1200,4.24E-07,4.05E-08,1.47013908971111,3.10924039819337,0.928560497135145,0.0504010816511958
1201,3.87E-07,4.84E-08,1.67514823815275,3.39719026144358,0.937465841914909,0.0454391180906524
1202,4.63E-07,3.81E-08,1.54961700671426,3.14423293352356,0.927884687847253,0.0381928249849671
1203,5.30E-07,5.53E-08,2,3.16671850719006,0.946696079317174,0.047930667329657
1204,4.60E-07,4.81E-08,2,3.20009680715862,0.942260944450568,0.0462295886475251
1205,4.41E-07,5.72E-08,0.864606492048467,3.33982733255007,0.945161008389258,0.0522768123300083
1206,3.61E-07,4.47E-08,1.17135047694446,3.28348844783187,0.93680318003127,0.0568881235698122
1207,4.67E-07,3.39E-08,1.33536211886604,2.9482336765338,0.933619477041415,0.0431542081152519
1208,4.06E-07,4.47E-08,1.3546959835971,3.25094345227058,0.940562810078239,0.0382713233142498
1209,9.32E-07,1.17E-07,1.45796783041104,3.32013124378245,0.979545624264493,0.0855772207609984
1210,8.82E-07,1.07E-07,1.35349504719114,3.41986681852354,0.978826773832485,0.0885187337891215
1211,1.17E-06,1.34E-07,0.799443978703853,3.42641067636019,0.974242813590229,0.0801317870618433
1212,1.24E-06,1.40E-07,0.946811742550193,3.18620408177542,0.982079545121824,0.0974373132138323
1213,4.65E-07,7.20E-08,1.27711743613103,3.51716531638105,0.95351199562566,0.0529411806874438
1214,4.41E-07,7.95E-08,1.20462600743853,3.43137630169592,0.956158241877721,0.0621714324596684
1215,3.71E-07,4.65E-08,1.43021151764879,3.26277368165687,0.934575668708123,0.0591685680041137
1216,4.29E-07,4.12E-08,1.47156587788954,3.16899309497537,0.933891410070841,0.0565825380338997
1217,4.58E-07,4.29E-08,1.19490012932614,3.25226912813484,0.932710340015631,0.0419204529866597
1218,6.06E-07,6.15E-08,0.817340837348827,3.24148266046096,0.939173748742414,0.0536725396123434
1219,3.87E-07,3.89E-08,1.6772454533636,3.16735699297715,0.910408627600642,0.0269596197482721
1220,5.36E-07,4.77E-08,1.12792925917511,3.34346140328162,0.942005052869169,0.0413166208452045
1221,1.06E-06,9.96E-08,1.35406258749038,3.92680477500867,0.972610938377926,0.0683321419861588
1222,8.45E-07,1.18E-07,1.0291066369178,4.04237649147038,0.976332500925583,0.0695693830608533
1223,8.89E-07,1.72E-07,2,3.66545052846274,0.991409112317103,0.129444198130104
1224,8.24E-07,1.59E-07,2,3.7081709936019,0.990222472095945,0.118899084967263
1225,4.65E-07,3.94E-08,2,2.94645117126892,0.935579092767233,0.0482094439196845
1226,5.02E-07,3.46E-08,0.956232670844205,3.10125149799286,0.927486483470032,0.0405235137313528
1227,3.79E-07,3.42E-08,2,3.01350990119428,0.920631666597566,0.0429850266245463
1228,4.51E-07,4.69E-08,2,3.12932565761638,0.935926161296509,0.0440306363735922
1229,4.65E-07,3.94E-08,2,2.94645117126892,0.935579092767233,0.0482094439196845
1230,5.02E-07,3.46E-08,0.956232670844205,3.10125149799286,0.927486483470032,0.0405235137313528
1231,3.79E-07,3.42E-08,2,3.01350990119428,0.920631666597566,0.0429850266245463
1232,4.51E-07,4.69E-08,2,3.12932565761638,0.935926161296509,0.0440306363735922
1233,4.79E-07,4.31E-08,1.47482725618844,3.24639967024203,0.941177589831396,0.0143959420101908
1234,1.54E-06,1.41E-07,1.24741302307479,3.85555399485862,0.986758100549061,0.0405986467866981
1235,4.70E-07,5.36E-08,1.28782866992803,3.37651684670285,0.944311412575924,0.0365085664990943
1236,5.74E-07,5.24E-08,1.49044622646584,3.25795358534526,0.94260145470122,0.01880439970348
1237,6.50E-07,4.45E-08,1.52843683122477,2.79010391692005,0.934131238174205,0.0143852236307065
1238,1.34E-06,1.34E-07,1.49420198149939,3.70720106151802,0.972014776298391,0.0285057145009039
1239,7.07E-07,4.17E-08,1.3160782693767,3.43008448552449,0.956071050909816,0.0205530921720923
1240,4.79E-07,4.31E-08,1.47482725618844,3.24639967024203,0.941177589831396,0.0143959420101908
1241,7.52E-07,1.04E-07,1.56453657037346,3.2706860665834,0.926358798984311,0.0142137236712869
1242,8.46E-07,5.85E-08,1.49519831557248,3.36265749818281,0.959240228681768,0.0200621845636967
1243,3.04E-07,1.73E-08,1.60017889898832,2.64678055919394,0.913514897803217,0.00686557686699563
1244,5.99E-07,4.53E-08,1.35821263283105,3.10020733801743,0.943067273287131,0.015688671429736
1245,3.26E-07,1.16E-07,1.46963501672137,3.76680816101127,0.930733385854556,0.0389753746945599
1246,4.25E-07,4.36E-08,1.28290104646491,3.33473605983676,0.939638095663198,0.0197251119642895
1247,5.64E-07,4.74E-08,1.47873317378657,3.21361352982419,0.948708907247366,0.0242767960904319
1248,4.21E-07,1.29E-07,1.46117125672492,3.60974469255639,0.94356014814414,0.0439930078323322
1249,4.72E-07,4.27E-08,1.59629464564933,3.23198532466334,0.932286668736493,0.0190624822916141
1250,4.75E-07,9.83E-08,1.1600967322428,3.59016729821794,0.946750186508402,0.047483137469992
1251,7.36E-07,4.61E-08,1.17870671167831,3.07249585397808,0.955601789321776,0.0202276690485484
1252,4.23E-07,3.57E-08,1.48653634510102,3.13844998604388,0.93025615883736,0.015569539196272
1253,9.08E-07,1.19E-07,1.33727740435289,3.47642449960183,0.964205131632472,0.0298066496808668
1254,5.03E-07,3.57E-08,1.58233061924828,2.86647121762343,0.931175449690816,0.0128793470851114
1255,7.62E-07,4.77E-08,1.5341046878711,3.34061561353952,0.949595848135684,0.0256803521231461
1256,5.29E-07,1.12E-07,1.13221137388449,3.56556704195307,0.950251895836726,0.0319588498653332
1257,7.30E-07,7.10E-08,1.29495277867816,3.2766706675178,0.957899909196517,0.0271218902701543
1258,3.77E-07,5.32E-08,1.30991207550386,3.31093411628858,0.924493083007645,0.0156810247006146
1259,6.04E-07,6.85E-08,0.928505327900914,2.75094413463755,0.937611504918467,0.0072127413836981
1260,3.22E-07,1.16E-07,1.389428436144,3.69240140423981,0.931594680004462,0.0477069966827162
1261,3.89E-07,1.20E-07,1.49821614621904,3.70041161498635,0.941047473796439,0.0429555251718
1262,8.46E-07,5.85E-08,1.49519831557248,3.36265749818281,0.959240228681768,0.0200621845636967
1263,4.73E-07,2.95E-08,1.38334720835552,2.9067677993177,0.921980627855626,0.0139324459685973
1264,4.79E-07,4.31E-08,1.47482725618844,3.24639967024203,0.941177589831396,0.0143959420101908
1265,3.61E-07,1.70E-08,1.61029019634836,2.6633490593766,0.920047003350449,0.00954796750054643
1266,4.72E-07,4.27E-08,1.59629464564933,3.23198532466334,0.932286668736493,0.0190624822916141
1267,3.13E-07,3.39E-08,1.49783982193472,3.19877823418751,0.923573364419338,0.0178851740224827
1268,4.88E-07,2.19E-08,1.46762196884274,2.7178648529059,0.933420491547659,0.0122974586869141
1269,4.94E-07,4.45E-08,0.943191246702719,3.2299919043898,0.932533836373936,0.0263849907955892
1270,4.30E-07,3.50E-08,1.47251097237426,3.21283424302939,0.932875384612231,0.0132413594843963
1271,3.99E-07,4.24E-08,1.30815898215085,3.24061759647603,0.93121597095974,0.020434147386269
1272,9.08E-07,1.19E-07,1.33727740435289,3.47642449960183,0.964205131632472,0.0298066496808668
1273,3.23E-07,1.60E-08,1.6315939275971,2.51733609086343,0.914630095608078,0.00869099145250585
1274,4.80E-07,3.84E-08,0.900293473265081,3.1338388824525,0.937179629067072,0.0178649498675418
1275,6.41E-07,6.33E-08,1.31552924798817,3.36866952732694,0.951079986788268,0.0175697133139335
1276,3.73E-07,2.00E-08,1.5883459942327,2.51991317147364,0.913751269433936,0.00697502755483426
1277,2.73E-07,2.12E-08,1.79136662923732,2.69383449893555,0.907965057012809,0.0051870554376563
1278,3.93E-07,2.82E-08,1.51619064042233,2.71078747621441,0.921833830058241,0.00875077120683065
1279,5.75E-07,5.57E-08,1.51761612190071,3.3560753481443,0.944931413006127,0.0197247678603619
1280,4.72E-07,1.10E-07,1.40589266790538,3.73310516015533,0.932074717929456,0.0400698869247493
1281,1.44E-06,1.52E-07,1.28818947333857,3.84390199768004,0.988710394533069,0.0405397654848232
1282,6.46E-07,5.57E-08,1.52547716461484,3.40814113788903,0.943707483945534,0.0196110353074642
1283,8.04E-07,1.06E-07,1.26900787767807,3.65822728522213,0.9566429516653,0.0256433670661693
1284,4.95E-07,5.73E-08,1.46411204085991,3.28794607929008,0.949099146979584,0.0393322125951843
1285,5.12E-07,5.56E-08,1.34130898075675,3.3764609928026,0.951517072458637,0.028302685523603
1286,5.13E-07,4.18E-08,1.52295076536719,3.19955269602192,0.93802860817573,0.0152513219186223
1287,4.10E-07,3.28E-08,1.57926325715194,3.02134750101179,0.924189094341806,0.0123944375036549
1288,1.06E-06,1.20E-07,1.35754564426781,3.76952475849939,0.966735699853327,0.0323032767790512
1289,4.08E-07,2.98E-08,1.42730621057364,2.93316738282432,0.927199444906408,0.0116755920841335
1290,4.10E-07,3.38E-08,1.48001012500067,3.26065563059404,0.931475949530406,0.0139063442284948
1291,4.80E-07,3.84E-08,0.900293473265081,3.1338388824525,0.937179629067072,0.0178649498675418
1292,7.02E-07,4.61E-08,1.55743619947311,3.2639253105464,0.953299545298475,0.0258626138796847
1293,2.65E-07,2.37E-08,1.71156816675437,2.8589992056189,0.911782640930848,0.00622171896612811
1294,4.70E-07,5.36E-08,1.28782866992803,3.37651684670285,0.944311412575924,0.0365085664990943
1295,3.00E-07,1.92E-08,1.66107191951101,2.66071824549072,0.907504637462258,0.00754475363449292
1296,6.74E-07,9.47E-08,1.2995040339136,3.60865868347458,0.96980401874884,0.0280761978019328
1297,3.92E-07,2.42E-08,1.53487558095231,3.03453531973233,0.925901720448049,0.0123744363901104
1298,4.10E-07,3.28E-08,1.57926325715194,3.02134750101179,0.924189094341806,0.0123944375036549
1299,4.72E-07,4.27E-08,1.59629464564933,3.23198532466334,0.932286668736493,0.0190624822916141
1300,3.16E-07,2.00E-08,1.21124254574191,2.87895670322858,0.913698326181779,0.0111676362917358
1301,4.68E-07,3.88E-08,1.52300341596604,3.26802427939945,0.936981968657698,0.0131700915297863
1302,4.11E-07,1.18E-07,1.47985905395393,3.63900570366569,0.94248764268411,0.0369868156867891
1303,4.73E-07,2.95E-08,1.38334720835552,2.9067677993177,0.921980627855626,0.0139324459685973
1304,4.48E-07,4.59E-08,1.50756167927059,3.30312525580313,0.947499602361696,0.023399289000858
1305,1.03E-06,8.18E-08,1.37419493439352,3.56003234735991,0.970884712453738,0.0291097894588029
1306,4.73E-07,3.55E-08,1.62199568304063,3.13089617008809,0.931773282419742,0.0165630729740054
1307,3.85E-07,2.45E-08,1.50329211883434,2.77294488580726,0.918321512417189,0.0150092344195837
1308,7.92E-07,7.62E-08,1.21339470475223,3.4838374811319,0.955476391723446,0.0210802382883415
1309,3.36E-07,2.33E-08,1.44717351779547,2.9563424925955,0.919078871532657,0.0111541737174771
1310,1.54E-06,1.41E-07,1.24741302307479,3.85555399485862,0.986758100549061,0.0405986467866981
1311,4.46E-07,3.90E-08,1.40911000203347,3.23120615203829,0.93508523153553,0.018123539132182
1312,9.23E-07,7.31E-08,0.875335951626369,3.3550634864339,0.961766910304483,0.0285292781093802
1313,1.00E-06,8.00E-08,1.30150355564516,3.36532645790688,0.958102319419015,0.0217367635255802
1314,6.50E-07,4.45E-08,1.52843683122477,2.79010391692005,0.934131238174205,0.0143852236307065
1315,4.24E-07,4.09E-08,1.47215185300621,3.25445238202161,0.933818832034194,0.0182204924849494
1316,3.22E-07,1.16E-07,1.389428436144,3.69240140423981,0.931594680004462,0.0477069966827162
1317,1.05E-06,8.33E-08,1.06594597297206,3.4666906039912,0.960192352002654,0.0283527811760952
1318,7.69E-07,8.12E-08,1.31444085804555,3.44203965743789,0.959870182017883,0.020455275377229
1319,3.78E-07,3.37E-08,1.62473880083832,3.16615348412926,0.932558376221724,0.021992611514927
1320,5.26E-07,3.51E-08,1.33896129289904,3.02582051710421,0.933209099768353,0.0142684574193979
1321,4.04E-07,6.83E-08,1.80016997202549,3.52088870346155,0.923229555121316,0.0236105868221732
1322,4.95E-07,4.23E-08,1.50665972966964,3.08866853895726,0.933683294864337,0.0158145318347493
1323,9.06E-07,1.08E-07,1.22198495539855,3.77427835067802,0.981052691929586,0.0488273551080357
1324,1.05E-06,1.23E-07,0.632781452967906,3.38674656729355,0.981728961818719,0.0362000535629595
1325,3.89E-07,3.62E-08,1.47489583995774,3.37790810722679,0.942105452345693,0.0222074335679847
1326,4.69E-07,4.44E-08,1.58825674988258,3.29752602377506,0.925480140349523,0.0151854949307267
1327,4.19E-07,1.17E-07,1.29915432999616,3.62010859783593,0.940437801426713,0.0446263374579381
1328,3.13E-07,3.39E-08,1.49783982193472,3.19877823418751,0.923573364419338,0.0178851740224827
1329,5.03E-07,3.98E-08,1.28683680859781,3.40856779644074,0.938556488726712,0.0161676858006553
1330,7.94E-07,9.08E-08,1.49354542056049,3.46148659595411,0.961122484855777,0.02236190908549
1331,9.70E-07,1.08E-07,1.27130490313374,3.43030850355001,0.938630155456191,0.00989777924252311
1332,7.81E-07,8.37E-08,1.40477300731793,3.45096136736489,0.959455240114239,0.0237078683259038
1333,1.06E-06,1.20E-07,1.35754564426781,3.76952475849939,0.966735699853327,0.0323032767790512
1334,3.81E-07,4.27E-08,1.17462419469585,3.2923872001106,0.935874961366645,0.0234937728789885
1335,5.77E-07,6.23E-08,1.44569317680255,3.47699986690773,0.94350266039527,0.0206545907057525
1336,4.03E-07,3.20E-08,1.54920472976647,3.16666844294884,0.931099982112432,0.0161260196854239
1337,5.03E-07,3.98E-08,1.28683680859781,3.40856779644074,0.938556488726712,0.0161676858006553
1338,4.06E-07,1.04E-07,1.34895726048278,3.68130707489542,0.940855632133632,0.0403126247997451
1339,4.41E-07,3.35E-08,1.52023967134692,3.19673828566799,0.934711950538028,0.0144069808113582
1340,9.60E-07,7.46E-08,1.37355642689616,3.74140206814818,0.970708753119529,0.0460520456365057
1341,7.55E-07,6.81E-08,1.37086117118209,3.49414636175887,0.952187227181807,0.023132767116959
1342,4.35E-07,3.65E-08,1.09407010277059,3.14257199159504,0.927733363055641,0.0147863211579211
1343,4.38E-07,3.17E-08,1.59596114735202,2.9990127797524,0.927387418291392,0.0149068386344112
1344,4.81E-07,5.94E-08,1.33952002034075,3.28522170608644,0.94583765016137,0.0326577935538765
1345,4.46E-07,3.90E-08,1.40911000203347,3.23120615203829,0.93508523153553,0.018123539132182
1346,1.69E-06,1.55E-07,1.26569805135142,3.68069258558586,0.972174884220121,0.037474736153933
1347,1.05E-06,9.95E-08,1.35996153348035,3.67820150313819,0.976770515053627,0.0303835318439641
1348,5.43E-07,5.95E-08,1.56653575279783,3.48478119874792,0.945483155123996,0.0153113700188331
1349,6.74E-07,9.47E-08,1.2995040339136,3.60865868347458,0.96980401874884,0.0280761978019328
1350,5.92E-07,7.07E-08,1.38206219371284,3.26888252973627,0.951885395065479,0.0258007400835818
1351,3.76E-07,1.76E-08,1.48691514631149,2.55102171410993,0.921991711872907,0.007838758806058
1352,1.06E-06,1.20E-07,1.35754564426781,3.76952475849939,0.966735699853327,0.0323032767790512
1353,6.01E-07,4.74E-08,1.3741413071373,3.05778884445387,0.9488832376926,0.0219386401739308
1354,7.46E-07,7.84E-08,1.2362623133459,3.82308011966695,0.972050645064113,0.0483655797523409
1355,4.73E-07,2.95E-08,1.38334720835552,2.9067677993177,0.921980627855626,0.0139324459685973
1356,4.15E-07,1.25E-07,1.34817485718492,3.62099320763877,0.940990948979857,0.0447771520493219
1357,4.08E-07,2.98E-08,1.42730621057364,2.93316738282432,0.927199444906408,0.0116755920841335
1358,3.99E-07,4.24E-08,1.30815898215085,3.24061759647603,0.93121597095974,0.020434147386269
1359,4.00E-07,1.15E-07,1.41282196334419,3.63315485313254,0.941606492503545,0.0518489894888018
1360,4.04E-07,6.83E-08,1.80016997202549,3.52088870346155,0.923229555121316,0.0236105868221732
1361,7.55E-07,6.81E-08,1.37086117118209,3.49414636175887,0.952187227181807,0.023132767116959
1362,7.55E-07,6.81E-08,1.37086117118209,3.49414636175887,0.952187227181807,0.023132767116959
1363,3.08E-07,2.66E-08,1.51239479173523,2.89769601645636,0.914567861688473,0.01277769475044
1364,4.81E-07,5.46E-08,1.54044311256151,3.35401939970074,0.942192648515852,0.0223145575341043
1365,4.98E-07,5.26E-08,1.30233027830989,3.31272644147642,0.951993335907391,0.0249184448267776
1366,4.59E-07,3.93E-08,1.55978495571227,3.18892609643359,0.933740523702669,0.0161935704437582
1367,9.06E-07,1.08E-07,1.22198495539855,3.77427835067802,0.981052691929586,0.0488273551080357
1368,4.38E-07,3.17E-08,1.59596114735202,2.9990127797524,0.927387418291392,0.0149068386344112
1369,3.78E-07,3.37E-08,1.62473880083832,3.16615348412926,0.932558376221724,0.021992611514927
1370,1.32E-06,1.07E-07,1.09771978870256,3.58889773997232,0.975309696689532,0.0329647267461014
1371,3.04E-07,1.73E-08,1.60017889898832,2.64678055919394,0.913514897803217,0.00686557686699563
1372,7.03E-07,8.05E-08,1.42172616209318,3.40720404321303,0.953358956414123,0.0228620096364786
1373,5.17E-07,5.33E-08,1.44343725130238,3.33008079106103,0.945884077091135,0.0202351517464208
1374,6.89E-07,6.65E-08,1.47570463361268,3.72630666729788,0.964964215399578,0.0488316786031408
1375,7.03E-07,8.05E-08,1.42172616209318,3.40720404321303,0.953358956414123,0.0228620096364786
1376,4.58E-07,3.65E-08,1.48665774524806,3.22353025781636,0.935780218278907,0.0137098123741327
1377,4.79E-07,3.43E-08,1.64890396270301,2.92521949098289,0.925591379016319,0.0178957929579853
1378,3.19E-07,2.40E-08,1.76047683025042,2.86110079240779,0.909986036510541,0.0124874634376139
1379,4.56E-07,2.78E-08,1.48577518414501,2.90444811423229,0.924981261605798,0.0121169558792621
1380,4.68E-07,3.88E-08,1.52300341596604,3.26802427939945,0.936981968657698,0.0131700915297863
1381,4.23E-07,1.18E-07,1.31544796153098,3.68609886987154,0.936758773313473,0.0430847428366368
1382,4.69E-07,4.44E-08,1.58825674988258,3.29752602377506,0.925480140349523,0.0151854949307267
1383,6.98E-07,6.44E-08,1.27819730734751,3.34929931001249,0.954388191452348,0.0206409520885351
1384,3.53E-07,2.78E-08,1.67625630567996,2.86119883267874,0.917416005644481,0.0117212366596146
1385,2.42E-07,3.42E-08,1.72375681857309,3.31642610303652,0.914993404491725,0.0124292249416682
1386,5.68E-07,6.08E-08,1.4057760109092,3.33564825829426,0.94468890118182,0.0195169095898514
1387,4.98E-07,5.14E-08,1.45927220142764,3.28661219630157,0.937283756385928,0.0220332263706349
1388,7.56E-07,6.74E-08,1.2637419372057,3.42158449069858,0.963794462922768,0.023595291430986
1389,7.81E-07,8.37E-08,1.40477300731793,3.45096136736489,0.959455240114239,0.0237078683259038
1390,4.10E-07,3.28E-08,1.57926325715194,3.02134750101179,0.924189094341806,0.0123944375036549
1391,3.77E-07,5.32E-08,1.30991207550386,3.31093411628858,0.924493083007645,0.0156810247006146
1392,3.04E-07,1.73E-08,1.60017889898832,2.64678055919394,0.913514897803217,0.00686557686699563
1393,5.15E-07,4.06E-08,1.42112850930512,3.0904040610955,0.941337470104226,0.0218215678192025
1394,6.98E-07,6.44E-08,1.27819730734751,3.34929931001249,0.954388191452348,0.0206409520885351
1395,3.47E-07,2.41E-08,1.52983217643183,3.01038252823863,0.923256092159127,0.012910603726264
1396,6.16E-07,4.83E-08,1.40308190663024,3.2261783545697,0.948735593792077,0.0168031562217396
1397,1.64E-06,1.47E-07,1.08937915189893,3.7966516407168,0.974447200163734,0.0276748678423573
1398,4.68E-07,3.88E-08,1.52300341596604,3.26802427939945,0.936981968657698,0.0131700915297863
1399,5.68E-07,6.08E-08,1.4057760109092,3.33564825829426,0.94468890118182,0.0195169095898514
1400,8.46E-07,5.85E-08,1.49519831557248,3.36265749818281,0.959240228681768,0.0200621845636967
1401,3.89E-07,1.20E-07,1.49821614621904,3.70041161498635,0.941047473796439,0.0429555251718
1402,7.36E-07,4.61E-08,1.17870671167831,3.07249585397808,0.955601789321776,0.0202276690485484
1403,4.13E-07,3.18E-08,1.43721626244342,3.13861696052211,0.925029373419175,0.0127897706107781
1404,1.05E-06,9.95E-08,1.35996153348035,3.67820150313819,0.976770515053627,0.0303835318439641
1405,2.42E-07,3.42E-08,1.72375681857309,3.31642610303652,0.914993404491725,0.0124292249416682
1406,6.98E-07,6.44E-08,1.27819730734751,3.34929931001249,0.954388191452348,0.0206409520885351
1407,3.99E-07,4.24E-08,1.30815898215085,3.24061759647603,0.93121597095974,0.020434147386269
1408,3.93E-07,2.82E-08,1.51619064042233,2.71078747621441,0.921833830058241,0.00875077120683065
1409,5.26E-07,3.51E-08,1.33896129289904,3.02582051710421,0.933209099768353,0.0142684574193979
1410,3.13E-07,3.39E-08,1.49783982193472,3.19877823418751,0.923573364419338,0.0178851740224827
1411,3.26E-07,1.16E-07,1.46963501672137,3.76680816101127,0.930733385854556,0.0389753746945599
1412,7.52E-07,1.04E-07,1.56453657037346,3.2706860665834,0.926358798984311,0.0142137236712869
1413,2.73E-07,2.12E-08,1.79136662923732,2.69383449893555,0.907965057012809,0.0051870554376563
1414,5.01E-07,6.46E-08,1.31277561666555,3.40543760972544,0.945470523835103,0.0337504573927633
1415,6.01E-07,4.74E-08,1.3741413071373,3.05778884445387,0.9488832376926,0.0219386401739308
1416,3.77E-07,4.50E-08,1.57129604855632,3.39449258528574,0.931439021701734,0.0164608100448104
1417,3.22E-07,1.07E-07,1.62094487864913,3.62635683496067,0.943969271295535,0.0334331285884978
1418,5.58E-07,7.22E-08,1.34496772416492,3.2588309699042,0.956261563780206,0.0258730675292653
1419,4.73E-07,2.95E-08,1.38334720835552,2.9067677993177,0.921980627855626,0.0139324459685973
1420,8.02E-07,5.90E-08,1.36857748067275,3.20851135933146,0.953357803664293,0.0174959263242535
1421,5.81E-07,5.94E-08,1.27776726266323,3.36156621871611,0.950760540955595,0.0186931112235075
1422,1.15E-06,1.52E-07,1.18423914982744,3.68626754143185,0.984423157877555,0.0390437432015751
1423,1.04E-06,8.48E-08,0.99785043063682,3.2515087745133,0.954835723328122,0.0148743572430903
1424,2.73E-07,2.12E-08,1.79136662923732,2.69383449893555,0.907965057012809,0.0051870554376563
1425,9.65E-07,9.39E-08,1.4271323388209,3.68385881261535,0.977490598939914,0.0320515640187111
1426,4.29E-07,2.78E-08,1.502865572279,3.07854235874184,0.928177855904676,0.0116678872164833
1427,4.79E-07,3.43E-08,1.64890396270301,2.92521949098289,0.925591379016319,0.0178957929579853
1428,3.22E-07,2.51E-08,1.58854916863306,3.06490566323315,0.917399736769216,0.00847898064070407
1429,4.04E-07,3.66E-08,1.54293507607661,3.24944692081196,0.937697329055613,0.0171844767031409
1430,6.55E-07,9.84E-08,1.45604957152117,3.46397614867947,0.96220687697204,0.0218483251390442
1431,3.73E-07,2.00E-08,1.5883459942327,2.51991317147364,0.913751269433936,0.00697502755483426
1432,5.04E-07,4.52E-08,1.32796059527344,3.3782481624802,0.946994435531743,0.0192183239794266
1433,5.04E-07,4.52E-08,1.32796059527344,3.3782481624802,0.946994435531743,0.0192183239794266
1434,4.88E-07,2.19E-08,1.46762196884274,2.7178648529059,0.933420491547659,0.0122974586869141
1435,1.01E-06,1.00E-07,1.38869370653171,3.7011770503501,0.973282291814261,0.0439260153017576
1436,4.34E-07,1.20E-07,1.12504947306103,3.47019914406385,0.949174441760491,0.0523314284509386
1437,4.17E-07,1.13E-07,1.41620722018425,3.63490613478346,0.944449888186195,0.0458456484803633
1438,6.16E-07,4.83E-08,1.40308190663024,3.2261783545697,0.948735593792077,0.0168031562217396
1439,4.56E-07,2.78E-08,1.48577518414501,2.90444811423229,0.924981261605798,0.0121169558792621
1440,8.51E-07,5.39E-08,1.46069310145943,3.45895435657497,0.963669702916471,0.0231637050549025
1441,5.17E-07,5.62E-08,1.44487867747571,3.31030410477592,0.942478920185688,0.0190399908104649
1442,5.04E-07,2.96E-08,1.54154782473773,3.12711714609891,0.939599004201135,0.0175866720571698
1443,7.73E-07,8.30E-08,1.38792069519023,3.8332549124217,0.972381821421831,0.0455715850906649
1444,7.67E-07,8.56E-08,1.25776862189418,3.67694764840199,0.971482682381594,0.0409091090662005
1445,7.19E-07,8.11E-08,1.50898984099563,3.45040820253274,0.956001518828616,0.0208861904356106
1446,1.32E-06,1.07E-07,1.09771978870256,3.58889773997232,0.975309696689532,0.0329647267461014
1447,2.96E-07,7.02E-08,1.73361113789668,3.24651146887613,0.918795084693155,0.0193811433675893
1448,9.97E-07,8.18E-08,1.3585265938038,3.61420384526485,0.972693320272035,0.0296316527354608
1449,4.10E-07,3.28E-08,1.57926325715194,3.02134750101179,0.924189094341806,0.0123944375036549
1450,6.41E-07,6.33E-08,1.31552924798817,3.36866952732694,0.951079986788268,0.0175697133139335
1451,4.50E-07,5.17E-08,1.49699693802606,3.27958239441989,0.936436033124013,0.0262557810615391
1452,1.01E-06,1.00E-07,1.38869370653171,3.7011770503501,0.973282291814261,0.0439260153017576
1453,2.73E-07,2.12E-08,1.79136662923732,2.69383449893555,0.907965057012809,0.0051870554376563
1454,6.46E-07,5.57E-08,1.52547716461484,3.40814113788903,0.943707483945534,0.0196110353074642
1455,3.19E-07,2.40E-08,1.76047683025042,2.86110079240779,0.909986036510541,0.0124874634376139
1456,4.46E-07,3.90E-08,1.40911000203347,3.23120615203829,0.93508523153553,0.018123539132182
1457,5.68E-07,5.65E-08,1.36990035188884,3.34010793441585,0.953324473902411,0.0210285454668459
1458,6.69E-07,6.42E-08,1.29979436129925,3.23460911641272,0.958069226611626,0.0192040842136388
1459,1.19E-06,1.26E-07,1.12311832303635,3.54359795115014,0.978742950965747,0.0299954366783898
1460,2.69E-07,2.70E-08,1.69552641615441,3.05229120270583,0.914432670739538,0.0141982862685263
1461,4.59E-07,3.93E-08,1.55978495571227,3.18892609643359,0.933740523702669,0.0161935704437582
1462,6.39E-07,1.22E-07,1.18035399056586,3.48583721559974,0.959492826814695,0.0329411228259295
1463,3.08E-07,2.66E-08,1.51239479173523,2.89769601645636,0.914567861688473,0.01277769475044
1464,3.61E-07,1.70E-08,1.61029019634836,2.6633490593766,0.920047003350449,0.00954796750054643
1465,2.02E-07,1.91E-08,1.48132984577555,2.54319664360249,0.898239469256296,0.0032979257764516
1466,7.55E-07,6.81E-08,1.37086117118209,3.49414636175887,0.952187227181807,0.023132767116959
1467,4.02E-07,4.97E-08,1.63595124029185,3.49760345095236,0.93818915819371,0.0209281013276109
1468,3.89E-07,1.20E-07,1.49821614621904,3.70041161498635,0.941047473796439,0.0429555251718
1469,3.93E-07,2.82E-08,1.51619064042233,2.71078747621441,0.921833830058241,0.00875077120683065
1470,6.45E-07,6.76E-08,1.26163845767988,3.4056255971694,0.957933545184273,0.0206489035794533
1471,3.15E-07,1.23E-07,1.36375399831563,3.6367416841685,0.941989875278204,0.0464152614930817
1472,4.38E-07,3.17E-08,1.59596114735202,2.9990127797524,0.927387418291392,0.0149068386344112
1473,4.75E-07,9.83E-08,1.1600967322428,3.59016729821794,0.946750186508402,0.047483137469992
1474,4.41E-07,3.35E-08,1.52023967134692,3.19673828566799,0.934711950538028,0.0144069808113582
1475,1.25E-06,1.56E-07,1.15005619691102,3.76748524828537,0.989381353213492,0.0547116117379036
1476,1.80E-06,1.67E-07,0.966212044806036,3.58028185001169,0.985192897823362,0.0376191994548188
1477,4.23E-07,1.18E-07,1.31544796153098,3.68609886987154,0.936758773313473,0.0430847428366368
1478,4.29E-07,2.78E-08,1.502865572279,3.07854235874184,0.928177855904676,0.0116678872164833
1479,7.19E-07,8.11E-08,1.50898984099563,3.45040820253274,0.956001518828616,0.0208861904356106
1480,4.59E-07,3.93E-08,1.55978495571227,3.18892609643359,0.933740523702669,0.0161935704437582
1481,3.92E-07,2.42E-08,1.53487558095231,3.03453531973233,0.925901720448049,0.0123744363901104
1482,5.68E-07,6.08E-08,1.4057760109092,3.33564825829426,0.94468890118182,0.0195169095898514
1483,9.70E-07,1.08E-07,1.27130490313374,3.43030850355001,0.938630155456191,0.00989777924252311
1484,3.89E-07,3.62E-08,1.47489583995774,3.37790810722679,0.942105452345693,0.0222074335679847
1485,9.60E-07,7.46E-08,1.37355642689616,3.74140206814818,0.970708753119529,0.0460520456365057
1486,4.38E-07,3.17E-08,1.59596114735202,2.9990127797524,0.927387418291392,0.0149068386344112
1487,3.89E-07,3.62E-08,1.47489583995774,3.37790810722679,0.942105452345693,0.0222074335679847
1488,5.03E-07,3.57E-08,1.58233061924828,2.86647121762343,0.931175449690816,0.0128793470851114
1489,9.65E-07,9.39E-08,1.4271323388209,3.68385881261535,0.977490598939914,0.0320515640187111
1490,4.29E-07,2.78E-08,1.502865572279,3.07854235874184,0.928177855904676,0.0116678872164833
1491,4.11E-07,1.18E-07,1.47985905395393,3.63900570366569,0.94248764268411,0.0369868156867891
1492,5.01E-07,2.21E-08,1.20537331453231,2.65527806575436,0.928634495257749,0.00900837121766973
1493,3.16E-07,2.00E-08,1.21124254574191,2.87895670322858,0.913698326181779,0.0111676362917358
1494,9.79E-07,9.97E-08,1.26828495951992,3.83797631046902,0.975675169877406,0.0427520678370308
1495,4.21E-07,1.29E-07,1.46117125672492,3.60974469255639,0.94356014814414,0.0439930078323322
1496,3.74E-07,2.08E-08,1.54099651574811,2.75665463581667,0.914133543264327,0.0104360466771394
1497,1.22E-06,1.08E-07,1.24669960714068,3.55531460028057,0.970439707060644,0.0233159397214836
1498,3.23E-07,1.60E-08,1.6315939275971,2.51733609086343,0.914630095608078,0.00869099145250585
1499,3.53E-07,2.40E-08,1.62339314496683,2.88765494603022,0.917675214153544,0.0105132600412948
1500,4.75E-07,4.35E-08,1.57432588069132,3.1569517127256,0.93275765431614,0.0213720042198315
1501,3.60E-07,1.10E-07,1.45712880548237,3.68910980539804,0.938362464331974,0.0498340086664437
1502,1.25E-06,1.56E-07,1.15005619691102,3.76748524828537,0.989381353213492,0.0547116117379036
1503,3.60E-07,1.10E-07,1.45712880548237,3.68910980539804,0.938362464331974,0.0498340086664437
1504,5.10E-07,4.42E-08,1.36171493132825,3.15720023812736,0.9436492073243,0.0261325484138524
1505,4.43E-07,2.97E-08,1.51139990682386,2.98027110840372,0.92606684783806,0.0114891717519434
1506,9.97E-07,8.18E-08,1.3585265938038,3.61420384526485,0.972693320272035,0.0296316527354608
1507,4.86E-07,4.77E-08,1.4507963408268,3.31166587534381,0.937321119415424,0.0200897760081371
1508,3.70E-07,2.82E-08,1.38567618553253,3.18562149357984,0.93213079580461,0.014470889071122
1509,5.43E-07,5.95E-08,1.56653575279783,3.48478119874792,0.945483155123996,0.0153113700188331
1510,4.70E-07,5.36E-08,1.28782866992803,3.37651684670285,0.944311412575924,0.0365085664990943
1511,4.64E-07,4.95E-08,1.47165034189962,3.32850483404169,0.939965392944866,0.0221159544623052
1512,9.65E-07,9.39E-08,1.4271323388209,3.68385881261535,0.977490598939914,0.0320515640187111
1513,6.45E-07,6.76E-08,1.26163845767988,3.4056255971694,0.957933545184273,0.0206489035794533
1514,4.35E-07,3.65E-08,1.09407010277059,3.14257199159504,0.927733363055641,0.0147863211579211
1515,4.17E-07,1.13E-07,1.41620722018425,3.63490613478346,0.944449888186195,0.0458456484803633
1516,1.03E-06,8.18E-08,1.37419493439352,3.56003234735991,0.970884712453738,0.0291097894588029
1517,6.55E-07,9.84E-08,1.45604957152117,3.46397614867947,0.96220687697204,0.0218483251390442
1518,5.68E-07,5.65E-08,1.36990035188884,3.34010793441585,0.953324473902411,0.0210285454668459
1519,2.85E-07,1.90E-08,1.74054600394832,2.71963685533558,0.908258200634172,0.00586929897332023
1520,4.68E-07,3.88E-08,1.52300341596604,3.26802427939945,0.936981968657698,0.0131700915297863
1521,6.55E-07,9.84E-08,1.45604957152117,3.46397614867947,0.96220687697204,0.0218483251390442
1522,4.97E-07,4.05E-08,1.56622835706638,3.15933443991148,0.934547063225107,0.0170067059053058
1523,6.10E-07,2.53E-08,1.37801236494212,2.36462152819493,0.929850483694398,0.0176299631742662
1524,3.74E-07,2.08E-08,1.54099651574811,2.75665463581667,0.914133543264327,0.0104360466771394
1525,9.00E-07,6.49E-08,1.38522891078262,3.39844924314192,0.963604709928818,0.0215170253493402
1526,5.48E-07,3.71E-08,1.56424775246475,2.91696239500518,0.93460381240399,0.0220051963266606
1527,5.17E-07,5.79E-08,1.38051398075428,3.31667501149453,0.945125904179955,0.0273228602563813
1528,4.96E-07,3.20E-08,1.54164402819318,3.03544166445294,0.932888446214236,0.0156589007827439
1529,3.77E-07,5.32E-08,1.30991207550386,3.31093411628858,0.924493083007645,0.0156810247006146
1530,5.04E-07,4.52E-08,1.32796059527344,3.3782481624802,0.946994435531743,0.0192183239794266
1531,5.77E-07,4.46E-08,1.52326162172853,3.14382385625423,0.941806197659159,0.0166668614332581
1532,5.00E-07,2.02E-08,1.44263914332695,2.5759150232973,0.93121216282667,0.0128264469472169
1533,4.78E-07,4.41E-08,1.34754162586667,3.30649383717454,0.942492598428236,0.0200771967280137
1534,4.48E-07,4.59E-08,1.50756167927059,3.30312525580313,0.947499602361696,0.023399289000858
1535,4.97E-07,4.05E-08,1.56622835706638,3.15933443991148,0.934547063225107,0.0170067059053058
1536,5.17E-07,5.79E-08,1.38051398075428,3.31667501149453,0.945125904179955,0.0273228602563813
1537,5.21E-07,4.68E-08,1.53042035142493,3.33004914940101,0.946411330765362,0.0172447963315832
1538,5.10E-07,4.42E-08,1.36171493132825,3.15720023812736,0.9436492073243,0.0261325484138524
1539,1.05E-06,1.23E-07,0.632781452967906,3.38674656729355,0.981728961818719,0.0362000535629595
1540,4.74E-07,5.80E-08,1.42525810352273,3.40628774671113,0.951370238393469,0.0258764401208482
1541,6.47E-07,4.67E-08,1.53194146640545,3.26928726691547,0.938114949274242,0.019320183969347
1542,1.25E-06,1.35E-07,1.25211476099792,3.95751033934865,0.983791118113854,0.0459875440702816
1543,4.80E-07,3.84E-08,0.900293473265081,3.1338388824525,0.937179629067072,0.0178649498675418
1544,4.80E-07,3.84E-08,0.900293473265081,3.1338388824525,0.937179629067072,0.0178649498675418
