,0,1,2,3,4,"comp_4x4"
0,5.89E-07,8.55E-08,1.27974105432548,3.54653003628297,0.948178212610965,0.0483176602209608
1,5.67E-07,1.06E-07,2,3.28520231565889,0.948472400348525,0.0717943439993419
2,4.72E-07,8.18E-08,1.49940642843412,3.63636550380828,0.928784131001751,0.0420415202076802
3,5.59E-07,8.71E-08,1.38983185324972,3.46921075475302,0.940249534185202,0.0509916985771481
4,5.21E-07,1.48E-07,1.2700959286602,3.54485387475203,0.958234034619391,0.0680723496975856
5,5.53E-07,1.30E-07,1.3118905667688,3.65726976034154,0.962359821502295,0.0542409642316278
6,6.35E-07,1.20E-07,1.13751808046953,3.62004404253916,0.957402549616679,0.0536953412914291
7,5.27E-07,1.37E-07,1.01560598385228,3.50791418469799,0.960818174416411,0.0661720674087728
8,4.74E-07,4.02E-08,1.62459763847152,3.34066565711746,0.924933527030773,0.0432447077774415
9,4.11E-07,4.36E-08,1.33844864564641,3.43514392224888,0.928523333836146,0.0511464137646194
10,7.08E-07,5.52E-08,1.38392136649994,3.40889873701873,0.932847260709295,0.0458361104877731
11,4.57E-07,4.81E-08,1.44224241365642,3.47460051646496,0.933812286682839,0.0385885025556808
12,3.60E-07,7.12E-08,1.51556646726798,3.80186049836747,0.93664826942354,0.0714664659573167
13,4.50E-07,5.34E-08,1.50100115546942,3.71641726758714,0.936429447884424,0.0602604474051975
14,3.80E-07,7.60E-08,1.56288102578979,3.76097397483753,0.934857566325135,0.0680708488640452
15,4.51E-07,7.44E-08,1.39034317777386,3.74036693491586,0.94081851038675,0.0562318801156981
16,2.34E-07,1.54E-08,1.78596310225046,2.48032062864035,0.894606056590525,0.0111938252041817
17,1.62E-07,1.05E-08,1.86156540215985,2.13750802342979,0.886659630681345,0.0186580529320392
18,2.16E-07,1.60E-08,1.67066818357762,2.62051783291952,0.891863030378249,0.01428231569233
19,1.91E-07,1.13E-08,1.86466039663308,2.18163062684394,0.887166573284997,0.0178367631173421
20,1.71E-07,1.83E-08,1.77377910797739,2.62857589791332,0.898613135686086,0.0112988138270479
21,1.19E-07,1.33E-08,1.79981095053979,2.36789973650721,0.893102370121009,0.0089508390753601
22,1.54E-07,1.40E-08,1.75345996456492,2.42911944530129,0.896191695647003,0.00975007764920455
23,1.13E-07,1.24E-08,1.84203863868484,2.33767407619489,0.890558772795095,0.00912541614507911
24,4.12E-07,1.42E-07,1.40943210905607,3.60443174518622,0.943756077735469,0.0610921672158736
25,3.77E-07,1.24E-07,1.37006586986139,3.72530032992739,0.942005292888627,0.0549326526375327
26,3.69E-07,1.33E-07,0.924384443507697,3.43942152591943,0.944827226555909,0.0739465527872418
27,3.87E-07,1.26E-07,1.20832908812158,3.65083250395434,0.946407486349648,0.0558864740646144
28,2.77E-07,8.63E-08,1.56587993317817,3.68065808819945,0.915196440203747,0.030611834663006
29,6.41E-07,1.06E-07,1.22742996916836,3.55078230312872,0.954956204796767,0.0370852439172263
30,3.43E-07,8.14E-08,0.361323381237898,3.4856944972564,0.922615116335951,0.0485618556982101
31,6.32E-07,1.06E-07,1.15420723983908,3.53294639519751,0.95269598256119,0.0415742434424193
32,4.90E-07,9.24E-08,1.52127243104119,3.58974461508684,0.940828917306168,0.0440253191978677
33,6.07E-07,1.31E-07,1.15135336870967,3.40997199824194,0.970395895414531,0.0751673144422881
34,5.15E-07,1.03E-07,1.3270548381824,3.55286906720214,0.94583569641272,0.046445597917251
35,5.32E-07,1.28E-07,0.533160166474902,3.45085103268464,0.961319737993764,0.0711975674201305
36,3.81E-07,7.20E-08,1.32027947853199,3.65793886552555,0.930463855664146,0.0357870929165258
37,3.26E-07,3.88E-08,1.57516852751658,3.25289474660516,0.916105423089856,0.040199245276726
38,4.85E-07,6.45E-08,1.20695258137363,3.53061739635338,0.934548696369439,0.042172413336976
39,5.37E-07,7.48E-08,1.6041791937228,3.18900140778987,0.921342177264537,0.0597110552345429
40,4.31E-07,7.91E-08,1.47595893929983,3.59982119319446,0.934500184004566,0.0445566876990318
41,3.45E-07,9.77E-08,1.31669912821592,3.56210772630245,0.936529340659119,0.0578975595540563
42,3.03E-07,8.25E-08,1.55375171398629,3.66778070049793,0.922237355978217,0.0404388541811286
43,4.52E-07,9.97E-08,0.877238711702947,3.40079824418432,0.944040521622527,0.0640521954770533
44,3.58E-07,9.13E-08,1.52509226864598,3.64123491012908,0.927700294000969,0.0410965848294995
45,3.31E-07,7.66E-08,1.4868086628669,3.5705065900056,0.927026261089604,0.0478497669341021
46,3.88E-07,5.79E-08,1.4061622252291,3.4231341547034,0.920399392072897,0.0514248812733593
47,2.81E-07,1.08E-07,1.51139891453957,3.73333714150235,0.932444553624387,0.0554100235063807
48,3.05E-07,1.02E-07,1.48028855976699,3.70429609519941,0.930714428874533,0.053631059154957
49,3.28E-07,3.36E-08,1.39293880315418,3.37420038405942,0.920590137972831,0.0431656270016318
50,3.52E-07,3.61E-08,1.59596251809836,3.27036513959381,0.920195204283443,0.0540192979102242
51,3.04E-07,4.10E-08,1.60256987666873,3.51883787430377,0.921216663876311,0.0501108486157562
52,2.94E-07,3.66E-08,1.5319424861852,3.31772520322835,0.917494761363679,0.0357100942056393
53,5.99E-07,1.68E-07,1.29121241880113,3.62385856816703,0.962209103659431,0.0546405738889393
54,7.50E-07,1.14E-07,1.08269124948862,3.65980482016066,0.965020055188747,0.0532446230791586
55,6.15E-07,1.47E-07,1.3449317721578,3.81329318792807,0.960702338873769,0.047397798872913
56,6.00E-07,7.36E-08,1.13805429693759,3.56828472122573,0.954688090643274,0.0425109012851375
57,4.31E-07,7.91E-08,1.47595893929983,3.59982119319446,0.934500184004566,0.0445566876990318
58,4.47E-07,7.57E-08,1.16418471967989,3.6916960963297,0.934220035485463,0.0306660909404549
59,3.56E-07,5.80E-08,1.51448601640552,3.40962444920054,0.927747677202733,0.0371528696109221
60,3.36E-07,4.88E-08,1.53077674162562,3.37556109569172,0.923384848008003,0.0356170587417967
61,3.54E-07,8.53E-08,1.41111441356512,3.61557698065129,0.928227810918038,0.0491578004452234
62,3.29E-07,7.90E-08,1.38709284628144,3.5099776176163,0.924333998291361,0.0510336249679377
63,3.41E-07,7.88E-08,2,3.52466438446664,0.92807370783562,0.0508355841887441
64,3.21E-07,7.26E-08,2,3.46265015550435,0.9267507851611,0.0542174816908653
65,5.89E-07,8.55E-08,1.27974105432548,3.54653003628297,0.948178212610965,0.0483176602209608
66,5.67E-07,1.06E-07,2,3.28520231565889,0.948472400348525,0.0717943439993419
67,4.72E-07,8.18E-08,1.49940642843412,3.63636550380828,0.928784131001751,0.0420415202076802
68,5.59E-07,8.71E-08,1.38983185324972,3.46921075475302,0.940249534185202,0.0509916985771481
69,2.80E-07,4.86E-08,1.29723007575966,3.55401915118697,0.915040978177161,0.0201285449516054
70,7.62E-06,1.08E-07,1.03542923245075,3.00946345173762,0.93395522873078,0.663029094526008
71,6.98E-07,8.80E-08,1.1466661768986,3.40654539526885,0.933401443872025,0.0515833672909625
72,1.58E-06,1.74E-07,1.23170627878087,3.1962532157076,0.934292849913381,0.229452081748463
73,4.00E-07,4.69E-08,1.36920557233608,3.45582510220303,0.93246845409241,0.0372506409779445
74,5.21E-07,1.48E-07,1.2700959286602,3.54485387475203,0.958234034619391,0.0680723496975856
75,5.53E-07,1.30E-07,1.3118905667688,3.65726976034154,0.962359821502295,0.0542409642316278
76,6.35E-07,1.20E-07,1.13751808046953,3.62004404253916,0.957402549616679,0.0536953412914291
77,5.27E-07,1.37E-07,1.01560598385228,3.50791418469799,0.960818174416411,0.0661720674087728
78,7.39E-07,1.26E-07,0.884248323954827,3.56455630073744,0.962503970726427,0.048566539274724
79,1.05E-06,1.53E-07,1.13102856622827,3.74978273108224,0.98019478674266,0.0671856747002592
80,6.62E-07,1.13E-07,1.16373384420545,3.70482759430958,0.956413547377459,0.0430725709221422
81,1.09E-06,1.63E-07,1.07667119175772,3.82267181457712,0.977695822473492,0.0714999707422716
82,6.07E-07,5.65E-08,1.37333379831803,3.45763082316823,0.932358233661689,0.0665978555165997
83,6.43E-07,4.99E-08,1.46270837386948,3.42572893349485,0.930074529128839,0.0637298730121998
84,3.73E-07,6.20E-08,1.36129527663785,3.67837369067226,0.939900336063159,0.045571589754884
85,4.11E-07,6.61E-08,1.43364591586411,3.49074541350811,0.938270341155255,0.0529833833553351
86,5.51E-07,8.83E-08,1.39937766987428,3.56465815110065,0.940158526626442,0.0453999604907028
87,3.60E-07,8.76E-08,1.4283931444964,3.63220604711771,0.934328495293382,0.0521414499089155
88,3.23E-07,1.05E-07,1.3202976653166,3.66380765621382,0.938133232468638,0.0518035809700032
89,3.61E-07,1.23E-07,1.26917371271434,3.63276080849895,0.940323205241459,0.0613303496634298
90,3.80E-07,7.82E-08,1.47997042060023,3.61484750774563,0.932052105033035,0.042450988625991
91,3.32E-07,1.12E-07,1.42571202281606,3.69606494393949,0.935978382133163,0.0573408317660896
92,3.53E-07,1.18E-07,1.4567312296815,3.7848859202083,0.939117177271549,0.0568801288517774
93,2.71E-07,2.51E-08,1.63206727115438,3.16825444385506,0.913084386900259,0.0269238871244284
94,3.02E-07,2.61E-08,1.66657787918547,3.21121076222484,0.914500228371106,0.0389134339015013
95,2.73E-07,3.24E-08,1.62636047830927,3.37543286063832,0.913937414457291,0.0286267259258715
96,3.00E-07,4.09E-08,1.62135631231373,3.48056315275113,0.91942373487962,0.0469678356004745
97,3.94E-07,1.10E-07,1.33862582620257,3.72242677224051,0.946544505058776,0.0492336036532206
98,4.53E-07,1.08E-07,1.02302992566419,3.51814517832808,0.950301714179201,0.0617910018136069
99,3.84E-07,4.62E-08,1.24619875756506,3.22076214505343,0.927113156196869,0.0489238919147839
100,3.64E-07,5.11E-08,1.25298133180631,3.4965562557805,0.931413786561545,0.0418943733257379
101,4.78E-07,1.39E-07,2,3.37596202873523,0.952307450862483,0.0723272882561219
102,3.49E-07,1.21E-07,1.36003305308162,3.70204921083206,0.936744338919291,0.0543799328038574
103,4.09E-07,1.35E-07,1.25008853999327,3.81076016497126,0.946046788111706,0.0537519182551335
104,6.18E-07,8.85E-08,1.14830717215548,3.49108830338426,0.959938270117776,0.0486803474030292
105,3.09E-07,6.52E-08,1.63544557524739,3.53419942939492,0.929275348111799,0.0525654532951854
106,4.66E-07,7.49E-08,1.4299427406672,3.61433491424921,0.944412324786883,0.0444866791982593
107,4.50E-07,8.60E-08,1.40007700475114,3.80841651079985,0.932484144797304,0.0379526342188543
108,3.59E-07,9.60E-08,1.48615039416593,3.77894525558013,0.935792129722499,0.0521495076756195
109,5.74E-07,7.43E-08,1.42687456155114,3.76783774650025,0.949574000522535,0.0408788754559898
110,5.11E-07,4.72E-08,1.34452618207388,3.3591271463465,0.940016614822789,0.0529083427279308
111,4.06E-07,8.34E-08,1.31121679638705,3.61650125701214,0.946196743467092,0.0547045489829389
112,3.87E-07,9.72E-08,1.47124670711139,3.71687704725944,0.941672988959757,0.0626883443742828
113,3.78E-07,1.23E-07,1.52335350914722,3.7312412785163,0.938231114761574,0.0754215423470723
114,3.45E-07,1.30E-07,1.32375916918784,3.68684846151536,0.94049475700187,0.0802673814778651
115,3.98E-07,5.21E-08,1.51087921754025,3.50282302110532,0.936263637210772,0.052379892175686
116,3.63E-07,5.99E-08,1.41399880833689,3.61056915795037,0.937715690259491,0.0502067667881324
117,3.05E-07,3.56E-08,1.36011383502012,3.39755444761658,0.922792980844396,0.04061999405829
118,4.68E-07,6.44E-08,1.61155341190736,3.33066256774499,0.918195194110548,0.030499261388521
119,3.01E-07,5.07E-08,1.46730212007478,3.50811005815506,0.916120429570454,0.0293222196436781
120,3.42E-07,5.30E-08,1.48406365220704,3.38203483405109,0.919500740459555,0.0308605098624265
121,2.84E-07,4.42E-08,1.52626987980023,3.47238268199542,0.914720568599287,0.0279331639064826
122,4.18E-07,4.96E-08,1.22461675939129,3.39178747922105,0.920805823168913,0.0337418019189931
123,2.53E-07,8.48E-08,1.61592071463846,3.65219318881767,0.91547805168618,0.0412207356584154
124,4.62E-07,1.15E-07,1.44781631576696,3.66844505664404,0.947782237021063,0.0479699395985265
125,3.27E-07,1.18E-07,1.39026529829005,3.65149961607631,0.936120479375162,0.0623917144917012
126,4.16E-07,1.09E-07,1.35373939386285,3.72252935749305,0.942757472586329,0.0475097049198099
127,4.42E-07,9.87E-08,1.32393026646465,3.68127763193809,0.94214070528657,0.0474051266767142
128,9.99E-07,1.23E-07,1.10771034086095,3.71064171966939,0.967445306260962,0.0554415247148842
129,7.03E-07,9.99E-08,1.16515318599364,3.49310141719026,0.965025409671395,0.0517068324078344
130,6.53E-07,1.02E-07,1.08393207632458,3.36642663725641,0.965777240857683,0.057728738183765
131,4.83E-07,3.62E-08,1.53532381110454,2.72759227621609,0.929132957254712,0.0399729462239233
132,3.78E-07,5.39E-08,0.874869904606211,3.34548440879123,0.927200433203464,0.0473410106731229
133,3.45E-07,6.27E-08,1.25200122259383,3.55654283716686,0.927608348858887,0.0408975375197823
134,3.94E-07,4.05E-08,1.5868284616128,3.366733693615,0.923777534674618,0.0453726760466853
135,3.76E-07,4.91E-08,1.50109951699535,3.38003460209939,0.925611435368816,0.0470541684496972
136,4.40E-07,6.33E-08,1.43340258201571,3.46513401470675,0.935267989605311,0.0442517609285704
137,5.27E-07,7.78E-08,1.61003236159218,3.50759823751828,0.945988045664427,0.04266570590944
138,3.56E-07,5.16E-08,1.68063885192308,3.422700468316,0.923354945199095,0.0589397513533235
139,3.39E-07,6.92E-08,1.49298448388411,3.69128250931017,0.93295813674101,0.0491993030493259
140,4.70E-07,6.56E-08,1.5660820920418,3.62599296700938,0.936607295446508,0.0439061600753293
141,4.65E-07,7.93E-08,1.41016602122235,3.68959270959157,0.942452054294828,0.0511906016299462
142,4.07E-07,1.11E-07,1.03239615690506,3.45819868111168,0.942331053335984,0.0672963259160609
143,4.79E-07,1.10E-07,1.13014660199893,3.55513861732552,0.949156754065472,0.058380746061488
144,4.20E-07,1.08E-07,1.4090019825042,3.69493920239733,0.939215055720624,0.0545444068193317
145,3.35E-07,1.12E-07,1.1167913256264,3.51144904501094,0.937714152744112,0.0698136916537616
146,4.28E-07,5.48E-08,1.45539998741369,3.55125524891549,0.941166224206795,0.0579344407374008
147,3.55E-07,5.74E-08,1.29910079200741,3.74095438888455,0.93484994652227,0.053149365724653
148,3.25E-07,6.30E-08,1.45761625466021,3.66423856243645,0.931681327193547,0.0530830618953367
149,3.06E-07,6.08E-08,1.42862413135287,3.63282020140928,0.927385075087868,0.0442763798055897
150,5.58E-07,9.25E-08,1.18052695615731,3.59212865385552,0.963675830649202,0.0598252994601961
151,4.22E-07,3.34E-08,1.09189257026797,3.07528633650167,0.923840690638917,0.0396763859683574
152,6.84E-07,1.01E-07,1.02699429506169,3.59328877026035,0.95993220544251,0.0507081495941987
153,4.18E-07,3.42E-08,1.13498313842637,2.89331364019988,0.925601309036809,0.0316810906247832
154,5.75E-07,1.28E-07,0.414707842475767,3.41305704843546,0.963160469169353,0.0663773702127829
155,5.68E-07,1.31E-07,1.05995370545561,3.48009676246628,0.959872946986569,0.0506537240932573
156,8.19E-07,1.50E-07,1.2505091909882,3.68965718043008,0.973240079893488,0.055063430427295
157,7.07E-07,1.27E-07,1.18714761864968,3.72961645301202,0.967896219357371,0.0462980384431838
158,5.19E-07,8.29E-08,1.55587450326395,3.61431942856772,0.935690126225854,0.0369634529274959
159,3.89E-07,6.72E-08,1.45640268514714,3.54942365114463,0.930112047081407,0.0498534251387974
160,5.60E-07,9.89E-08,1.41762115659479,3.72403243104776,0.932117448783774,0.0290064682810635
161,2.56E-07,7.57E-08,1.51248933042221,3.68366183092166,0.922840515650192,0.0510816551552042
162,3.97E-07,6.21E-08,2,3.10536954572397,0.933730992457427,0.0589515096007077
163,3.76E-07,8.46E-08,1.3574757414227,3.60353973929974,0.930199732739632,0.0431270892984841
164,5.16E-07,7.44E-08,2,3.09418615415298,0.940136339726383,0.0568356307307896
165,3.20E-07,7.64E-08,1.4741710435495,3.62005655440537,0.922272914729471,0.0293810112269644
166,4.58E-07,1.09E-07,1.35252683249839,3.65575949515869,0.952256388968256,0.056922624400611
167,5.46E-07,9.96E-08,1.49318136385806,3.48759106774455,0.951108847272263,0.0653710590282077
168,6.09E-07,8.58E-08,1.36410812290968,3.32612467336828,0.951290367465302,0.0735509155794321
169,5.52E-07,8.66E-08,1.42066467317891,3.44775883376574,0.949163891297607,0.0701945446053622
170,4.02E-07,9.16E-08,1.39580695031372,3.66785789715928,0.941006290890177,0.0602931642277906
171,3.94E-07,9.36E-08,1.38487552925608,3.52960355748678,0.942422995215995,0.0703954233484054
172,4.55E-07,9.63E-08,1.46077674267302,3.80202989056601,0.936355737829148,0.0452437489283801
173,4.54E-07,9.42E-08,1.22380709551364,3.7526495782652,0.940472915901207,0.0616539411507944
174,4.00E-07,1.05E-07,2,3.43580632513761,0.939450570033633,0.0601757454439917
175,4.07E-07,9.91E-08,1.42843699183813,3.61002835827461,0.932211306629273,0.0498182443356916
176,5.84E-07,1.08E-07,0.710542434369605,3.47845984947252,0.950679623128059,0.0488802031097478
177,4.90E-07,1.12E-07,1.33596954517048,3.61075131170803,0.942922326820272,0.0475911489122285
178,3.71E-07,1.18E-07,1.06988677191889,3.53392926593035,0.940975789132185,0.0622952518392916
179,4.10E-07,1.10E-07,0.610540616040744,3.41304611609352,0.944811887866373,0.066130559457355
180,3.72E-07,1.13E-07,1.34367356590798,3.64365396406844,0.94001328389061,0.0536415260645379
181,3.77E-07,8.73E-08,1.32308950768188,3.70386811901669,0.939134266735919,0.0495161401185198
182,2.22E-07,1.35E-08,1.14044194962586,2.36022669654047,0.890012356859371,0.0110393673586079
183,1.57E-07,1.01E-08,1.8113480990287,2.07548246868552,0.887083700870348,0.00887980771926444
184,2.04E-07,1.24E-08,1.28851725283566,2.34152426807872,0.888288651692361,0.010570169638504
185,1.11E-07,1.10E-08,1.87421095455417,2.04818036210991,0.884204741813272,0.00945366372174017
186,4.11E-07,4.98E-08,1.43788578846732,3.67059401052161,0.932432027807901,0.0332674773688763
187,1.18E-06,1.47E-07,1.41000016541079,3.28605648702264,0.939932136037618,0.162529099886859
188,4.91E-07,6.44E-08,1.33715578259798,3.53244984194784,0.938561463942689,0.0409848504186428
189,4.98E-07,5.94E-08,1.2338157507878,3.56471589017021,0.946685497193181,0.0426846649903339
190,5.40E-07,8.48E-08,1.23782485662105,3.43229943607222,0.948923907256669,0.0565809425978973
191,4.00E-07,1.05E-07,2,3.43580632513761,0.939450570033633,0.0601757454439917
192,4.07E-07,9.91E-08,1.42843699183813,3.61002835827461,0.932211306629273,0.0498182443356916
193,5.84E-07,1.08E-07,0.710542434369605,3.47845984947252,0.950679623128059,0.0488802031097478
194,4.90E-07,1.12E-07,1.33596954517048,3.61075131170803,0.942922326820272,0.0475911489122285
195,3.54E-07,8.53E-08,1.41111441356512,3.61557698065129,0.928227810918038,0.0491578004452234
196,3.29E-07,7.90E-08,1.38709284628144,3.5099776176163,0.924333998291361,0.0510336249679377
197,3.41E-07,7.88E-08,2,3.52466438446664,0.92807370783562,0.0508355841887441
198,3.21E-07,7.26E-08,2,3.46265015550435,0.9267507851611,0.0542174816908653
199,5.89E-07,8.55E-08,1.27974105432548,3.54653003628297,0.948178212610965,0.0483176602209608
200,5.67E-07,1.06E-07,2,3.28520231565889,0.948472400348525,0.0717943439993419
201,4.72E-07,8.18E-08,1.49940642843412,3.63636550380828,0.928784131001751,0.0420415202076802
202,5.59E-07,8.71E-08,1.38983185324972,3.46921075475302,0.940249534185202,0.0509916985771481
203,8.81E-07,1.14E-07,1.07110773213692,3.3442251674808,0.947320900494929,0.0708493353411525
204,3.22E-07,1.10E-07,1.47277049225429,3.75399240382003,0.933719694977622,0.0489062773239136
205,4.44E-07,7.41E-08,1.39470067484398,3.6013999616585,0.936422004952099,0.0431861045534611
206,4.62E-07,7.55E-08,1.20454098122205,3.59232620841777,0.942467379803228,0.0420954539974467
207,4.31E-07,7.62E-08,2,3.19863824744335,0.943643924176084,0.0586749511052915
208,3.82E-07,6.53E-08,1.1436867991234,3.56013877456687,0.931347510477426,0.0408594366648271
209,4.11E-07,7.41E-08,2,3.3456185237746,0.933833321305699,0.0592157020421394
210,4.65E-07,8.10E-08,2,3.364355687414,0.941461691196249,0.0655721552246664
211,3.53E-07,6.80E-08,1.47515157226828,3.569327388071,0.924205082919291,0.0355347231539762
212,4.87E-07,8.78E-08,1.23333527467917,3.59341231161364,0.940284975034821,0.0515249202544212
213,3.25E-07,5.53E-08,1.46678097841636,3.36426339117241,0.919535606017283,0.0354135153665865
214,2.95E-07,6.38E-08,1.48391635095638,3.62036376135671,0.91880079164931,0.0294416313359481
215,2.95E-07,5.11E-08,1.56514436558679,3.55711932814814,0.917932893560406,0.0220307526427853
216,6.21E-07,1.23E-07,1.25511572430572,3.63987821024248,0.95974088224715,0.0494979732737241
217,4.34E-07,1.07E-07,1.39250945836991,3.7789876136963,0.94543750374387,0.0484273826397303
218,4.88E-07,1.06E-07,1.24340837187619,3.5779857982411,0.94647695543903,0.0449123830358947
219,7.13E-07,1.09E-07,1.27905172987333,3.65002783730153,0.963244426833619,0.0481656324235961
220,5.79E-07,1.30E-07,2,3.23303050447828,0.962638543367614,0.0724206723977855
221,3.98E-07,1.12E-07,1.19096248156566,3.64761315537624,0.945454698285863,0.0572985546039855
222,3.55E-07,1.17E-07,1.37335287468703,3.58904653709733,0.939162959880847,0.0593711583734385
223,4.39E-07,8.81E-08,1.19885625747096,3.5549578453023,0.943907389420731,0.0490381992961687
224,7.56E-07,1.14E-07,2,3.35157762444889,0.965308140273605,0.0629542520538619
225,7.41E-07,1.21E-07,2,3.35770963808996,0.966807997426206,0.0769366484521794
226,4.99E-07,7.98E-08,1.31402135628828,3.53408711132744,0.945443697543723,0.0610027245741489
227,5.32E-07,8.61E-08,1.29828879169322,3.64731299194593,0.947743095661649,0.0554430435765994
228,2.93E-07,9.66E-08,1.60528921728589,3.63558854149644,0.930894073808212,0.0651327446299981
229,3.72E-07,6.84E-08,1.35389975159742,3.46207185457853,0.929072620014055,0.0430454909038569
230,3.88E-07,1.04E-07,1.32586435078994,3.6543010889541,0.94301340872034,0.057098643665863
231,3.43E-07,1.09E-07,1.38496898217263,3.66278516138608,0.937484432212662,0.0581862059422332
232,2.20E-07,2.78E-08,1.61199329815245,3.05507205667446,0.904568677462939,0.0132552525479321
233,2.56E-07,2.99E-08,1.2404550130026,3.13607974187856,0.909874337702565,0.0230236804867748
234,1.97E-07,2.61E-08,1.71887371704585,2.770158778469,0.898105993519857,0.0171573066271726
235,2.42E-07,1.76E-08,1.72826586578689,2.52935820548177,0.892177633464093,0.0166519959322973
236,3.68E-07,1.02E-07,1.41467954250391,3.6575670179625,0.934308787878438,0.0498593556854216
237,6.00E-07,1.50E-07,1.30207193840484,3.57201888362825,0.957590041712166,0.0518462047056963
238,4.33E-07,1.17E-07,1.38173673614346,3.49838907897468,0.943440984946866,0.0532240777928656
239,7.33E-07,1.54E-07,1.28018096611236,3.73807662879866,0.960693044682657,0.0563795509037952
240,3.96E-07,9.45E-08,1.43961154394398,3.76390646737178,0.942518423288762,0.046554665826393
241,6.82E-07,9.73E-08,1.53887073177046,3.60651863402054,0.955482438885974,0.0522787912715873
242,6.33E-07,8.35E-08,1.45381437223589,3.32418041887812,0.957030370517376,0.0576635998265016
243,6.38E-07,6.57E-08,1.54175144787464,2.98969427944195,0.956358515321923,0.0626741757258377
244,7.62E-06,1.08E-07,1.03542923245075,3.00946345173762,0.93395522873078,0.663029094526008
245,6.98E-07,8.80E-08,1.1466661768986,3.40654539526885,0.933401443872025,0.0515833672909625
246,1.58E-06,1.74E-07,1.23170627878087,3.1962532157076,0.934292849913381,0.229452081748463
247,4.00E-07,4.69E-08,1.36920557233608,3.45582510220303,0.93246845409241,0.0372506409779445
248,4.23E-07,8.11E-08,1.16326400221721,3.51001864038842,0.93687751949225,0.0618054595868363
249,5.90E-07,8.28E-08,2,3.27874495028736,0.952757597276085,0.0708784887941201
250,5.51E-07,7.85E-08,1.55084151403992,3.65486865161696,0.933418005867451,0.0509776564761483
251,1.11E-06,1.25E-07,0.58647917522206,3.40547848733159,0.967014887893508,0.0830542713445954
252,2.69E-07,2.61E-08,1.7973822181546,2.73611662585318,0.900427188373212,0.0149692470817605
253,2.63E-07,2.71E-08,1.78635868710752,2.88595685506647,0.899148330207656,0.0152117714123592
254,2.32E-07,2.54E-08,1.83265597620464,2.65112155893777,0.894766480462612,0.0257581238989733
255,2.14E-07,2.11E-08,1.80242012404136,2.66657124755888,0.897232631034712,0.0257752083293271
256,4.62E-07,4.87E-08,1.31920891993505,3.45659849391983,0.926089547514779,0.042797663992435
257,3.72E-07,5.81E-08,1.57320819742169,3.51759027810946,0.933116070864943,0.0478408098149001
258,4.72E-07,5.32E-08,1.55083503038103,3.45897980895429,0.929550195840008,0.0424354961565819
259,4.02E-07,9.16E-08,1.39580695031372,3.66785789715928,0.941006290890177,0.0602931642277906
260,3.94E-07,9.36E-08,1.38487552925608,3.52960355748678,0.942422995215995,0.0703954233484054
261,4.55E-07,9.63E-08,1.46077674267302,3.80202989056601,0.936355737829148,0.0452437489283801
262,4.54E-07,9.42E-08,1.22380709551364,3.7526495782652,0.940472915901207,0.0616539411507944
263,5.42E-07,6.54E-08,1.22650545997927,3.19790665754495,0.95336813843194,0.0469202393811821
264,4.53E-07,3.27E-08,1.2205269559514,2.88707710702878,0.931060910946955,0.0382091758041213
265,6.96E-07,1.11E-07,1.23597967768733,3.38608485992662,0.974307291234674,0.0700905691362809
266,8.28E-07,9.15E-08,1.1754678166179,3.69890091797304,0.960931233286737,0.0436173061432934
267,3.06E-07,9.73E-08,1.47105570885165,3.702130843014,0.935096290376345,0.0643808130576663
268,3.74E-07,9.88E-08,1.43331475417881,3.69554983145606,0.945815535326839,0.0581793282879223
269,5.01E-07,9.51E-08,1.4556379944228,3.80379333335195,0.935559849265467,0.0397664286083315
270,4.02E-07,1.03E-07,2,3.37815033483417,0.94309151321633,0.0651468008316963
271,4.91E-07,1.12E-07,1.37746117677581,3.60491196447353,0.935093008724175,0.0521104122112436
272,3.69E-07,1.24E-07,0.602881876659894,3.48935229428314,0.94010539422047,0.0765358563538586
273,3.34E-07,1.08E-07,1.42857996996698,3.56140829648199,0.931532729350723,0.0602381996140984
274,3.23E-07,9.69E-08,1.40293537663715,3.599440495244,0.930754691885818,0.0685114087108701
275,3.86E-07,9.87E-08,1.36327618191792,3.57635524507647,0.930158320089164,0.0635297481331703
276,3.88E-07,1.08E-07,1.18333278215638,3.52350964340047,0.940699673730559,0.0547435775374808
277,4.10E-07,1.03E-07,1.50569586681456,3.6373936584747,0.929908198188185,0.0531345430067568
278,4.28E-07,5.48E-08,1.45539998741369,3.55125524891549,0.941166224206795,0.0579344407374008
279,3.55E-07,5.74E-08,1.29910079200741,3.74095438888455,0.93484994652227,0.053149365724653
280,3.25E-07,6.30E-08,1.45761625466021,3.66423856243645,0.931681327193547,0.0530830618953367
281,3.06E-07,6.08E-08,1.42862413135287,3.63282020140928,0.927385075087868,0.0442763798055897
282,4.39E-07,1.08E-07,1.30636557076485,3.53877298508455,0.948905351984907,0.0531561073596835
283,3.32E-07,1.10E-07,1.3876303514662,3.55809522860067,0.939377884948354,0.0571083231671549
284,4.32E-07,6.39E-08,1.33649370046397,3.61506205587517,0.946580613533566,0.0622769832343072
285,4.08E-07,8.61E-08,1.58669683655094,3.62147696697593,0.935264609534514,0.0562471014872537
286,2.69E-07,2.61E-08,1.7973822181546,2.73611662585318,0.900427188373212,0.0149692470817605
287,2.63E-07,2.71E-08,1.78635868710752,2.88595685506647,0.899148330207656,0.0152117714123592
288,2.32E-07,2.54E-08,1.83265597620464,2.65112155893777,0.894766480462612,0.0257581238989733
289,2.14E-07,2.11E-08,1.80242012404136,2.66657124755888,0.897232631034712,0.0257752083293271
290,4.74E-07,8.11E-08,1.40108907538561,3.60762182423095,0.952046087391191,0.0584678382474632
291,6.74E-07,8.74E-08,1.07664591882468,3.48787043898381,0.949262059942459,0.0607281719681706
292,4.95E-07,7.49E-08,0.984618205328905,3.41689243676771,0.943449335590576,0.0648967179746671
293,4.62E-07,6.85E-08,1.36477227906736,3.41720139146497,0.945648624541861,0.0505152471199585
294,3.29E-07,8.35E-08,1.61018511799552,3.66627868503835,0.922411240676391,0.0470863373824142
295,3.60E-07,9.84E-08,1.24474641733518,3.5862690064157,0.930244223267852,0.055520358451714
296,4.36E-07,8.86E-08,1.44362482873809,3.63513318006155,0.936582466170602,0.0446908230978192
297,4.17E-07,1.04E-07,1.1540104370254,3.53111985187522,0.936258308924239,0.0584374792415905
298,4.04E-07,9.72E-08,2,3.53766004469347,0.937343349644175,0.0527208704109128
299,2.98E-07,7.19E-08,1.43378036165435,3.57214540299384,0.918628362065577,0.0517848963058977
300,3.64E-07,9.56E-08,1.17247421564827,3.66391761521608,0.931582149072612,0.0569140130324894
301,2.73E-07,7.68E-08,1.22272125873763,3.56014811635123,0.918877374131972,0.0616492621236637
302,4.89E-07,5.87E-08,1.46418690375589,3.52097644639813,0.935103919682051,0.0407284112620169
303,5.14E-07,8.44E-08,1.26825343517012,3.66176250240605,0.947668526509581,0.0435390695780197
304,4.76E-07,7.88E-08,1.25107165551858,3.54211365395032,0.94689839073685,0.0466453852115071
305,4.35E-07,8.06E-08,1.52790485246846,3.62166667094155,0.938780230453845,0.0524266824033234
306,3.60E-07,7.12E-08,1.51556646726798,3.80186049836747,0.93664826942354,0.0714664659573167
307,4.50E-07,5.34E-08,1.50100115546942,3.71641726758714,0.936429447884424,0.0602604474051975
308,3.80E-07,7.60E-08,1.56288102578979,3.76097397483753,0.934857566325135,0.0680708488640452
309,4.51E-07,7.44E-08,1.39034317777386,3.74036693491586,0.94081851038675,0.0562318801156981
310,3.41E-07,8.33E-08,1.53920713557504,3.67925406709237,0.927933509428304,0.0504859703528988
311,5.60E-07,7.72E-08,0.854652920937825,3.4636643248802,0.931731139522929,0.0429171843567506
312,3.30E-07,6.96E-08,1.53197704769954,3.62037881618485,0.924819243370335,0.0485620788310179
313,1.83E-07,8.15E-09,1.37243936070024,2.24774902160491,0.891153724478503,0.00951238995957815
314,1.34E-07,6.49E-09,1.82344907445949,1.89977249650874,0.886986945705922,0.00915275315885411
315,1.79E-07,7.15E-09,1.62295283175742,2.04617899643778,0.895211181591931,0.00923690879024497
316,1.21E-07,5.80E-09,1.84529847989765,1.86060696041926,0.886868196231879,0.00924537166644079
317,3.72E-07,6.16E-08,1.29250801594686,3.40906400065074,0.928164404902141,0.044639019417019
318,3.25E-07,1.12E-07,1.48271120583402,3.58634311165429,0.93556825438088,0.0523369837114203
319,3.93E-07,5.90E-08,1.07042328618866,3.33674999359283,0.925415122907253,0.0454758180235891
320,3.54E-07,1.06E-07,1.37619280352052,3.5957211613499,0.940127908393486,0.0531717401538859
321,4.74E-07,4.02E-08,1.62459763847152,3.34066565711746,0.924933527030773,0.0432447077774415
322,4.11E-07,4.36E-08,1.33844864564641,3.43514392224888,0.928523333836146,0.0511464137646194
323,7.08E-07,5.52E-08,1.38392136649994,3.40889873701873,0.932847260709295,0.0458361104877731
324,4.57E-07,4.81E-08,1.44224241365642,3.47460051646496,0.933812286682839,0.0385885025556808
325,5.73E-07,1.33E-07,1.33444273464103,3.64025633352332,0.955388673840763,0.0461809535834082
326,1.07E-06,1.67E-07,1.31959959279374,3.60793974436578,0.978370559255587,0.0652173474729031
327,7.06E-07,1.52E-07,1.09747904778143,3.70149116606681,0.966051858393103,0.0511217005876433
328,7.11E-07,1.02E-07,1.2737738653469,3.40489483464375,0.965675122985221,0.0528763364560658
329,4.27E-07,8.26E-08,1.54770271720239,3.54034601197304,0.943635871511241,0.0602671251498167
330,8.03E-07,1.01E-07,1.23182118691564,3.47530859460529,0.964230595482326,0.0598513320310926
331,2.97E-07,8.52E-08,1.46254974182824,3.66004948545345,0.932586665508084,0.0577436537637505
332,6.61E-07,1.11E-07,1.1973770158851,3.51888327650996,0.958633440009427,0.0509724503326213
333,6.53E-07,1.31E-07,1.2355088606713,3.41133068987396,0.976175663156028,0.0723539385374816
334,8.33E-07,1.52E-07,1.11639139600707,3.58494068948645,0.977273380772148,0.0675458759552878
335,6.39E-07,1.05E-07,1.29963843768246,3.49413925652128,0.965088331563932,0.053997233830876
336,2.66E-07,2.46E-08,1.47341289859926,3.17324821790588,0.914212883613421,0.0295167669616053
337,1.89E-07,1.16E-08,1.45716550704441,2.57306438598595,0.900425588624273,0.0189867543261758
338,2.82E-07,3.07E-08,1.50308370797882,3.26785538045641,0.912402289527832,0.0381638816458368
339,1.97E-07,1.51E-08,1.73038387813946,2.9159556549111,0.904583785900515,0.0142836984311836
340,4.25E-07,4.32E-08,1.59292648277468,2.86219104375841,0.906094289067527,0.0211376140010309
341,2.42E-07,1.92E-08,1.63781776918438,3.24305944033963,0.911527405625473,0.0191903198451876
342,2.66E-07,1.80E-08,1.45569576444783,3.08799488247596,0.909991937482209,0.0185119861903321
343,2.38E-07,2.59E-08,1.61717804469043,3.24598450921313,0.912827673743335,0.0251879282155378
344,3.33E-07,8.88E-08,1.18116028979719,3.56959469673572,0.927114433670144,0.0544744555618893
345,6.03E-07,1.06E-07,1.53963677184694,3.55096996116993,0.960915047902854,0.0461647819179272
346,3.24E-07,8.68E-08,1.4433642531482,3.63922366439685,0.928533077763754,0.0513769206969507
347,7.53E-07,1.04E-07,1.33484100969417,3.49617306900933,0.961637514299406,0.0513541319508005
348,4.52E-07,6.87E-08,1.4738700671982,3.56333424728067,0.936536981766209,0.0440302032611395
349,4.66E-07,6.72E-08,1.5053174946045,3.57110442197496,0.933315073644839,0.0505260038060922
350,5.24E-07,6.92E-08,1.13338278917601,3.56606777676812,0.936527974480594,0.050724892396551
351,5.67E-07,6.39E-08,1.31214740225019,3.47620638527219,0.931624752582251,0.0473194820873393
352,4.12E-07,1.16E-07,1.3736100996729,3.82171158560442,0.949253365335192,0.0478354979103638
353,9.69E-07,1.27E-07,1.40606405120689,3.37432519078178,0.967839725237124,0.0607205650845496
354,3.06E-07,1.03E-07,1.37128371118871,3.6868459413929,0.937395298273138,0.0701945175198105
355,4.12E-07,9.72E-08,1.35439253639984,3.65295252835182,0.946477225663186,0.0548865091562149
356,4.01E-07,1.05E-07,1.40586671266503,3.55937361596542,0.937423205345072,0.0531682430961585
357,7.01E-07,1.52E-07,1.14743581890057,3.62039559565087,0.960269084470285,0.0538612521506821
358,5.00E-07,1.12E-07,1.36889107222742,3.60100173219332,0.94313759643853,0.0506401447317819
359,4.93E-07,1.46E-07,1.14000551123808,3.52478390315827,0.956002466355557,0.0637170120243241
360,5.43E-07,1.23E-07,1.19581644845068,3.441018927555,0.958476915311726,0.0560434145442594
361,7.79E-07,1.54E-07,1.26371287319604,3.31223930369546,0.973426812758121,0.0685654300442562
362,4.79E-07,1.21E-07,1.17635385208459,3.5209672711307,0.954965623432767,0.0603869395509248
363,5.73E-07,1.03E-07,1.34781061479862,3.58776774386314,0.960071084103215,0.0486990039178639
364,3.01E-07,1.10E-07,1.41782988253738,3.68371712849658,0.932799033584655,0.059394970860012
365,5.48E-07,8.42E-08,1.41824545244849,3.3195079443502,0.949257451142477,0.0559320224444165
366,4.09E-07,8.16E-08,1.44825837313173,3.57716944718027,0.933873607109324,0.0473962242271103
367,4.82E-07,6.27E-08,1.65076034102697,3.03823479967475,0.93821208657895,0.0621898968579114
368,2.71E-07,2.76E-08,1.51300271388548,3.32367546091559,0.914902458270558,0.0358400506498662
369,3.90E-07,3.34E-08,1.60291400432705,3.39820124726671,0.921783881519095,0.034724476592883
370,2.71E-07,3.80E-08,1.61441398464247,3.53251185639282,0.91847934861394,0.0331415626014814
371,3.55E-07,3.33E-08,1.54014626909881,3.4256217982179,0.923115288633878,0.027646323626633
372,4.64E-07,1.31E-07,0.91761306680344,3.42403080999501,0.950927471885308,0.0682739159602676
373,3.76E-07,1.22E-07,1.4146454777166,3.73951756406381,0.944061655278925,0.0512916951504127
374,3.90E-07,1.25E-07,1.36952703754827,3.75869664790399,0.945699792348834,0.0528899646658587
375,7.11E-07,1.01E-07,1.36648623274857,3.52260425426533,0.963734707838019,0.0610812497345201
376,4.27E-07,8.26E-08,1.54770271720239,3.54034601197304,0.943635871511241,0.0602671251498167
377,8.03E-07,1.01E-07,1.23182118691564,3.47530859460529,0.964230595482326,0.0598513320310926
378,2.97E-07,8.52E-08,1.46254974182824,3.66004948545345,0.932586665508084,0.0577436537637505
379,3.61E-07,1.23E-07,1.26917371271434,3.63276080849895,0.940323205241459,0.0613303496634298
380,3.80E-07,7.82E-08,1.47997042060023,3.61484750774563,0.932052105033035,0.042450988625991
381,3.32E-07,1.12E-07,1.42571202281606,3.69606494393949,0.935978382133163,0.0573408317660896
382,3.53E-07,1.18E-07,1.4567312296815,3.7848859202083,0.939117177271549,0.0568801288517774
383,4.89E-07,5.87E-08,1.46418690375589,3.52097644639813,0.935103919682051,0.0407284112620169
384,5.14E-07,8.44E-08,1.26825343517012,3.66176250240605,0.947668526509581,0.0435390695780197
385,4.76E-07,7.88E-08,1.25107165551858,3.54211365395032,0.94689839073685,0.0466453852115071
386,4.35E-07,8.06E-08,1.52790485246846,3.62166667094155,0.938780230453845,0.0524266824033234
387,6.62E-07,6.65E-08,1.07480597364291,3.23258058325289,0.950013105576315,0.0449349798114334
388,4.64E-07,4.54E-08,0.963908618961396,3.24498985751958,0.931487003197597,0.0389607571949112
389,6.17E-07,8.59E-08,0.981209404961488,3.22709892063422,0.95745252862278,0.0678182071976079
390,6.16E-07,9.84E-08,1.16486356355946,3.70110826561307,0.958199759176055,0.0474766864408422
391,4.31E-07,7.91E-08,1.47595893929983,3.59982119319446,0.934500184004566,0.0445566876990318
392,3.16E-07,1.32E-07,1.37739421493704,3.70635836581039,0.93716419825453,0.0595904530443074
393,3.76E-07,1.27E-07,1.47736804677531,3.6213959983652,0.940973208381955,0.0619100780853319
394,3.63E-07,1.32E-07,2,3.4609158662898,0.94207903487664,0.0736593689582857
395,3.66E-07,1.22E-07,1.42560000134634,3.69682233027513,0.939010535351339,0.0543110204614788
396,4.05E-07,8.51E-08,1.32660580399613,3.60372635164999,0.945235780724315,0.0578178972168385
397,4.40E-07,8.72E-08,1.38025050819504,3.49729176122996,0.948494833597466,0.0554453474346005
398,5.19E-07,1.01E-07,1.29819652267877,3.40834593873565,0.955566644802115,0.06916383810131
399,4.72E-07,1.12E-07,1.34358854779607,3.48993092933774,0.955542084727572,0.0568102551988731
400,9.54E-07,1.18E-07,1.18688104618481,3.55518786578663,0.957612905455753,0.0534781963228338
401,7.16E-07,1.14E-07,1.22051076366884,3.52118015350729,0.952489304685836,0.0544543963732546
402,1.01E-06,1.19E-07,1.36506591619941,3.51064176376385,0.957615515153374,0.0610165766318479
403,5.66E-07,9.42E-08,1.4302481114248,3.41851734914168,0.951005514294922,0.0497860047586337
404,4.06E-07,4.39E-08,2,2.9842298773753,0.932438893541775,0.0468785252129295
405,4.11E-07,5.31E-08,1.37373895270271,3.22924242087103,0.9342877879422,0.0533626744503175
406,4.56E-07,5.38E-08,0.425946613907142,3.13195125800271,0.936531032885536,0.0535489434887759
407,4.58E-07,2.88E-08,1.51508890520706,2.88170212586378,0.921856514857454,0.0327216923955388
408,4.49E-07,5.75E-08,1.24669971428099,3.56098346250994,0.941561190006798,0.0403789821344939
409,3.50E-07,6.33E-08,1.41234904088864,3.61835420909405,0.932532427515963,0.0416583439421477
410,4.36E-07,6.83E-08,1.54972550896552,3.71731166129164,0.942859970013891,0.0630337531160495
411,3.82E-07,6.75E-08,1.61833228387217,3.61931451106053,0.936752088259154,0.0571138495684372
412,3.80E-07,1.15E-07,1.49393252629178,3.70991523551608,0.930272387346936,0.0538038358920401
413,4.58E-07,1.16E-07,1.47881892800151,3.6599669810093,0.9316342293618,0.0518851102875182
414,3.42E-07,1.17E-07,1.50878865849882,3.61434829339456,0.931437946545852,0.0616831820118726
415,3.45E-07,1.08E-07,1.34914875104084,3.57139447714491,0.9350301753262,0.0599112752144347
416,4.23E-07,8.11E-08,1.16326400221721,3.51001864038842,0.93687751949225,0.0618054595868363
417,5.90E-07,8.28E-08,2,3.27874495028736,0.952757597276085,0.0708784887941201
418,5.51E-07,7.85E-08,1.55084151403992,3.65486865161696,0.933418005867451,0.0509776564761483
419,1.11E-06,1.25E-07,0.58647917522206,3.40547848733159,0.967014887893508,0.0830542713445954
420,3.71E-07,6.92E-08,1.26247067466066,3.49677821930045,0.932372801149954,0.0472774992149826
421,4.27E-07,1.32E-07,1.48541543700487,3.62821651719206,0.94001400574032,0.0624156353953533
422,3.91E-07,1.21E-07,1.48970764125408,3.71864875174962,0.940949597912381,0.052945166714467
423,4.29E-07,1.41E-07,1.20137316791807,3.49049065610397,0.946931724951404,0.0650525997427253
424,1.23E-06,2.06E-07,2,3.22159921836092,0.983225003366682,0.0870476689488212
425,6.28E-07,1.42E-07,0.551695579089667,3.45554225566901,0.959449321619682,0.0518989249626732
426,1.00E-06,1.92E-07,2,3.24069517374452,0.978426804458132,0.0763746814596327
427,5.62E-07,1.29E-07,1.30360136716333,3.68837283158406,0.941482284850565,0.0531611875082354
428,5.36E-07,7.57E-08,1.37014053243427,3.55019049471864,0.935509430252385,0.0347932344512993
429,5.60E-07,1.03E-07,0.843090583354478,3.43506730529903,0.943485866354587,0.0501411506267405
430,5.67E-07,8.30E-08,0.666406407522862,3.41044780256026,0.936053480695731,0.0513624346084856
431,6.02E-07,1.29E-07,2,3.30096856988046,0.968533985630897,0.070091894396575
432,3.46E-07,2.90E-08,1.41626252480011,3.0735141868892,0.917018520285858,0.0291755879554236
433,3.01E-07,1.99E-08,1.17601893562853,2.70118921780547,0.906380877581815,0.0331665083338303
434,3.45E-07,1.84E-08,1.49010243704324,2.47980386804697,0.912193043433918,0.0192685800662848
435,2.66E-07,1.13E-08,1.72577416662291,2.17498805814921,0.90319738450889,0.018398072227431
436,3.22E-07,7.79E-08,1.53485239459301,3.67195971026794,0.923348722464045,0.0333330952638667
437,3.32E-07,7.39E-08,1.57132333532291,3.64796852083867,0.923929234785159,0.0313442399126854
438,3.20E-07,6.52E-08,1.3903333749276,3.51720444906641,0.923925352056373,0.0406361059302524
439,3.76E-07,6.19E-08,2,3.33703064660236,0.926251310268619,0.0469846072670183
440,3.45E-07,9.77E-08,1.31669912821592,3.56210772630245,0.936529340659119,0.0578975595540563
441,3.03E-07,8.25E-08,1.55375171398629,3.66778070049793,0.922237355978217,0.0404388541811286
442,4.52E-07,9.97E-08,0.877238711702947,3.40079824418432,0.944040521622527,0.0640521954770533
443,3.58E-07,9.13E-08,1.52509226864598,3.64123491012908,0.927700294000969,0.0410965848294995
444,6.30E-07,1.18E-07,1.22848479324329,3.27346391410175,0.972873744066024,0.0857101960463297
445,5.69E-07,1.07E-07,1.31989866315414,3.65947800022842,0.949747460609493,0.0361067134132489
446,6.67E-07,1.21E-07,1.23133033546872,3.33178715470275,0.973092787943185,0.0725953640867872
447,6.98E-07,1.03E-07,1.2986647630908,3.53777266870867,0.956557420616948,0.0528667076927939
448,5.55E-07,6.52E-08,1.65820356076173,2.69545077747448,0.933890839759832,0.0816728696186583
449,5.88E-07,6.91E-08,1.43002653501366,3.54301287728883,0.935153122697381,0.0482378172579616
450,6.00E-07,5.96E-08,1.31866543522178,3.46352582183965,0.93253973910495,0.0486047827489619
451,3.13E-07,9.09E-08,1.52752681581175,3.70831364975545,0.926895321093634,0.0421712131792141
452,4.08E-07,4.02E-08,1.67667159363754,3.24891488887227,0.931699176794656,0.0545901840354575
453,4.16E-07,4.46E-08,1.27594769503677,3.24810330992646,0.933949082512376,0.0633051678019544
454,3.27E-07,6.78E-08,1.1772510744106,3.66687990813065,0.935384771577297,0.0545468182724186
455,4.52E-07,5.52E-08,1.27862823630813,3.5334608372435,0.943308496251608,0.0447303396628219
456,4.46E-07,1.19E-07,1.38254996025168,3.66525841841661,0.949933112430872,0.0614475995238718
457,7.77E-07,1.43E-07,1.13209308503868,3.57321315699325,0.978242592190884,0.0718258556327172
458,8.97E-07,1.42E-07,1.19376751802775,3.61596076757496,0.970498486944587,0.0484625874895742
459,7.53E-07,1.21E-07,1.21126399055236,3.59811838562119,0.971747446337421,0.0556201133081796
460,9.54E-07,1.18E-07,1.18688104618481,3.55518786578663,0.957612905455753,0.0534781963228338
461,7.16E-07,1.14E-07,1.22051076366884,3.52118015350729,0.952489304685836,0.0544543963732546
462,1.01E-06,1.19E-07,1.36506591619941,3.51064176376385,0.957615515153374,0.0610165766318479
463,5.66E-07,9.42E-08,1.4302481114248,3.41851734914168,0.951005514294922,0.0497860047586337
464,3.88E-07,5.47E-08,1.468815750048,3.59164305850007,0.934017423309235,0.047716688965407
465,3.86E-07,7.87E-08,1.28571943893144,3.58168441354167,0.946824944137645,0.068276015233455
466,3.76E-07,6.50E-08,1.45877490463322,3.68473805092614,0.9304667598663,0.0402245221927101
467,3.65E-07,8.86E-08,1.25201554155435,3.65007867748855,0.936583572250344,0.0736707530730469
468,1.18E-06,1.47E-07,1.41000016541079,3.28605648702264,0.939932136037618,0.162529099886859
469,4.91E-07,6.44E-08,1.33715578259798,3.53244984194784,0.938561463942689,0.0409848504186428
470,4.98E-07,5.94E-08,1.2338157507878,3.56471589017021,0.946685497193181,0.0426846649903339
471,5.40E-07,8.48E-08,1.23782485662105,3.43229943607222,0.948923907256669,0.0565809425978973
472,2.17E-07,5.93E-08,1.74074236328571,3.65725524592118,0.911417148963239,0.0238124826188226
473,2.66E-07,6.44E-08,1.57564869967507,3.70869798922577,0.919437043373909,0.0222778907627414
474,3.60E-07,7.12E-08,1.51556646726798,3.80186049836747,0.93664826942354,0.0714664659573167
475,4.50E-07,5.34E-08,1.50100115546942,3.71641726758714,0.936429447884424,0.0602604474051975
476,3.80E-07,7.60E-08,1.56288102578979,3.76097397483753,0.934857566325135,0.0680708488640452
477,4.51E-07,7.44E-08,1.39034317777386,3.74036693491586,0.94081851038675,0.0562318801156981
478,3.25E-07,7.06E-08,1.32047664860946,3.53691786556587,0.921713518307797,0.0479684867438811
479,3.24E-07,1.13E-07,1.301613253445,3.69759644006493,0.934963409038158,0.0523281602582288
480,5.78E-07,7.54E-08,1.41238813008093,3.20385002042276,0.93314319179589,0.055413018751548
481,3.55E-07,7.69E-08,1.32769980854506,3.61754306015969,0.929417246312559,0.0393379279564302
482,3.48E-07,3.13E-08,1.19420330250996,2.98989497162474,0.906547319458605,0.0496284140787324
483,3.56E-07,3.17E-08,1.67738959902905,2.82509687158701,0.908690585837188,0.0642043990325222
484,3.11E-07,7.32E-08,1.37054969754066,3.75688014021601,0.923940251852889,0.0349560049376393
485,3.57E-07,6.95E-08,1.40027678626412,3.65704545669886,0.926928983195222,0.0389205103812332
486,5.79E-07,1.30E-07,2,3.23303050447828,0.962638543367614,0.0724206723977855
487,3.98E-07,1.12E-07,1.19096248156566,3.64761315537624,0.945454698285863,0.0572985546039855
488,3.55E-07,1.17E-07,1.37335287468703,3.58904653709733,0.939162959880847,0.0593711583734385
489,4.39E-07,8.81E-08,1.19885625747096,3.5549578453023,0.943907389420731,0.0490381992961687
490,3.77E-07,1.07E-07,0.811466946933368,3.47399182491565,0.935697729220859,0.0637184271691963
491,3.68E-07,1.05E-07,1.51055686069078,3.64666795953673,0.92690035963597,0.0569251217932761
492,4.56E-07,1.21E-07,2,3.4216575256166,0.949733833615611,0.0656055539756757
493,4.49E-07,1.12E-07,1.04482333051637,3.45975133092061,0.939750365569881,0.0600541400892209
494,4.58E-07,4.46E-08,0.97512076215817,3.19176087796296,0.923934844212187,0.0440833696959493
495,4.07E-07,7.06E-08,1.49792100408758,3.39829666249459,0.936028510847921,0.0464048587800342
496,3.59E-07,1.01E-07,1.43377529689639,3.74390497091474,0.936878768216071,0.051032403171703
497,3.27E-07,7.55E-08,1.57807669671951,3.56787980401921,0.926603625650045,0.0518033666882044
498,3.31E-07,7.66E-08,1.4868086628669,3.5705065900056,0.927026261089604,0.0478497669341021
499,3.88E-07,5.79E-08,1.4061622252291,3.4231341547034,0.920399392072897,0.0514248812733593
500,2.81E-07,1.08E-07,1.51139891453957,3.73333714150235,0.932444553624387,0.0554100235063807
501,3.05E-07,1.02E-07,1.48028855976699,3.70429609519941,0.930714428874533,0.053631059154957
502,3.30E-07,9.39E-08,1.47243171820279,3.74722449118651,0.933270140253413,0.0471076148216963
503,3.52E-07,1.04E-07,1.49115564065605,3.64258414889306,0.938271005667551,0.0579252304839457
504,4.01E-07,1.05E-07,1.52076589164153,3.56481241780932,0.941417750739978,0.0566677700202233
505,3.99E-07,1.05E-07,0.991582640649471,3.53512541263729,0.947929006626032,0.061881545031536
506,4.74E-07,8.11E-08,1.40108907538561,3.60762182423095,0.952046087391191,0.0584678382474632
507,6.74E-07,8.74E-08,1.07664591882468,3.48787043898381,0.949262059942459,0.0607281719681706
508,4.95E-07,7.49E-08,0.984618205328905,3.41689243676771,0.943449335590576,0.0648967179746671
509,4.62E-07,6.85E-08,1.36477227906736,3.41720139146497,0.945648624541861,0.0505152471199585
510,6.36E-07,9.21E-08,1.389992977767,3.68647294477102,0.936422426301744,0.0406969161757635
511,3.91E-07,4.62E-08,1.38842927766304,3.53793156735408,0.940237901690699,0.0499122188142619
512,5.65E-07,8.80E-08,1.49554865249625,3.78601737967793,0.939171720315835,0.0475903652250467
513,3.58E-07,7.09E-08,1.33329995789919,3.68948968464975,0.935729527119186,0.0654352707985673
514,4.71E-07,9.47E-08,1.41777783652829,3.58809636874769,0.950116096924893,0.0536119887797519
515,5.41E-07,1.09E-07,0.82183431606577,3.44387187883407,0.958491461701879,0.0574969187048089
516,6.22E-07,7.54E-08,1.28096398798594,3.4424791071633,0.952283294841506,0.0609893315819857
517,4.74E-07,7.30E-08,1.15695199295433,3.61354320633261,0.950917383461916,0.054907290377641
518,3.30E-07,4.91E-08,1.32031845124706,3.43748331474089,0.92039666376302,0.0348641514214987
519,3.38E-07,4.77E-08,1.36306288604995,3.68382491480029,0.936277426103628,0.0483283928930404
520,3.01E-07,1.10E-07,1.41782988253738,3.68371712849658,0.932799033584655,0.059394970860012
521,5.48E-07,8.42E-08,1.41824545244849,3.3195079443502,0.949257451142477,0.0559320224444165
522,4.09E-07,8.16E-08,1.44825837313173,3.57716944718027,0.933873607109324,0.0473962242271103
523,4.82E-07,6.27E-08,1.65076034102697,3.03823479967475,0.93821208657895,0.0621898968579114
524,3.56E-07,5.16E-08,1.68063885192308,3.422700468316,0.923354945199095,0.0589397513533235
525,3.39E-07,6.92E-08,1.49298448388411,3.69128250931017,0.93295813674101,0.0491993030493259
526,4.70E-07,6.56E-08,1.5660820920418,3.62599296700938,0.936607295446508,0.0439061600753293
527,4.65E-07,7.93E-08,1.41016602122235,3.68959270959157,0.942452054294828,0.0511906016299462
528,3.38E-07,1.20E-07,1.17917173709197,3.67506053023826,0.938842527339467,0.0588702341540162
529,4.15E-07,9.23E-08,1.33039104114996,3.59017112268363,0.939273655010852,0.0483272971540348
530,3.14E-07,1.26E-07,1.36477013352472,3.63534674760865,0.936439791730677,0.0568258606326506
531,4.27E-07,1.10E-07,1.42251605417676,3.56240151996585,0.938668047300688,0.0546162169953516
532,3.63E-07,1.06E-07,1.54439293325403,3.66275306449761,0.935840418196586,0.0655431732976316
533,3.24E-07,1.15E-07,1.39831085515777,3.60660457380767,0.933299280753153,0.071499463488649
534,4.13E-07,8.04E-08,1.3132113475347,3.68275421971205,0.935095613392069,0.0399528063135349
535,4.89E-07,1.05E-07,0.9772531492957,3.48723703257739,0.95295406991189,0.0625077861144057
536,3.96E-07,6.58E-08,1.37617463985532,3.56191235553926,0.936959277255836,0.042853990284645
537,4.82E-07,5.82E-08,1.36264617779226,3.42713551607263,0.940669533158056,0.0458842105910196
538,3.69E-07,1.10E-07,1.22609901025595,3.5072182012521,0.940846230829215,0.0611529140555869
539,3.71E-07,1.08E-07,1.42880152211045,3.54165316255706,0.940240719296518,0.0584748687531544
540,4.49E-07,5.75E-08,1.24669971428099,3.56098346250994,0.941561190006798,0.0403789821344939
541,3.50E-07,6.33E-08,1.41234904088864,3.61835420909405,0.932532427515963,0.0416583439421477
542,4.36E-07,6.83E-08,1.54972550896552,3.71731166129164,0.942859970013891,0.0630337531160495
543,3.82E-07,6.75E-08,1.61833228387217,3.61931451106053,0.936752088259154,0.0571138495684372
544,3.79E-07,8.36E-08,1.3962547273659,3.68081342571212,0.939765867066486,0.0653390637449095
545,3.69E-07,7.52E-08,1.36204837974983,3.67509707665759,0.942671098286477,0.056814339401712
546,3.87E-07,4.79E-08,1.37258284331314,3.67663297319788,0.939175003441857,0.0580570460166788
547,5.23E-07,5.47E-08,1.58583727902459,3.63034983272342,0.94082752478521,0.0562820076436171
548,4.58E-07,4.46E-08,0.97512076215817,3.19176087796296,0.923934844212187,0.0440833696959493
549,4.07E-07,7.06E-08,1.49792100408758,3.39829666249459,0.936028510847921,0.0464048587800342
550,3.59E-07,1.01E-07,1.43377529689639,3.74390497091474,0.936878768216071,0.051032403171703
551,3.27E-07,7.55E-08,1.57807669671951,3.56787980401921,0.926603625650045,0.0518033666882044
552,3.66E-07,1.04E-07,1.47628811213323,3.58599422332473,0.937842480455109,0.061414226925075
553,3.33E-07,8.36E-08,1.38502771457647,3.67483419150512,0.934553907071934,0.0484673692979947
554,5.30E-07,1.23E-07,0.996061847205598,3.53206669162517,0.953737044046992,0.0545720191025245
555,3.91E-07,1.08E-07,1.43676603638795,3.60011613605696,0.943314332756795,0.0529275189213759
556,3.79E-07,8.00E-08,1.43583658863762,3.59658275197598,0.938639498000581,0.0486221568036052
557,3.80E-07,6.68E-08,1.49560706274206,3.60117985052387,0.933534114912076,0.0465306920252246
558,4.65E-07,6.98E-08,1.45436984236299,3.38164460609153,0.943592791137239,0.0526235383907114
559,3.71E-07,6.94E-08,1.29113350161595,3.57603761247661,0.93252382497658,0.0594424769217906
560,3.54E-07,8.53E-08,1.41111441356512,3.61557698065129,0.928227810918038,0.0491578004452234
561,3.29E-07,7.90E-08,1.38709284628144,3.5099776176163,0.924333998291361,0.0510336249679377
562,3.41E-07,7.88E-08,2,3.52466438446664,0.92807370783562,0.0508355841887441
563,3.21E-07,7.26E-08,2,3.46265015550435,0.9267507851611,0.0542174816908653
564,3.80E-07,4.20E-08,0.904027581093931,3.25150303271816,0.923075543163965,0.0623742390806465
565,5.00E-07,8.14E-08,1.29465153751241,3.63463461983956,0.943081483065228,0.0474277641946167
566,4.80E-07,7.52E-08,1.36822291807056,3.55497024714312,0.938950495153956,0.0432493651124138
567,4.41E-07,1.20E-07,1.51727744834069,3.68613588921577,0.935266982925432,0.058011178610105
568,4.23E-07,6.38E-08,1.14272379251769,3.41767961929569,0.936205889855095,0.0544007752072501
569,3.86E-07,6.29E-08,1.45962785482669,3.43139128420377,0.931599839001934,0.0532258346094953
570,5.43E-07,5.59E-08,1.47862339132068,3.31723211406136,0.93085593719475,0.0505622009667803
571,4.14E-07,4.89E-08,1.59471718203903,3.40562366024503,0.925364507660997,0.0455359634003819
572,3.56E-07,9.24E-08,1.28625042078974,3.59357849446605,0.927369824658331,0.0509632467903377
573,3.67E-07,1.17E-07,1.58660349364111,3.59120637637841,0.93646988450155,0.0613211879561124
574,3.80E-07,1.19E-07,1.34199417014307,3.57501763727257,0.942877364813761,0.0565949334929862
575,4.59E-07,1.17E-07,1.21724085450588,3.54846193570179,0.947700366164491,0.0596769445900353
576,3.17E-07,2.96E-08,1.65652289353339,3.12648439566143,0.913080027856266,0.034428890801172
577,3.00E-07,2.02E-08,1.71966412983977,2.78677995049012,0.908367379315888,0.0223117328410308
578,3.00E-07,2.30E-08,1.66643845313446,2.9035422702924,0.911442748643792,0.0219369015665324
579,3.43E-07,3.27E-08,1.32772145689671,3.19281470195143,0.916346102460327,0.0489697564134386
580,4.02E-07,1.03E-07,2,3.37815033483417,0.94309151321633,0.0651468008316963
581,4.91E-07,1.12E-07,1.37746117677581,3.60491196447353,0.935093008724175,0.0521104122112436
582,3.69E-07,1.24E-07,0.602881876659894,3.48935229428314,0.94010539422047,0.0765358563538586
583,3.34E-07,1.08E-07,1.42857996996698,3.56140829648199,0.931532729350723,0.0602381996140984
584,3.94E-07,4.05E-08,1.5868284616128,3.366733693615,0.923777534674618,0.0453726760466853
585,3.76E-07,4.91E-08,1.50109951699535,3.38003460209939,0.925611435368816,0.0470541684496972
586,4.40E-07,6.33E-08,1.43340258201571,3.46513401470675,0.935267989605311,0.0442517609285704
587,5.27E-07,7.78E-08,1.61003236159218,3.50759823751828,0.945988045664427,0.04266570590944
588,3.71E-07,1.18E-07,1.06988677191889,3.53392926593035,0.940975789132185,0.0622952518392916
589,4.10E-07,1.10E-07,0.610540616040744,3.41304611609352,0.944811887866373,0.066130559457355
590,3.72E-07,1.13E-07,1.34367356590798,3.64365396406844,0.94001328389061,0.0536415260645379
591,3.77E-07,8.73E-08,1.32308950768188,3.70386811901669,0.939134266735919,0.0495161401185198
592,3.16E-07,1.32E-07,1.37739421493704,3.70635836581039,0.93716419825453,0.0595904530443074
593,3.76E-07,1.27E-07,1.47736804677531,3.6213959983652,0.940973208381955,0.0619100780853319
594,3.63E-07,1.32E-07,2,3.4609158662898,0.94207903487664,0.0736593689582857
595,3.66E-07,1.22E-07,1.42560000134634,3.69682233027513,0.939010535351339,0.0543110204614788
596,4.07E-07,7.39E-08,1.4591587836374,3.70852621419995,0.933627312975224,0.0380965269944141
597,3.08E-07,8.48E-08,1.56313129355426,3.64818083489122,0.929079202443757,0.0468712462835531
598,2.42E-07,8.19E-08,1.58012718591285,3.68017052824967,0.923053024082195,0.0580209969630982
599,3.05E-07,7.82E-08,1.41965881760858,3.60461511722994,0.928660465082572,0.0584854463272388
600,3.22E-07,7.79E-08,1.53485239459301,3.67195971026794,0.923348722464045,0.0333330952638667
601,3.32E-07,7.39E-08,1.57132333532291,3.64796852083867,0.923929234785159,0.0313442399126854
602,3.20E-07,6.52E-08,1.3903333749276,3.51720444906641,0.923925352056373,0.0406361059302524
603,3.76E-07,6.19E-08,2,3.33703064660236,0.926251310268619,0.0469846072670183
604,6.87E-07,7.02E-08,1.18861430763348,3.72516598342957,0.954819382198263,0.0513279952905914
605,7.19E-07,6.62E-08,1.20897059118956,3.16565022727002,0.952402459451602,0.0790237379366026
606,3.35E-07,5.56E-08,1.46938749750171,3.58215141431856,0.926698056103931,0.0417259877608637
607,3.40E-07,6.57E-08,1.51681254784587,3.57928063809832,0.923621770805079,0.0467049306994013
608,4.01E-07,5.79E-08,1.36521990534676,3.54080759237459,0.927120717598717,0.0460196394700385
609,4.10E-07,6.18E-08,1.41130886444096,3.4504679073066,0.928840151230122,0.0609239808816212
610,3.30E-07,9.39E-08,1.47243171820279,3.74722449118651,0.933270140253413,0.0471076148216963
611,3.52E-07,1.04E-07,1.49115564065605,3.64258414889306,0.938271005667551,0.0579252304839457
612,4.01E-07,1.05E-07,1.52076589164153,3.56481241780932,0.941417750739978,0.0566677700202233
613,3.99E-07,1.05E-07,0.991582640649471,3.53512541263729,0.947929006626032,0.061881545031536
614,5.52E-07,7.95E-08,1.1482202858114,3.7078443367245,0.946866058917535,0.045352428892491
615,6.10E-07,7.98E-08,1.24296288318401,3.68925718318016,0.94626028993797,0.039244420120508
616,3.79E-07,9.79E-08,1.20807323003814,3.63746837805331,0.943769694685465,0.0635346448817877
617,5.07E-07,6.50E-08,1.29960682062316,3.61106357426041,0.952245627026887,0.0466217040327706
618,3.28E-07,5.53E-08,1.51569522253368,3.53937869921004,0.929641243156644,0.0468125413318422
619,2.96E-07,8.49E-08,1.51340731228892,3.68155885359806,0.930210407905093,0.0611585806085062
620,3.54E-07,2.51E-08,1.67412285778948,2.79890396150615,0.908966732035228,0.0641104021619926
621,3.79E-07,3.87E-08,1.04705336610429,3.35807554502284,0.921801571867005,0.0479682154681211
622,3.61E-07,1.23E-07,1.26917371271434,3.63276080849895,0.940323205241459,0.0613303496634298
623,3.80E-07,7.82E-08,1.47997042060023,3.61484750774563,0.932052105033035,0.042450988625991
624,3.32E-07,1.12E-07,1.42571202281606,3.69606494393949,0.935978382133163,0.0573408317660896
625,3.53E-07,1.18E-07,1.4567312296815,3.7848859202083,0.939117177271549,0.0568801288517774
626,3.71E-07,1.09E-07,1.26349174331012,3.57687377916732,0.942898862318792,0.0627741168655059
627,3.43E-07,8.86E-08,1.42081564187236,3.53638038026439,0.93871438075314,0.0630473795650384
628,2.52E-07,1.00E-07,1.53361999672043,3.70017094884547,0.927525220660071,0.0629465005854951
629,6.36E-07,1.10E-07,1.34449012680104,3.65828541061199,0.953861618987061,0.0402873747035492
630,4.64E-07,1.31E-07,0.91761306680344,3.42403080999501,0.950927471885308,0.0682739159602676
631,3.76E-07,1.22E-07,1.4146454777166,3.73951756406381,0.944061655278925,0.0512916951504127
632,3.90E-07,1.25E-07,1.36952703754827,3.75869664790399,0.945699792348834,0.0528899646658587
633,7.11E-07,1.01E-07,1.36648623274857,3.52260425426533,0.963734707838019,0.0610812497345201
634,3.33E-07,5.96E-08,1.37435021074738,3.50220981152103,0.921831293909164,0.0339194562390465
635,3.43E-07,8.99E-08,1.3792669598958,3.65825787469165,0.928607654442324,0.0498901786865355
636,3.43E-07,7.79E-08,1.56143668207395,3.59261740291412,0.922186819516213,0.0397538415564287
637,3.58E-07,7.59E-08,1.42741458151693,3.59869900520566,0.931585991866959,0.0425492083463499
638,2.20E-07,1.72E-08,1.73875405027844,2.50857838198793,0.898019221282637,0.010995374698921
639,2.08E-07,1.72E-08,1.48392648436965,2.58105272717823,0.894782433868957,0.010778499660879
640,2.38E-07,2.24E-08,1.75135138271246,2.59408593353843,0.899795151340011,0.0129586166049471
641,1.82E-07,1.83E-08,1.74695822292938,2.49230452895885,0.896605023015669,0.0102261384585834
642,5.02E-07,5.18E-08,1.3737426275311,3.24006652500258,0.941979330115951,0.0464772384537827
643,3.93E-07,3.61E-08,1.29379153560386,3.17117901845761,0.93117421672318,0.0400835811043913
644,3.47E-07,2.60E-08,1.1460885764549,2.85246666860456,0.914155016775226,0.0424277009660318
645,3.33E-07,2.23E-08,1.60492631096588,2.83362254703822,0.913839500695795,0.0337358658486328
646,3.12E-07,6.42E-08,1.57781206268691,3.64020874095298,0.924852543965432,0.0372915132288874
647,3.33E-07,5.96E-08,1.37435021074738,3.50220981152103,0.921831293909164,0.0339194562390465
648,3.43E-07,8.99E-08,1.3792669598958,3.65825787469165,0.928607654442324,0.0498901786865355
649,3.43E-07,7.79E-08,1.56143668207395,3.59261740291412,0.922186819516213,0.0397538415564287
650,3.58E-07,7.59E-08,1.42741458151693,3.59869900520566,0.931585991866959,0.0425492083463499
651,2.80E-07,7.54E-08,1.21712229093922,3.57522396140281,0.930058027718664,0.0687880861111051
652,3.51E-07,7.63E-08,1.35694887015014,3.65255946744561,0.938701008969064,0.0544480102731596
653,3.21E-07,8.55E-08,0.528033537603126,3.56175127416804,0.934008767204941,0.0674966025244229
654,2.51E-07,8.90E-08,1.47004636195551,3.69623837511805,0.925714206781161,0.0722207976168583
655,3.58E-07,7.51E-08,1.19429420081385,3.66291904767855,0.931816608224903,0.0471977027136783
656,4.53E-07,9.41E-08,1.37038584080465,3.55189181041825,0.94245948297944,0.0520151422067757
657,3.99E-07,7.41E-08,1.21125921596978,3.6084113463549,0.93483222692505,0.0403955265048721
658,4.36E-07,8.69E-08,0.926823893219706,3.41251857124249,0.940641825404143,0.0674569523435622
659,3.56E-07,9.24E-08,1.28625042078974,3.59357849446605,0.927369824658331,0.0509632467903377
660,3.67E-07,1.17E-07,1.58660349364111,3.59120637637841,0.93646988450155,0.0613211879561124
661,3.80E-07,1.19E-07,1.34199417014307,3.57501763727257,0.942877364813761,0.0565949334929862
662,4.59E-07,1.17E-07,1.21724085450588,3.54846193570179,0.947700366164491,0.0596769445900353
663,4.52E-07,8.47E-08,1.49962896887056,3.50828472658816,0.937522958176786,0.0568895383666997
664,4.16E-07,6.96E-08,1.46757780919464,3.50802988552483,0.932802357587446,0.0448979142177154
665,4.90E-07,8.28E-08,1.11439164374694,3.46632673145578,0.946048597169758,0.051283389759192
666,3.83E-07,8.70E-08,0.51994524976563,3.4732339729639,0.932141843169294,0.0571578485781529
667,3.84E-07,6.82E-08,1.32874026520421,3.56641509493979,0.935432653524111,0.0441166465756153
668,5.30E-07,8.71E-08,1.26357034837092,3.54485941588611,0.951398336137016,0.0483439058643214
669,3.28E-07,6.07E-08,1.61951392744266,3.63772132528074,0.922955590307286,0.0544156828396118
670,4.71E-07,8.48E-08,1.22210878356695,3.63387014334004,0.944818981466212,0.0608003635966291
671,4.07E-07,6.95E-08,1.34273613804051,3.52917077190415,0.935788136613821,0.0632118045203336
672,5.22E-07,7.80E-08,2,3.46119909474469,0.946704236251008,0.0641744281940587
673,5.83E-07,7.62E-08,1.3043224583605,3.57173421048404,0.93853961366133,0.0503847622404903
674,4.17E-07,6.88E-08,1.32982983518398,3.66688745750446,0.934718295454823,0.0405407334512515
675,4.01E-07,1.05E-07,1.40586671266503,3.55937361596542,0.937423205345072,0.0531682430961585
676,7.01E-07,1.52E-07,1.14743581890057,3.62039559565087,0.960269084470285,0.0538612521506821
677,5.00E-07,1.12E-07,1.36889107222742,3.60100173219332,0.94313759643853,0.0506401447317819
678,4.93E-07,1.46E-07,1.14000551123808,3.52478390315827,0.956002466355557,0.0637170120243241
679,4.49E-07,1.05E-07,1.22272110313891,3.58176038878749,0.94018165664131,0.0631471939555705
680,4.17E-07,8.84E-08,1.39421005147795,3.55412617161431,0.937316857558698,0.056654341899235
681,4.74E-07,1.03E-07,1.51168128916792,3.6434843736566,0.930373541322266,0.0528657447453023
682,4.15E-07,8.73E-08,1.59976471250791,3.66984772022511,0.92633864866533,0.0572528949702329
683,3.14E-07,5.75E-08,1.57196859210776,3.55493509343464,0.922136002794709,0.0350746888692071
684,3.47E-07,3.97E-08,1.45601724482954,3.50459596512636,0.920908613992576,0.0392860192078046
685,2.63E-07,7.29E-08,1.60552641835361,3.74186941677791,0.920009247490235,0.0308798924292091
686,2.43E-07,7.70E-08,1.52807136365474,3.70879312635762,0.920194647968552,0.0401377625321279
687,5.20E-07,8.80E-08,1.38961847762334,3.69355034292384,0.934027515021784,0.0349203967684287
688,6.03E-07,6.00E-08,1.24453432786969,3.54388983394321,0.935522772219989,0.0457853584307041
689,4.06E-07,4.39E-08,2,2.9842298773753,0.932438893541775,0.0468785252129295
690,4.11E-07,5.31E-08,1.37373895270271,3.22924242087103,0.9342877879422,0.0533626744503175
691,4.56E-07,5.38E-08,0.425946613907142,3.13195125800271,0.936531032885536,0.0535489434887759
692,4.58E-07,2.88E-08,1.51508890520706,2.88170212586378,0.921856514857454,0.0327216923955388
693,7.51E-07,1.25E-07,1.37186954398822,3.76827179376336,0.94116605821202,0.0484652680155759
694,2.46E-07,7.82E-08,1.60998678666656,3.70432279001234,0.920292733693499,0.0421232219680882
695,4.34E-07,6.38E-08,1.60194289466093,3.4528011819788,0.928939510429409,0.042257092047069
696,3.20E-07,9.19E-08,1.46549226645285,3.69284151597872,0.924351739363662,0.0489703129657161
697,4.29E-07,6.51E-08,1.62733389955619,3.39676658928638,0.928728410815793,0.0478811267018645
698,3.64E-07,8.30E-08,1.60138168691031,3.6222500872931,0.925228660850201,0.0469825256526649
699,4.12E-07,1.42E-07,1.40943210905607,3.60443174518622,0.943756077735469,0.0610921672158736
700,3.77E-07,1.24E-07,1.37006586986139,3.72530032992739,0.942005292888627,0.0549326526375327
701,3.69E-07,1.33E-07,0.924384443507697,3.43942152591943,0.944827226555909,0.0739465527872418
702,3.87E-07,1.26E-07,1.20832908812158,3.65083250395434,0.946407486349648,0.0558864740646144
703,7.71E-07,1.39E-07,1.09519809534899,3.79908985864978,0.96598098286224,0.0477064350939849
704,8.43E-07,1.41E-07,0.796608357120919,3.1616898315225,0.980547240276859,0.0973963526776287
705,1.05E-06,1.55E-07,1.05180432850658,3.67678172254739,0.978095120451789,0.0697579889184181
706,6.63E-07,8.68E-08,1.52359188328784,2.80545614160108,0.961160949742772,0.0740845693471932
707,3.09E-07,6.52E-08,1.63544557524739,3.53419942939492,0.929275348111799,0.0525654532951854
708,4.66E-07,7.49E-08,1.4299427406672,3.61433491424921,0.944412324786883,0.0444866791982593
709,4.50E-07,8.60E-08,1.40007700475114,3.80841651079985,0.932484144797304,0.0379526342188543
710,1.63E-07,1.76E-08,1.82095148614212,2.57512174231879,0.897989701985968,0.0106685375867701
711,1.76E-07,1.99E-08,1.81464631379998,2.58471965676672,0.898748472490514,0.0106754801018526
712,2.02E-07,2.08E-08,1.67930168921782,2.54220796914304,0.89719430108114,0.0116799670860178
713,1.89E-07,1.92E-08,1.64278680908573,2.53551696086777,0.896392950554476,0.0104140299872334
714,3.88E-07,5.47E-08,1.468815750048,3.59164305850007,0.934017423309235,0.047716688965407
715,3.86E-07,7.87E-08,1.28571943893144,3.58168441354167,0.946824944137645,0.068276015233455
716,3.76E-07,6.50E-08,1.45877490463322,3.68473805092614,0.9304667598663,0.0402245221927101
717,3.65E-07,8.86E-08,1.25201554155435,3.65007867748855,0.936583572250344,0.0736707530730469
718,5.55E-07,6.52E-08,1.65820356076173,2.69545077747448,0.933890839759832,0.0816728696186583
719,5.88E-07,6.91E-08,1.43002653501366,3.54301287728883,0.935153122697381,0.0482378172579616
720,6.00E-07,5.96E-08,1.31866543522178,3.46352582183965,0.93253973910495,0.0486047827489619
721,3.13E-07,9.09E-08,1.52752681581175,3.70831364975545,0.926895321093634,0.0421712131792141
722,3.18E-07,4.01E-08,1.38572029795397,3.40976628209021,0.914396405539544,0.0369671305057744
723,3.19E-07,4.45E-08,1.44264135209331,3.50468368958859,0.918308436960059,0.028210974699411
724,4.53E-07,6.79E-08,1.38052798523635,3.47950202157975,0.933347211399911,0.0420605617367918
725,3.07E-07,6.96E-08,1.51039703201251,3.56053366852405,0.924381129416018,0.0438327353429314
726,3.20E-07,7.31E-08,1.55820084900107,3.53839662614875,0.925584387226981,0.0503369955262696
727,5.04E-07,1.31E-07,1.28397221418872,3.64515255189681,0.956927353787178,0.0494032088343399
728,4.79E-07,1.06E-07,1.42667001046089,3.49799649466725,0.946090912766418,0.0545940878805747
729,5.01E-07,1.21E-07,1.12718003425299,3.50189103406708,0.950952827119018,0.0561421774776375
730,4.45E-07,9.91E-08,1.27237079634155,3.50423796519619,0.94853505801923,0.0579186026891343
731,3.36E-07,4.95E-08,1.48329984666054,3.59257885958545,0.933515347128048,0.0541751030979744
732,4.52E-07,4.90E-08,1.45409481221495,3.63940949925323,0.932050993352775,0.0458730338021809
733,3.33E-07,6.31E-08,1.44280633386068,3.54088198741102,0.928861694868954,0.0548303139673451
734,3.64E-07,6.07E-08,1.48237619782808,3.56715104274819,0.936486124515463,0.0590030721654181
735,6.53E-07,8.48E-08,1.37994408482636,3.52286613278871,0.952969962913084,0.0453350166115716
736,8.17E-07,1.17E-07,2,3.27809975972404,0.968479682017421,0.0740058854021455
737,6.30E-07,9.18E-08,1.48892936359954,3.6684196770993,0.953759361205469,0.0514501055579687
738,8.42E-07,1.16E-07,2,3.23054671851475,0.969757826356935,0.078785880998971
739,5.60E-07,1.25E-07,1.4083372160907,3.55355778236525,0.958576885871166,0.0559211833971671
740,4.07E-07,1.16E-07,1.24148904800519,3.5577083495825,0.947860505120745,0.0589678151489591
741,4.25E-07,1.23E-07,1.36060182486321,3.55936421533266,0.951046235795292,0.0590550400534312
742,4.31E-07,1.16E-07,1.33413096254947,3.74290102782008,0.947800589037222,0.0495948699673071
743,4.73E-07,1.41E-07,0.31158815899905,3.38186607629733,0.956150425227201,0.0716862375924026
744,5.17E-07,1.19E-07,1.37756093208286,3.61347646959743,0.957541471518676,0.0507292205480471
745,4.30E-07,1.36E-07,1.14778259760938,3.59525269085911,0.952618921958792,0.0607251443392095
746,5.55E-07,1.11E-07,1.44345066819553,3.51198927135289,0.961944580425953,0.0530345139578979
747,3.26E-07,7.91E-08,1.46648738535863,3.52879027270472,0.92813282937585,0.049248804244359
748,3.76E-07,5.30E-08,1.1970478275164,3.28188207955248,0.926305325673679,0.0570784409710009
749,2.84E-07,1.35E-07,1.48168215798047,3.69289047845873,0.928581742141229,0.066313575483782
750,3.48E-07,1.17E-07,1.53503851844566,3.66259424036315,0.932588698812838,0.0585797217681933
751,1.76E-07,1.96E-08,1.750699134458,2.33119187170873,0.894128008792216,0.00981779407763672
752,1.32E-07,1.86E-08,1.78327944897674,2.31206813604236,0.891723795558913,0.0085560158879896
753,1.12E-07,1.51E-08,1.80579320106539,2.34377510903071,0.891914100755535,0.00848542266776253
754,1.18E-07,1.63E-08,1.79379807879381,2.36445337571223,0.892446757074939,0.00853150878974307
755,3.54E-07,8.53E-08,1.41111441356512,3.61557698065129,0.928227810918038,0.0491578004452234
756,3.29E-07,7.90E-08,1.38709284628144,3.5099776176163,0.924333998291361,0.0510336249679377
757,3.41E-07,7.88E-08,2,3.52466438446664,0.92807370783562,0.0508355841887441
758,3.21E-07,7.26E-08,2,3.46265015550435,0.9267507851611,0.0542174816908653
759,9.99E-07,1.23E-07,1.10771034086095,3.71064171966939,0.967445306260962,0.0554415247148842
760,7.03E-07,9.99E-08,1.16515318599364,3.49310141719026,0.965025409671395,0.0517068324078344
761,6.53E-07,1.02E-07,1.08393207632458,3.36642663725641,0.965777240857683,0.057728738183765
762,4.83E-07,3.62E-08,1.53532381110454,2.72759227621609,0.929132957254712,0.0399729462239233
763,4.01E-07,1.17E-07,1.10187463423231,3.5378520330648,0.942994719819261,0.0666522433322172
764,3.41E-07,1.05E-07,1.40230068490702,3.60608537494452,0.94049504614762,0.0578393413823203
765,4.16E-07,7.05E-08,1.36339097556518,3.58161178958598,0.940163878725274,0.0416014458335691
766,4.15E-07,9.30E-08,1.31646396593695,3.8036660105989,0.944524225713409,0.0426792039406829
767,8.81E-07,1.14E-07,1.07110773213692,3.3442251674808,0.947320900494929,0.0708493353411525
768,3.22E-07,1.10E-07,1.47277049225429,3.75399240382003,0.933719694977622,0.0489062773239136
769,4.44E-07,7.41E-08,1.39470067484398,3.6013999616585,0.936422004952099,0.0431861045534611
770,7.62E-06,1.08E-07,1.03542923245075,3.00946345173762,0.93395522873078,0.663029094526008
771,6.98E-07,8.80E-08,1.1466661768986,3.40654539526885,0.933401443872025,0.0515833672909625
772,1.58E-06,1.74E-07,1.23170627878087,3.1962532157076,0.934292849913381,0.229452081748463
773,4.00E-07,4.69E-08,1.36920557233608,3.45582510220303,0.93246845409241,0.0372506409779445
774,3.97E-07,9.52E-08,1.62404781965634,3.66836898058158,0.922302049136525,0.0446193335448238
775,3.92E-07,9.37E-08,1.37346184028497,3.63232020755215,0.930577296115907,0.048221183664286
776,4.97E-07,1.05E-07,1.52137909931324,3.48134096987778,0.935236124344193,0.0528065920759
777,3.46E-07,1.02E-07,1.54622294533595,3.69732280170067,0.923868244796331,0.051787980465869
778,3.14E-07,9.63E-08,1.39452632319648,3.69800314204458,0.931071364237941,0.0543623815841258
779,3.91E-07,7.26E-08,1.29223453839399,3.6566189258607,0.932137478133968,0.0426386827664479
780,4.05E-07,5.22E-08,1.28244136603142,3.38365633029265,0.927282693822155,0.0531881337343302
781,3.22E-07,3.36E-08,1.71066319833348,2.95580577889706,0.911575809988505,0.0585395524170215
782,4.35E-07,6.35E-08,1.56071154508795,3.50553941105914,0.924925296411553,0.0417010996112346
783,5.57E-07,6.58E-08,1.52316994843542,3.47279962230083,0.932492258752835,0.0583878869589637
784,6.61E-07,6.59E-08,1.56694411487855,3.36999087452793,0.939163258229608,0.0551297727048108
785,4.66E-07,7.79E-08,1.42628111426537,3.42942999172522,0.944012990815094,0.0584234790029399
786,3.39E-07,1.20E-07,1.2596053392277,3.67043986836498,0.93959503667408,0.0576495269708793
787,4.30E-07,1.13E-07,1.27590858532453,3.66716689541883,0.945553989139896,0.0481255446629845
788,4.01E-07,1.08E-07,1.4957906002482,3.48992490240183,0.941347680375781,0.0629504945601823
789,3.45E-07,1.12E-07,1.38428064570618,3.55826178833215,0.936373146901639,0.0626199107411095
790,3.34E-07,9.95E-08,1.40784374964206,3.60478650266076,0.935739094263031,0.0657926085002418
791,3.56E-07,7.62E-08,1.4464230670016,3.67258573971725,0.937055042647534,0.0482583542406478
792,3.88E-07,9.14E-08,1.17102676849881,3.59011856236529,0.942456244883615,0.0711447810063971
793,3.95E-07,9.36E-08,1.40497271367633,3.65989064814718,0.944746259262944,0.0630980211907172
794,4.52E-07,6.87E-08,1.4738700671982,3.56333424728067,0.936536981766209,0.0440302032611395
795,4.66E-07,6.72E-08,1.5053174946045,3.57110442197496,0.933315073644839,0.0505260038060922
796,5.24E-07,6.92E-08,1.13338278917601,3.56606777676812,0.936527974480594,0.050724892396551
797,5.67E-07,6.39E-08,1.31214740225019,3.47620638527219,0.931624752582251,0.0473194820873393
798,3.09E-07,6.52E-08,1.63544557524739,3.53419942939492,0.929275348111799,0.0525654532951854
799,4.66E-07,7.49E-08,1.4299427406672,3.61433491424921,0.944412324786883,0.0444866791982593
800,4.50E-07,8.60E-08,1.40007700475114,3.80841651079985,0.932484144797304,0.0379526342188543
801,2.34E-07,1.54E-08,1.78596310225046,2.48032062864035,0.894606056590525,0.0111938252041817
802,1.62E-07,1.05E-08,1.86156540215985,2.13750802342979,0.886659630681345,0.0186580529320392
803,2.16E-07,1.60E-08,1.67066818357762,2.62051783291952,0.891863030378249,0.01428231569233
804,1.91E-07,1.13E-08,1.86466039663308,2.18163062684394,0.887166573284997,0.0178367631173421
805,3.23E-07,1.30E-07,1.21535648210256,3.5857344665181,0.942388148585185,0.0873391445937181
806,3.40E-07,1.16E-07,1.34640213548243,3.71354685760028,0.942501032017942,0.073612870647814
807,3.26E-07,9.98E-08,1.40165511709134,3.70200366998518,0.944744972208206,0.0660095487744363
808,6.52E-07,1.03E-07,1.25071262090525,3.6341025276191,0.960599548867882,0.057098687428715
809,7.62E-06,1.08E-07,1.03542923245075,3.00946345173762,0.93395522873078,0.663029094526008
810,6.98E-07,8.80E-08,1.1466661768986,3.40654539526885,0.933401443872025,0.0515833672909625
811,1.58E-06,1.74E-07,1.23170627878087,3.1962532157076,0.934292849913381,0.229452081748463
812,4.00E-07,4.69E-08,1.36920557233608,3.45582510220303,0.93246845409241,0.0372506409779445
813,3.16E-07,1.32E-07,1.37739421493704,3.70635836581039,0.93716419825453,0.0595904530443074
814,3.76E-07,1.27E-07,1.47736804677531,3.6213959983652,0.940973208381955,0.0619100780853319
815,3.63E-07,1.32E-07,2,3.4609158662898,0.94207903487664,0.0736593689582857
816,3.66E-07,1.22E-07,1.42560000134634,3.69682233027513,0.939010535351339,0.0543110204614788
817,7.14E-07,1.15E-07,1.22916122415054,3.53360881020675,0.941217234078701,0.0539058901245751
818,2.76E-07,9.25E-08,1.53543778780252,3.69498027307886,0.927895468768183,0.0550906709552076
819,5.55E-07,5.33E-08,1.15223820103439,2.99815861964214,0.931031363938949,0.0569024049757591
820,3.53E-07,5.38E-08,1.32674366138738,3.43721429345395,0.92316131363931,0.0404936079596853
821,2.88E-07,1.02E-07,1.5148194688234,3.7669730064617,0.927791948021454,0.0459695934954915
822,2.71E-07,8.34E-08,1.47805140938086,3.71116369414749,0.923961095013745,0.0456668462912345
823,4.73E-07,1.41E-07,0.31158815899905,3.38186607629733,0.956150425227201,0.0716862375924026
824,5.17E-07,1.19E-07,1.37756093208286,3.61347646959743,0.957541471518676,0.0507292205480471
825,4.30E-07,1.36E-07,1.14778259760938,3.59525269085911,0.952618921958792,0.0607251443392095
826,5.55E-07,1.11E-07,1.44345066819553,3.51198927135289,0.961944580425953,0.0530345139578979
827,3.76E-07,9.70E-08,1.5129815178469,3.61473881719194,0.938514505286297,0.0581761048590912
828,3.16E-07,9.19E-08,1.46563426159808,3.62248822841819,0.93190785274893,0.058571505007833
829,4.03E-07,9.08E-08,1.44703257583576,3.51963105312406,0.941957280728035,0.0571445937579674
830,3.38E-07,7.41E-08,1.47125568039194,3.63403558199388,0.935566227379577,0.0499035367950847
831,3.73E-07,5.79E-08,1.29392300302426,3.52958770332882,0.92468105171091,0.0425202891164604
832,3.26E-07,3.34E-08,1.77488720053729,2.94253845166966,0.908774714376746,0.0598547727959158
833,3.68E-07,4.62E-08,1.21691928354862,3.27808469135384,0.919196601339248,0.0430501355374595
834,3.55E-07,3.52E-08,1.71292066095048,2.98380304159315,0.916687198285656,0.0481943523308926
835,6.24E-07,6.51E-08,1.18388898234538,3.16854528827633,0.951468378730706,0.052768797045029
836,5.40E-07,5.93E-08,1.58877451000885,3.05600396291039,0.950110257359927,0.0552499723779326
837,3.63E-07,9.21E-08,1.45637347155871,3.7133790611682,0.931958450082893,0.0442543787713118
838,6.90E-07,1.09E-07,1.3150528746096,3.37229858147128,0.96372432851508,0.0532331736103153
839,6.78E-07,1.04E-07,1.15781514778719,3.73775514350693,0.959675504532639,0.052272005681939
840,5.48E-07,5.73E-08,1.67063664779463,2.87784456158126,0.939728057337913,0.054674978191836
841,7.19E-07,1.28E-07,1.14143674600043,3.71654920103983,0.967479469539485,0.0600261187527315
842,6.00E-07,6.17E-08,1.60471086504658,2.85910904662811,0.9444607609256,0.0535108731604389
843,5.33E-07,8.56E-08,1.4432226327357,3.42261711903784,0.940137326329941,0.0548984226035404
844,3.94E-07,7.88E-08,1.23879100901311,3.65780810784871,0.933282775242015,0.0395789498997385
845,5.65E-07,9.78E-08,1.27706102464952,3.40525954224082,0.957585519690459,0.0577802137469352
846,4.49E-07,7.75E-08,1.42617339870525,3.46134395542147,0.94027051026337,0.04308474396159
847,2.04E-07,1.22E-08,0.258530853115906,2.33438293666856,0.885945148345142,0.0114770341905214
848,1.84E-07,1.06E-08,1.41002262883026,2.35904097100573,0.891553545028923,0.0101763123691515
849,1.99E-07,1.12E-08,0.840757993490959,2.26491062013438,0.884190564095238,0.0114657125148004
850,1.54E-07,9.87E-09,1.70881169037937,2.15831139814954,0.896122690094478,0.00872416787046926
851,7.51E-07,1.25E-07,1.37186954398822,3.76827179376336,0.94116605821202,0.0484652680155759
852,2.46E-07,7.82E-08,1.60998678666656,3.70432279001234,0.920292733693499,0.0421232219680882
853,3.41E-07,8.33E-08,1.53920713557504,3.67925406709237,0.927933509428304,0.0504859703528988
854,5.60E-07,7.72E-08,0.854652920937825,3.4636643248802,0.931731139522929,0.0429171843567506
855,3.30E-07,6.96E-08,1.53197704769954,3.62037881618485,0.924819243370335,0.0485620788310179
856,4.71E-07,9.47E-08,1.41777783652829,3.58809636874769,0.950116096924893,0.0536119887797519
857,5.41E-07,1.09E-07,0.82183431606577,3.44387187883407,0.958491461701879,0.0574969187048089
858,6.22E-07,7.54E-08,1.28096398798594,3.4424791071633,0.952283294841506,0.0609893315819857
859,4.74E-07,7.30E-08,1.15695199295433,3.61354320633261,0.950917383461916,0.054907290377641
860,2.04E-07,1.22E-08,0.258530853115906,2.33438293666856,0.885945148345142,0.0114770341905214
861,1.84E-07,1.06E-08,1.41002262883026,2.35904097100573,0.891553545028923,0.0101763123691515
862,1.99E-07,1.12E-08,0.840757993490959,2.26491062013438,0.884190564095238,0.0114657125148004
863,1.54E-07,9.87E-09,1.70881169037937,2.15831139814954,0.896122690094478,0.00872416787046926
864,4.58E-07,1.09E-07,1.35252683249839,3.65575949515869,0.952256388968256,0.056922624400611
865,5.46E-07,9.96E-08,1.49318136385806,3.48759106774455,0.951108847272263,0.0653710590282077
866,6.09E-07,8.58E-08,1.36410812290968,3.32612467336828,0.951290367465302,0.0735509155794321
867,5.52E-07,8.66E-08,1.42066467317891,3.44775883376574,0.949163891297607,0.0701945446053622
868,3.32E-07,1.12E-07,1.22654262716176,3.53368352610394,0.932643483559791,0.0690110583837655
869,3.69E-07,1.12E-07,1.41919095576361,3.53779592443309,0.938181225181589,0.0625577125414895
870,3.34E-07,8.41E-08,1.53991074612694,3.62597282132464,0.9293730158471,0.0454477695572056
871,3.43E-07,1.26E-07,1.31894210017224,3.73132875570412,0.937775268482969,0.057847845091204
872,5.89E-07,8.55E-08,1.27974105432548,3.54653003628297,0.948178212610965,0.0483176602209608
873,5.67E-07,1.06E-07,2,3.28520231565889,0.948472400348525,0.0717943439993419
874,4.72E-07,8.18E-08,1.49940642843412,3.63636550380828,0.928784131001751,0.0420415202076802
875,5.59E-07,8.71E-08,1.38983185324972,3.46921075475302,0.940249534185202,0.0509916985771481
876,4.31E-07,9.08E-08,2,3.34051681608154,0.947757808819382,0.0577148072806736
877,5.52E-07,7.54E-08,0.986837366708435,3.40710360171759,0.940964450354575,0.056619898401325
878,5.35E-07,1.02E-07,2,3.25948640656791,0.957360951047821,0.0672673903209978
879,5.97E-07,7.89E-08,1.24108018748868,3.64467398467819,0.934945673499808,0.0434814377006899
880,3.23E-07,5.41E-08,1.59321729043003,3.61313261008945,0.929335494922144,0.0554943672793464
881,2.43E-07,1.88E-08,1.60327767887077,2.9134866364609,0.907066968180617,0.0361232809835684
882,3.46E-07,6.37E-08,1.44856790173367,3.61789673665652,0.928196914462572,0.0599667159912014
883,3.05E-07,2.99E-08,1.70755887749854,3.15620292076401,0.913717896730623,0.0398873921855736
884,5.09E-07,1.13E-07,1.28715691963013,3.52602159899207,0.94477105965789,0.0576833499917712
885,3.94E-07,1.19E-07,1.1085825984858,3.47609907349956,0.947245423357966,0.0661032295749455
886,4.55E-07,1.09E-07,1.36371344540219,3.57827757744253,0.951380451056168,0.0503251016588125
887,4.83E-07,1.06E-07,0.839977722315511,3.3700156185639,0.955329481835401,0.063186803274377
888,3.78E-07,5.39E-08,0.874869904606211,3.34548440879123,0.927200433203464,0.0473410106731229
889,3.45E-07,6.27E-08,1.25200122259383,3.55654283716686,0.927608348858887,0.0408975375197823
890,2.57E-07,7.31E-08,1.55168149846403,3.70747322082203,0.920557802011193,0.0358305389042062
891,2.17E-07,7.59E-08,1.6936994502128,3.74097701911417,0.914328228729716,0.0308374975517651
892,4.05E-07,8.51E-08,1.32660580399613,3.60372635164999,0.945235780724315,0.0578178972168385
893,4.40E-07,8.72E-08,1.38025050819504,3.49729176122996,0.948494833597466,0.0554453474346005
894,5.19E-07,1.01E-07,1.29819652267877,3.40834593873565,0.955566644802115,0.06916383810131
895,4.72E-07,1.12E-07,1.34358854779607,3.48993092933774,0.955542084727572,0.0568102551988731
896,2.69E-07,2.61E-08,1.7973822181546,2.73611662585318,0.900427188373212,0.0149692470817605
897,2.63E-07,2.71E-08,1.78635868710752,2.88595685506647,0.899148330207656,0.0152117714123592
898,2.32E-07,2.54E-08,1.83265597620464,2.65112155893777,0.894766480462612,0.0257581238989733
899,2.14E-07,2.11E-08,1.80242012404136,2.66657124755888,0.897232631034712,0.0257752083293271
900,3.03E-07,8.77E-08,1.46537987891424,3.61759367975059,0.931565602440239,0.0605378095340875
901,3.50E-07,7.28E-08,1.5750057258047,3.75283498484367,0.931100409942079,0.0497871691114634
902,3.79E-07,8.31E-08,1.52670139468288,3.59454676090254,0.936071819146706,0.0650832679897924
903,3.38E-07,9.08E-08,1.41410683023586,3.69661236960892,0.930537679290458,0.058635625255363
904,3.28E-07,6.45E-08,1.5313364915468,3.59746547699016,0.927782678526482,0.0525950476052869
905,3.47E-07,7.58E-08,1.59080924606167,3.73774336558442,0.923540006991651,0.0239835519638717
906,3.34E-07,9.95E-08,1.40784374964206,3.60478650266076,0.935739094263031,0.0657926085002418
907,3.56E-07,7.62E-08,1.4464230670016,3.67258573971725,0.937055042647534,0.0482583542406478
908,3.88E-07,9.14E-08,1.17102676849881,3.59011856236529,0.942456244883615,0.0711447810063971
909,3.95E-07,9.36E-08,1.40497271367633,3.65989064814718,0.944746259262944,0.0630980211907172
910,3.84E-07,1.09E-07,1.36700632619475,3.5924113377163,0.94265889580107,0.0675975683659591
911,3.44E-07,1.02E-07,1.44354462729951,3.59445754511911,0.938703253276837,0.0706639001703293
912,4.37E-07,6.81E-08,1.27926342471678,3.73349377374924,0.943119217335083,0.0467159394330454
913,4.29E-07,1.07E-07,1.4692663929727,3.59951738424437,0.943655124924645,0.0656439457207235
914,3.71E-07,1.18E-07,1.06988677191889,3.53392926593035,0.940975789132185,0.0622952518392916
915,4.10E-07,1.10E-07,0.610540616040744,3.41304611609352,0.944811887866373,0.066130559457355
916,3.72E-07,1.13E-07,1.34367356590798,3.64365396406844,0.94001328389061,0.0536415260645379
917,3.77E-07,8.73E-08,1.32308950768188,3.70386811901669,0.939134266735919,0.0495161401185198
918,3.33E-07,9.70E-08,1.1594740176243,3.57260294548565,0.92902860768761,0.0650507094056481
919,3.45E-07,9.39E-08,1.37016034493111,3.57861949269911,0.930677279264467,0.0607024444984229
920,3.54E-07,1.02E-07,1.37633588106841,3.66820594076683,0.931869996649236,0.0568058731044244
921,3.90E-07,1.18E-07,1.47892617176292,3.71778251931849,0.927523219566574,0.0554187616542928
922,4.89E-07,5.87E-08,1.46418690375589,3.52097644639813,0.935103919682051,0.0407284112620169
923,5.14E-07,8.44E-08,1.26825343517012,3.66176250240605,0.947668526509581,0.0435390695780197
924,4.76E-07,7.88E-08,1.25107165551858,3.54211365395032,0.94689839073685,0.0466453852115071
925,4.35E-07,8.06E-08,1.52790485246846,3.62166667094155,0.938780230453845,0.0524266824033234
926,7.62E-06,1.08E-07,1.03542923245075,3.00946345173762,0.93395522873078,0.663029094526008
927,6.98E-07,8.80E-08,1.1466661768986,3.40654539526885,0.933401443872025,0.0515833672909625
928,1.58E-06,1.74E-07,1.23170627878087,3.1962532157076,0.934292849913381,0.229452081748463
929,4.00E-07,4.69E-08,1.36920557233608,3.45582510220303,0.93246845409241,0.0372506409779445
930,8.02E-07,1.13E-07,0.423488967511237,3.20988412838782,0.969574998276456,0.0834448878928683
931,7.20E-07,1.33E-07,0.298241890705553,3.46221868647587,0.975508651054109,0.0696230777436966
932,3.95E-07,1.01E-07,1.4526572537899,3.67657652096687,0.94522097764344,0.0566523864042215
933,4.54E-07,9.42E-08,1.1519502595218,3.73407416108554,0.951848371591776,0.0533127292445633
934,5.36E-07,7.57E-08,1.37014053243427,3.55019049471864,0.935509430252385,0.0347932344512993
935,5.60E-07,1.03E-07,0.843090583354478,3.43506730529903,0.943485866354587,0.0501411506267405
936,5.67E-07,8.30E-08,0.666406407522862,3.41044780256026,0.936053480695731,0.0513624346084856
937,6.02E-07,1.29E-07,2,3.30096856988046,0.968533985630897,0.070091894396575
938,5.02E-07,5.18E-08,1.3737426275311,3.24006652500258,0.941979330115951,0.0464772384537827
939,3.93E-07,3.61E-08,1.29379153560386,3.17117901845761,0.93117421672318,0.0400835811043913
940,3.47E-07,2.60E-08,1.1460885764549,2.85246666860456,0.914155016775226,0.0424277009660318
941,3.33E-07,2.23E-08,1.60492631096588,2.83362254703822,0.913839500695795,0.0337358658486328
942,3.29E-07,8.35E-08,1.61018511799552,3.66627868503835,0.922411240676391,0.0470863373824142
943,3.60E-07,9.84E-08,1.24474641733518,3.5862690064157,0.930244223267852,0.055520358451714
944,4.36E-07,8.86E-08,1.44362482873809,3.63513318006155,0.936582466170602,0.0446908230978192
945,4.17E-07,1.04E-07,1.1540104370254,3.53111985187522,0.936258308924239,0.0584374792415905
946,5.75E-07,1.28E-07,0.414707842475767,3.41305704843546,0.963160469169353,0.0663773702127829
947,5.68E-07,1.31E-07,1.05995370545561,3.48009676246628,0.959872946986569,0.0506537240932573
948,8.19E-07,1.50E-07,1.2505091909882,3.68965718043008,0.973240079893488,0.055063430427295
949,7.07E-07,1.27E-07,1.18714761864968,3.72961645301202,0.967896219357371,0.0462980384431838
950,4.22E-07,7.48E-08,1.61932252614062,3.83021324589192,0.929632232223775,0.0476771097689338
951,2.84E-07,7.96E-08,1.6883428099758,3.86940841702729,0.927570546568779,0.0529930703773037
952,3.71E-07,7.49E-08,1.60910031728598,3.76684310607698,0.928959956057767,0.0604558835473831
953,3.26E-07,7.91E-08,1.46648738535863,3.52879027270472,0.92813282937585,0.049248804244359
954,3.76E-07,5.30E-08,1.1970478275164,3.28188207955248,0.926305325673679,0.0570784409710009
955,2.84E-07,1.35E-07,1.48168215798047,3.69289047845873,0.928581742141229,0.066313575483782
956,3.48E-07,1.17E-07,1.53503851844566,3.66259424036315,0.932588698812838,0.0585797217681933
957,5.66E-07,1.35E-07,2,3.39374250541308,0.966101147741215,0.0741035771063551
958,5.17E-07,1.31E-07,1.19576728277013,3.73559844531902,0.950389568713244,0.0635102784484312
959,5.83E-07,1.36E-07,0.85250990937616,3.49159957187486,0.960999057119097,0.0599341192363172
960,5.90E-07,1.21E-07,1.29578587333645,3.65594717813898,0.959187789125631,0.052150722500815
961,7.14E-07,1.15E-07,1.22916122415054,3.53360881020675,0.941217234078701,0.0539058901245751
962,2.76E-07,9.25E-08,1.53543778780252,3.69498027307886,0.927895468768183,0.0550906709552076
963,2.25E-06,2.36E-07,1.16425794376635,3.75092820256797,0.994932780339266,0.266380367640116
964,9.37E-07,1.85E-07,1.04643287409407,3.84086777885404,0.973856435475197,0.0933992806519634
965,9.22E-07,1.73E-07,1.22096763362618,3.6584884319235,0.974308023297,0.0539149303571729
966,5.76E-07,1.17E-07,1.30471475821142,3.69965643083529,0.959656209254098,0.0457280829975559
967,3.32E-07,1.12E-07,1.22654262716176,3.53368352610394,0.932643483559791,0.0690110583837655
968,3.69E-07,1.12E-07,1.41919095576361,3.53779592443309,0.938181225181589,0.0625577125414895
969,3.34E-07,8.41E-08,1.53991074612694,3.62597282132464,0.9293730158471,0.0454477695572056
970,3.43E-07,1.26E-07,1.31894210017224,3.73132875570412,0.937775268482969,0.057847845091204
971,4.47E-07,1.16E-07,1.25029979491362,3.54545011673764,0.94419509958212,0.0572915862784008
972,3.70E-07,1.08E-07,1.46610741432618,3.65577205479035,0.931085176469015,0.0483343974839197
973,4.86E-07,1.21E-07,0.988466952614337,3.56138421026155,0.949419663508816,0.0616170249715115
974,2.84E-07,9.16E-08,1.62379212504844,3.52669375711945,0.927754898653359,0.0644448677863252
975,6.07E-07,5.65E-08,1.37333379831803,3.45763082316823,0.932358233661689,0.0665978555165997
976,6.43E-07,4.99E-08,1.46270837386948,3.42572893349485,0.930074529128839,0.0637298730121998
977,3.73E-07,6.20E-08,1.36129527663785,3.67837369067226,0.939900336063159,0.045571589754884
978,4.11E-07,6.61E-08,1.43364591586411,3.49074541350811,0.938270341155255,0.0529833833553351
979,3.18E-07,4.01E-08,1.38572029795397,3.40976628209021,0.914396405539544,0.0369671305057744
980,3.19E-07,4.45E-08,1.44264135209331,3.50468368958859,0.918308436960059,0.028210974699411
981,3.44E-07,4.50E-08,1.39120882776486,3.52012304238138,0.92368068743655,0.0318346535228216
982,2.80E-07,4.68E-08,1.50000846976827,3.52889175334913,0.917114843214513,0.0314243215241853
983,2.88E-07,7.80E-08,1.53170073717648,3.61552956583997,0.923602118728038,0.0430159780918695
984,2.80E-07,6.82E-08,1.5050624804105,3.55360707867491,0.919054139354833,0.036691895177596
985,9.88E-07,1.92E-07,2,3.27085566771351,0.976009155857034,0.0741795775887136
986,4.48E-07,1.33E-07,2,3.39322737094186,0.951318003408509,0.0719803742934528
987,7.42E-07,1.69E-07,2,3.40664626736805,0.966517497237923,0.0636027184300855
988,3.59E-07,1.17E-07,1.37311020790001,3.66718626034353,0.939959906628622,0.0545523082247505
989,3.66E-07,8.80E-08,1.33928884115557,3.70052019318427,0.940479886297512,0.0533329423989948
990,4.28E-07,9.04E-08,1.40306714894197,3.83033728713495,0.940046515955731,0.0504473322584981
991,3.58E-07,7.63E-08,1.32792301059964,3.67155136930219,0.936292120364789,0.0467619932229985
992,3.48E-07,3.13E-08,1.19420330250996,2.98989497162474,0.906547319458605,0.0496284140787324
993,3.56E-07,3.17E-08,1.67738959902905,2.82509687158701,0.908690585837188,0.0642043990325222
994,3.11E-07,7.32E-08,1.37054969754066,3.75688014021601,0.923940251852889,0.0349560049376393
995,3.57E-07,6.95E-08,1.40027678626412,3.65704545669886,0.926928983195222,0.0389205103812332
996,3.77E-07,1.07E-07,0.811466946933368,3.47399182491565,0.935697729220859,0.0637184271691963
997,3.68E-07,1.05E-07,1.51055686069078,3.64666795953673,0.92690035963597,0.0569251217932761
998,4.56E-07,1.21E-07,2,3.4216575256166,0.949733833615611,0.0656055539756757
999,4.49E-07,1.12E-07,1.04482333051637,3.45975133092061,0.939750365569881,0.0600541400892209
1000,5.02E-07,5.18E-08,1.3737426275311,3.24006652500258,0.941979330115951,0.0464772384537827
1001,3.93E-07,3.61E-08,1.29379153560386,3.17117901845761,0.93117421672318,0.0400835811043913
1002,3.47E-07,2.60E-08,1.1460885764549,2.85246666860456,0.914155016775226,0.0424277009660318
1003,3.33E-07,2.23E-08,1.60492631096588,2.83362254703822,0.913839500695795,0.0337358658486328
1004,4.01E-07,1.05E-07,1.40586671266503,3.55937361596542,0.937423205345072,0.0531682430961585
1005,7.01E-07,1.52E-07,1.14743581890057,3.62039559565087,0.960269084470285,0.0538612521506821
1006,5.00E-07,1.12E-07,1.36889107222742,3.60100173219332,0.94313759643853,0.0506401447317819
1007,4.93E-07,1.46E-07,1.14000551123808,3.52478390315827,0.956002466355557,0.0637170120243241
1008,4.13E-07,7.11E-08,1.36281418885813,3.61424266370713,0.933490178585483,0.0407701431559578
1009,3.20E-07,1.16E-07,1.47143770470909,3.64589229210706,0.937481860763083,0.0560268698415279
1010,3.29E-07,6.85E-08,1.36739214424788,3.5837264158112,0.927719328390261,0.0500492791540318
1011,5.09E-07,1.13E-07,1.28715691963013,3.52602159899207,0.94477105965789,0.0576833499917712
1012,3.94E-07,1.19E-07,1.1085825984858,3.47609907349956,0.947245423357966,0.0661032295749455
1013,4.55E-07,1.09E-07,1.36371344540219,3.57827757744253,0.951380451056168,0.0503251016588125
1014,4.83E-07,1.06E-07,0.839977722315511,3.3700156185639,0.955329481835401,0.063186803274377
1015,4.44E-07,8.02E-08,1.21041663242439,3.65978906719886,0.945084856581192,0.0440632866191462
1016,4.24E-07,5.66E-08,1.62560741743222,3.04086240264504,0.933827667755828,0.0661836141117772
1017,4.73E-07,6.40E-08,1.65959689298007,2.91921245991814,0.942275846708403,0.0712170579716387
1018,4.22E-07,4.80E-08,1.71111533944744,2.97659405595501,0.927807139926396,0.0704925045251809
1019,3.91E-07,8.10E-08,1.56416992813154,3.51509812220832,0.935503224339296,0.0670951724248555
1020,3.83E-07,9.51E-08,1.48425015919882,3.67235873673792,0.937008720514988,0.0549443101595339
1021,5.51E-07,7.68E-08,1.46459860617017,3.45957679793677,0.945069918625249,0.0548430197358815
1022,3.29E-07,7.44E-08,1.46583940219581,3.66412940973459,0.932133571170089,0.0469543924414214
1023,3.79E-07,3.20E-08,1.17616092244774,2.92092823419527,0.927985497227313,0.0664709270813138
1024,4.04E-07,3.49E-08,1.75334958380573,2.64014138904313,0.915117016480901,0.078733303012852
1025,2.87E-07,9.09E-08,1.4705501441224,3.71248886370163,0.928717669095574,0.0577150202644546
1026,3.15E-07,5.79E-08,1.48243432841769,3.73495196292524,0.931187318171072,0.0381104015105273
1027,3.85E-07,7.59E-08,1.41941849024377,3.48561127519173,0.931628562448555,0.0459738625087029
1028,3.04E-07,1.03E-07,1.54310377694252,3.66776779645404,0.927334240740304,0.0628566965726453
1029,3.92E-07,1.09E-07,1.48818900777062,3.5808898489098,0.935658122734986,0.0569862386912536
1030,3.70E-07,1.26E-07,1.51701999666935,3.65205751219107,0.939143041198964,0.0558719258791416
1031,8.05E-07,1.21E-07,1.08779662964544,3.75586396545532,0.966301309134498,0.0537340930253056
1032,6.41E-07,1.04E-07,1.1460603188588,3.68316282267876,0.955451234342748,0.0427450760196949
1033,4.35E-07,6.35E-08,1.56071154508795,3.50553941105914,0.924925296411553,0.0417010996112346
1034,5.57E-07,6.58E-08,1.52316994843542,3.47279962230083,0.932492258752835,0.0583878869589637
1035,6.61E-07,6.59E-08,1.56694411487855,3.36999087452793,0.939163258229608,0.0551297727048108
1036,4.66E-07,7.79E-08,1.42628111426537,3.42942999172522,0.944012990815094,0.0584234790029399
1037,1.04E-06,1.03E-07,1.17062374930192,3.46400339714126,0.95359892488253,0.0712750312833028
1038,7.31E-07,1.10E-07,2,3.37633974483374,0.965430656909209,0.0687734398729546
1039,5.05E-07,8.64E-08,1.28068270242064,3.60434659648339,0.948445512987551,0.0477344498370189
1040,3.69E-07,7.68E-08,1.46338774491372,3.69657034955737,0.934848783278557,0.043709500157883
1041,4.28E-07,5.48E-08,1.45539998741369,3.55125524891549,0.941166224206795,0.0579344407374008
1042,3.55E-07,5.74E-08,1.29910079200741,3.74095438888455,0.93484994652227,0.053149365724653
1043,3.25E-07,6.30E-08,1.45761625466021,3.66423856243645,0.931681327193547,0.0530830618953367
1044,3.06E-07,6.08E-08,1.42862413135287,3.63282020140928,0.927385075087868,0.0442763798055897
1045,3.00E-07,7.93E-08,1.02454038320868,3.55438667563323,0.915490892309868,0.0442614670593151
1046,5.91E-07,9.12E-08,1.41478822984348,3.54135865397971,0.943641063040637,0.0420083516661547
1047,2.67E-07,7.67E-08,1.43221460599451,3.57566463488587,0.916396516599888,0.0422748965547847
1048,4.51E-07,7.97E-08,1.29917498362209,3.63496394494759,0.936384830464366,0.0400668028705525
1049,5.09E-07,1.13E-07,1.28715691963013,3.52602159899207,0.94477105965789,0.0576833499917712
1050,3.94E-07,1.19E-07,1.1085825984858,3.47609907349956,0.947245423357966,0.0661032295749455
1051,4.55E-07,1.09E-07,1.36371344540219,3.57827757744253,0.951380451056168,0.0503251016588125
1052,4.83E-07,1.06E-07,0.839977722315511,3.3700156185639,0.955329481835401,0.063186803274377
1053,3.21E-07,4.96E-08,1.54410764559671,3.59290651200716,0.918961555438147,0.0224818039445205
1054,5.02E-07,1.10E-07,1.47263166414393,3.74852636247892,0.933052695677599,0.0440188025522874
1055,3.11E-07,9.79E-08,1.4968491016014,3.72529176138012,0.930073063198829,0.0571546246333234
1056,3.79E-07,9.45E-08,1.6247244772759,3.65571314860342,0.928296874637151,0.0671724468331526
1057,4.49E-07,5.75E-08,1.24669971428099,3.56098346250994,0.941561190006798,0.0403789821344939
1058,3.50E-07,6.33E-08,1.41234904088864,3.61835420909405,0.932532427515963,0.0416583439421477
1059,4.36E-07,6.83E-08,1.54972550896552,3.71731166129164,0.942859970013891,0.0630337531160495
1060,3.82E-07,6.75E-08,1.61833228387217,3.61931451106053,0.936752088259154,0.0571138495684372
1061,4.74E-07,7.02E-08,1.33735310629557,3.59959585181797,0.942951683032985,0.0494521611376448
1062,4.74E-07,6.63E-08,1.56582923934082,3.50237469888029,0.946278500234162,0.0646444350060982
1063,4.81E-07,8.21E-08,1.44357369216093,3.56746236660464,0.942657691665597,0.0672170805012764
1064,4.49E-07,8.03E-08,1.35519828142253,3.7066131604484,0.944686833397683,0.0592963159893436
1065,3.44E-07,4.50E-08,1.39120882776486,3.52012304238138,0.92368068743655,0.0318346535228216
1066,2.80E-07,4.68E-08,1.50000846976827,3.52889175334913,0.917114843214513,0.0314243215241853
1067,2.88E-07,7.80E-08,1.53170073717648,3.61552956583997,0.923602118728038,0.0430159780918695
1068,2.80E-07,6.82E-08,1.5050624804105,3.55360707867491,0.919054139354833,0.036691895177596
1069,3.69E-07,5.99E-08,1.51978068385664,3.55371836816397,0.930743799168463,0.0397433997241751
1070,3.06E-07,6.63E-08,1.47816489185004,3.56522968113315,0.925885785824373,0.0392915699140958
1071,3.72E-07,4.42E-08,1.39184583301058,3.3329264579101,0.923531620253034,0.0302154780648178
1072,4.90E-07,5.02E-08,1.42698596960947,3.19098289940995,0.931992545890459,0.0389990049937576
1073,4.89E-07,4.77E-08,0.981098098475977,2.86808847872023,0.929012309644696,0.0624360339849268
1074,3.92E-07,1.07E-07,1.3034904205669,3.81561494281979,0.942574985971366,0.045499151008967
1075,5.25E-07,7.12E-08,0.899163191478363,3.13000076060077,0.945320288067958,0.0674617282786106
1076,3.95E-07,1.09E-07,1.44250810143259,3.7274935379419,0.939225239881378,0.0471176325146414
1077,4.74E-07,7.02E-08,1.33735310629557,3.59959585181797,0.942951683032985,0.0494521611376448
1078,4.74E-07,6.63E-08,1.56582923934082,3.50237469888029,0.946278500234162,0.0646444350060982
1079,4.81E-07,8.21E-08,1.44357369216093,3.56746236660464,0.942657691665597,0.0672170805012764
1080,4.49E-07,8.03E-08,1.35519828142253,3.7066131604484,0.944686833397683,0.0592963159893436
1081,3.71E-07,1.18E-07,1.06988677191889,3.53392926593035,0.940975789132185,0.0622952518392916
1082,4.10E-07,1.10E-07,0.610540616040744,3.41304611609352,0.944811887866373,0.066130559457355
1083,3.72E-07,1.13E-07,1.34367356590798,3.64365396406844,0.94001328389061,0.0536415260645379
1084,3.77E-07,8.73E-08,1.32308950768188,3.70386811901669,0.939134266735919,0.0495161401185198
1085,5.31E-07,8.44E-08,0.535145083667429,3.21409338910927,0.958012930980764,0.0619020283004368
1086,5.25E-07,5.57E-08,1.18278040786762,3.20897947273519,0.939815239060516,0.0427715242022368
1087,5.35E-07,1.15E-07,1.25562264159821,3.47216835403903,0.962071888918152,0.0633575595342191
1088,5.09E-07,5.96E-08,1.21038107677215,3.29799715921377,0.946116393706655,0.0424938012498185
1089,3.30E-07,4.91E-08,1.32031845124706,3.43748331474089,0.92039666376302,0.0348641514214987
1090,5.02E-07,1.23E-07,1.27836587265195,3.56257496892253,0.961236879330004,0.0563657768707794
1091,7.64E-07,1.48E-07,1.21936145205419,3.54382317183564,0.966273543760923,0.0492997858651251
1092,8.38E-07,1.46E-07,0.897404829186635,3.44612729524203,0.972689337114287,0.0598095026474703
1093,7.29E-07,1.40E-07,1.25485367864144,3.62035674017469,0.964423754861778,0.0485126941315756
1094,3.18E-07,5.60E-08,1.4415357980796,3.58239760406822,0.926683023974688,0.0353565526471674
1095,3.55E-07,8.04E-08,1.53198475890541,3.63016356313368,0.93425287786283,0.0515702020038122
1096,3.47E-07,6.58E-08,1.39954119146693,3.58931373350362,0.932398644841145,0.0413390384122027
1097,3.13E-07,7.50E-08,1.59750874923721,3.57682843880955,0.929415949077752,0.0556716177434962
1098,4.16E-07,7.96E-08,1.64070778715232,3.67280703367965,0.92130996131175,0.0199295436667045
1099,5.25E-07,9.80E-08,1.45076607868728,3.75657521126001,0.930285576537714,0.0232005002381624
1100,3.84E-07,5.52E-08,1.38347656515764,3.28667408849748,0.923354638963022,0.04696638867553
1101,4.47E-07,4.70E-08,1.28726040954493,3.27817537086414,0.929514750774621,0.0402879099996911
1102,3.81E-07,9.40E-08,1.46607057459439,3.66677129766573,0.935441718883497,0.0487442292796166
1103,3.14E-07,9.26E-08,1.2921262818669,3.58760961926287,0.934205621578095,0.0584723821343168
1104,4.09E-07,7.92E-08,1.40715415248905,3.67823194711338,0.941185216102302,0.0418666278996511
1105,5.52E-07,7.56E-08,1.45270083214899,3.54277914128295,0.947990687125375,0.0450604677463838
1106,4.17E-07,4.57E-08,1.47380384516649,3.29519409944035,0.932720488801464,0.0458738905584207
1107,3.63E-07,1.06E-07,1.54439293325403,3.66275306449761,0.935840418196586,0.0655431732976316
1108,3.24E-07,1.15E-07,1.39831085515777,3.60660457380767,0.933299280753153,0.071499463488649
1109,4.13E-07,8.04E-08,1.3132113475347,3.68275421971205,0.935095613392069,0.0399528063135349
1110,4.89E-07,1.05E-07,0.9772531492957,3.48723703257739,0.95295406991189,0.0625077861144057
1111,9.54E-07,1.18E-07,1.18688104618481,3.55518786578663,0.957612905455753,0.0534781963228338
1112,7.16E-07,1.14E-07,1.22051076366884,3.52118015350729,0.952489304685836,0.0544543963732546
1113,1.01E-06,1.19E-07,1.36506591619941,3.51064176376385,0.957615515153374,0.0610165766318479
1114,5.66E-07,9.42E-08,1.4302481114248,3.41851734914168,0.951005514294922,0.0497860047586337
1115,3.38E-07,1.20E-07,1.17917173709197,3.67506053023826,0.938842527339467,0.0588702341540162
1116,4.15E-07,9.23E-08,1.33039104114996,3.59017112268363,0.939273655010852,0.0483272971540348
1117,3.14E-07,1.26E-07,1.36477013352472,3.63534674760865,0.936439791730677,0.0568258606326506
1118,4.27E-07,1.10E-07,1.42251605417676,3.56240151996585,0.938668047300688,0.0546162169953516
1119,3.84E-07,5.52E-08,1.38347656515764,3.28667408849748,0.923354638963022,0.04696638867553
1120,4.47E-07,4.70E-08,1.28726040954493,3.27817537086414,0.929514750774621,0.0402879099996911
1121,3.81E-07,9.40E-08,1.46607057459439,3.66677129766573,0.935441718883497,0.0487442292796166
1122,6.05E-07,1.18E-07,1.51484941337739,3.54256156603153,0.946448113190778,0.0557859928736089
1123,3.55E-07,1.06E-07,1.55936269407334,3.67943414232859,0.930628021992919,0.0512202740259781
1124,4.68E-07,1.10E-07,1.42596253374139,3.55769554136895,0.93939519160173,0.0509508814665556
1125,3.30E-07,6.32E-08,1.36650999297949,3.51265708392214,0.918854796108563,0.0418235705962103
1126,3.71E-07,1.09E-07,1.26349174331012,3.57687377916732,0.942898862318792,0.0627741168655059
1127,3.43E-07,8.86E-08,1.42081564187236,3.53638038026439,0.93871438075314,0.0630473795650384
1128,2.52E-07,1.00E-07,1.53361999672043,3.70017094884547,0.927525220660071,0.0629465005854951
1129,6.36E-07,1.10E-07,1.34449012680104,3.65828541061199,0.953861618987061,0.0402873747035492
1130,3.85E-07,7.59E-08,1.41941849024377,3.48561127519173,0.931628562448555,0.0459738625087029
1131,3.04E-07,1.03E-07,1.54310377694252,3.66776779645404,0.927334240740304,0.0628566965726453
1132,3.92E-07,1.09E-07,1.48818900777062,3.5808898489098,0.935658122734986,0.0569862386912536
1133,3.70E-07,1.26E-07,1.51701999666935,3.65205751219107,0.939143041198964,0.0558719258791416
1134,3.23E-07,1.30E-07,1.21535648210256,3.5857344665181,0.942388148585185,0.0873391445937181
1135,3.40E-07,1.16E-07,1.34640213548243,3.71354685760028,0.942501032017942,0.073612870647814
1136,3.26E-07,9.98E-08,1.40165511709134,3.70200366998518,0.944744972208206,0.0660095487744363
1137,6.52E-07,1.03E-07,1.25071262090525,3.6341025276191,0.960599548867882,0.057098687428715
1138,3.05E-07,6.83E-08,1.55775934290557,3.59996887163482,0.926433928442639,0.0546122240707129
1139,2.86E-07,8.73E-08,1.39417400623256,3.67954363075938,0.92998991727652,0.0639074490063484
1140,3.23E-07,7.21E-08,1.5691076504112,3.51998062671135,0.930532030379043,0.0643471677210842
1141,4.25E-07,7.60E-08,1.62643245190541,3.47375995678432,0.937388728792837,0.0588965831299241
1142,1.76E-07,1.96E-08,1.750699134458,2.33119187170873,0.894128008792216,0.00981779407763672
1143,1.32E-07,1.86E-08,1.78327944897674,2.31206813604236,0.891723795558913,0.0085560158879896
1144,1.12E-07,1.51E-08,1.80579320106539,2.34377510903071,0.891914100755535,0.00848542266776253
1145,1.18E-07,1.63E-08,1.79379807879381,2.36445337571223,0.892446757074939,0.00853150878974307
1146,3.29E-07,7.12E-08,1.49385623585573,3.71715056186399,0.922346369302696,0.0195302819604394
1147,5.63E-07,1.07E-07,1.46895558884981,3.66379728590492,0.926328121089682,0.0281522224655947
1148,5.32E-07,6.96E-08,1.30253534840581,3.42666547549123,0.9369526796881,0.0461514971564763
1149,5.02E-07,8.68E-08,1.48581558942833,3.58438020658753,0.931663000403424,0.0444519693657718
1150,5.50E-07,8.13E-08,1.33329900460163,3.52926379637079,0.938854468343008,0.0475689656462589
1151,4.78E-07,9.81E-08,0.768771285141036,3.48619179325462,0.929925768465368,0.0489204932165742
1152,3.73E-07,5.79E-08,1.29392300302426,3.52958770332882,0.92468105171091,0.0425202891164604
1153,3.26E-07,3.34E-08,1.77488720053729,2.94253845166966,0.908774714376746,0.0598547727959158
1154,3.68E-07,4.62E-08,1.21691928354862,3.27808469135384,0.919196601339248,0.0430501355374595
1155,3.55E-07,3.52E-08,1.71292066095048,2.98380304159315,0.916687198285656,0.0481943523308926
1156,3.21E-07,4.96E-08,1.54410764559671,3.59290651200716,0.918961555438147,0.0224818039445205
1157,3.26E-07,7.91E-08,1.46648738535863,3.52879027270472,0.92813282937585,0.049248804244359
1158,3.76E-07,5.30E-08,1.1970478275164,3.28188207955248,0.926305325673679,0.0570784409710009
1159,2.84E-07,1.35E-07,1.48168215798047,3.69289047845873,0.928581742141229,0.066313575483782
1160,3.48E-07,1.17E-07,1.53503851844566,3.66259424036315,0.932588698812838,0.0585797217681933
1161,5.01E-07,6.65E-08,1.55910594999997,3.35606128723699,0.934108633770888,0.0509949500103536
1162,4.14E-07,7.99E-08,1.12808297487596,3.45607828720479,0.941268510325579,0.0527182631790246
1163,3.95E-07,8.16E-08,1.61791865228975,3.56616450493013,0.929334249564386,0.0501135096682984
1164,4.35E-07,9.01E-08,0.616736539029254,3.50588863654365,0.944098027830621,0.0499631110872996
1165,3.97E-07,9.52E-08,1.62404781965634,3.66836898058158,0.922302049136525,0.0446193335448238
1166,3.92E-07,9.37E-08,1.37346184028497,3.63232020755215,0.930577296115907,0.048221183664286
1167,4.97E-07,1.05E-07,1.52137909931324,3.48134096987778,0.935236124344193,0.0528065920759
1168,3.46E-07,1.02E-07,1.54622294533595,3.69732280170067,0.923868244796331,0.051787980465869
1169,5.09E-07,1.13E-07,1.28715691963013,3.52602159899207,0.94477105965789,0.0576833499917712
1170,3.94E-07,1.19E-07,1.1085825984858,3.47609907349956,0.947245423357966,0.0661032295749455
1171,4.55E-07,1.09E-07,1.36371344540219,3.57827757744253,0.951380451056168,0.0503251016588125
1172,4.83E-07,1.06E-07,0.839977722315511,3.3700156185639,0.955329481835401,0.063186803274377
1173,4.22E-07,7.48E-08,1.61932252614062,3.83021324589192,0.929632232223775,0.0476771097689338
1174,2.84E-07,7.96E-08,1.6883428099758,3.86940841702729,0.927570546568779,0.0529930703773037
1175,3.71E-07,7.49E-08,1.60910031728598,3.76684310607698,0.928959956057767,0.0604558835473831
1176,4.82E-07,7.56E-08,1.45774564265076,3.47987412093218,0.93109812672705,0.0346193651699186
1177,6.98E-07,1.40E-07,2,3.32862927157346,0.97195609089875,0.0765164243244115
1178,7.66E-07,1.01E-07,1.37111143320823,3.4245236554911,0.952535523882676,0.0513086848197893
1179,6.74E-07,1.23E-07,2,3.61478341747658,0.953633557216848,0.0463611401543684
1180,6.61E-07,1.11E-07,1.1973770158851,3.51888327650996,0.958633440009427,0.0509724503326213
1181,6.53E-07,1.31E-07,1.2355088606713,3.41133068987396,0.976175663156028,0.0723539385374816
1182,8.33E-07,1.52E-07,1.11639139600707,3.58494068948645,0.977273380772148,0.0675458759552878
1183,6.39E-07,1.05E-07,1.29963843768246,3.49413925652128,0.965088331563932,0.053997233830876
1184,5.14E-07,5.41E-08,1.38080283008065,3.49538975427638,0.937463844352211,0.0529361725241662
1185,4.61E-07,4.91E-08,1.31855864698684,3.63076187314236,0.932283748860451,0.0528762318013509
1186,5.49E-07,5.97E-08,1.510854838971,3.47256997961664,0.943212213102243,0.0499684828923672
1187,4.89E-07,5.03E-08,1.36014194284849,3.32919948002288,0.940297622955378,0.0486321280363619
1188,3.30E-07,9.39E-08,1.47243171820279,3.74722449118651,0.933270140253413,0.0471076148216963
1189,3.52E-07,1.04E-07,1.49115564065605,3.64258414889306,0.938271005667551,0.0579252304839457
1190,4.01E-07,1.05E-07,1.52076589164153,3.56481241780932,0.941417750739978,0.0566677700202233
1191,3.99E-07,1.05E-07,0.991582640649471,3.53512541263729,0.947929006626032,0.061881545031536
1192,1.37E-07,1.64E-08,1.85662074773889,2.40212992114411,0.889694564213677,0.00936930601480457
1193,1.76E-07,2.33E-08,1.72463585110703,2.57961335609717,0.894323568431312,0.0106004890299128
1194,1.42E-07,1.48E-08,1.8626642587598,2.45052516288722,0.890791695125542,0.00994592860066723
1195,1.35E-07,1.58E-08,1.71915029198173,2.52042266935171,0.892334918300104,0.0100763387612057
1196,3.30E-07,9.39E-08,1.47243171820279,3.74722449118651,0.933270140253413,0.0471076148216963
1197,3.52E-07,1.04E-07,1.49115564065605,3.64258414889306,0.938271005667551,0.0579252304839457
1198,4.01E-07,1.05E-07,1.52076589164153,3.56481241780932,0.941417750739978,0.0566677700202233
1199,3.99E-07,1.05E-07,0.991582640649471,3.53512541263729,0.947929006626032,0.061881545031536
1200,4.65E-07,8.10E-08,2,3.364355687414,0.941461691196249,0.0655721552246664
1201,3.53E-07,6.80E-08,1.47515157226828,3.569327388071,0.924205082919291,0.0355347231539762
1202,4.87E-07,8.78E-08,1.23333527467917,3.59341231161364,0.940284975034821,0.0515249202544212
1203,3.25E-07,5.53E-08,1.46678097841636,3.36426339117241,0.919535606017283,0.0354135153665865
1204,3.59E-07,9.60E-08,1.48615039416593,3.77894525558013,0.935792129722499,0.0521495076756195
1205,5.74E-07,7.43E-08,1.42687456155114,3.76783774650025,0.949574000522535,0.0408788754559898
1206,5.11E-07,4.72E-08,1.34452618207388,3.3591271463465,0.940016614822789,0.0529083427279308
1207,4.82E-07,7.56E-08,1.45774564265076,3.47987412093218,0.93109812672705,0.0346193651699186
1208,6.98E-07,1.40E-07,2,3.32862927157346,0.97195609089875,0.0765164243244115
1209,7.66E-07,1.01E-07,1.37111143320823,3.4245236554911,0.952535523882676,0.0513086848197893
1210,6.74E-07,1.23E-07,2,3.61478341747658,0.953633557216848,0.0463611401543684
1211,3.29E-07,8.35E-08,1.61018511799552,3.66627868503835,0.922411240676391,0.0470863373824142
1212,3.60E-07,9.84E-08,1.24474641733518,3.5862690064157,0.930244223267852,0.055520358451714
1213,4.36E-07,8.86E-08,1.44362482873809,3.63513318006155,0.936582466170602,0.0446908230978192
1214,4.17E-07,1.04E-07,1.1540104370254,3.53111985187522,0.936258308924239,0.0584374792415905
1215,4.82E-07,7.56E-08,1.45774564265076,3.47987412093218,0.93109812672705,0.0346193651699186
1216,6.98E-07,1.40E-07,2,3.32862927157346,0.97195609089875,0.0765164243244115
1217,7.66E-07,1.01E-07,1.37111143320823,3.4245236554911,0.952535523882676,0.0513086848197893
1218,6.74E-07,1.23E-07,2,3.61478341747658,0.953633557216848,0.0463611401543684
1219,3.96E-07,6.58E-08,1.37617463985532,3.56191235553926,0.936959277255836,0.042853990284645
1220,4.82E-07,5.82E-08,1.36264617779226,3.42713551607263,0.940669533158056,0.0458842105910196
1221,3.69E-07,1.10E-07,1.22609901025595,3.5072182012521,0.940846230829215,0.0611529140555869
1222,3.71E-07,1.08E-07,1.42880152211045,3.54165316255706,0.940240719296518,0.0584748687531544
1223,6.40E-07,8.90E-08,1.44394945038208,3.53332373549474,0.94450697351631,0.0262417838707301
1224,5.79E-07,1.33E-07,1.3141545002147,3.48167363182774,0.961610989513676,0.0338008168238985
1225,5.42E-07,4.63E-08,1.611332369228,3.34903926977612,0.934162831680392,0.022362205850288
1226,4.10E-07,6.63E-08,1.59990500083614,3.74513946178059,0.941421383147782,0.038928357956721
1227,2.18E-07,1.31E-08,1.8392345641733,2.33969775759356,0.89618466188613,0.00304858315266132
1228,1.36E-07,1.43E-08,1.8645737006481,2.39472595624997,0.895469169457309,0.00300204697028339
1229,3.95E-07,1.31E-07,1.36774730280666,3.51618103671894,0.947113850857902,0.0367515814449545
1230,4.61E-07,9.26E-08,1.40340531875752,3.59556770776487,0.939992595262332,0.0157726522317335
1231,6.41E-07,1.12E-07,1.38988793090457,3.45141069218769,0.955766680893159,0.0255202548954016
1232,4.20E-07,5.50E-08,1.29335836077424,3.51417286210602,0.934198380684017,0.0119098677459595
1233,9.19E-07,1.39E-07,1.39480223348329,3.60558422552552,0.941844061007215,0.0539092111684559
1234,4.16E-07,9.18E-08,1.53106746040409,3.62267016951408,0.937697453748387,0.0211927154539617
1235,3.29E-07,8.39E-08,1.49691268046183,3.62930292066972,0.934022071582558,0.0238144539407535
1236,3.26E-07,3.66E-08,1.65774377258135,3.36410666499386,0.923639992791415,0.0276974858127573
1237,6.45E-07,1.21E-07,1.34909143246248,3.55008711223781,0.964254113150168,0.0226972568799118
1238,9.19E-07,1.39E-07,1.39480223348329,3.60558422552552,0.941844061007215,0.0539092111684559
1239,4.62E-07,7.13E-08,1.51334207670029,3.50210897852434,0.936916996329745,0.0143490244904541
1240,3.42E-07,7.86E-08,1.41767020319464,3.53647807207116,0.93151672045839,0.0275242598760688
1241,6.40E-07,8.90E-08,1.44394945038208,3.53332373549474,0.94450697351631,0.0262417838707301
1242,1.06E-06,1.57E-07,1.21559385088895,3.50584461919039,0.93218816713062,0.126707741180346
1243,1.03E-06,1.33E-07,1.29402967265792,3.42556181061881,0.941229961755303,0.0700704797227425
1244,5.79E-07,1.33E-07,1.3141545002147,3.48167363182774,0.961610989513676,0.0338008168238985
1245,8.69E-07,1.39E-07,1.21490041803445,3.60146946020934,0.971677137693879,0.0239009381769307
1246,5.34E-07,5.83E-08,1.36983207706181,3.51247904828937,0.940345782758705,0.026694351781515
1247,5.40E-07,1.02E-07,1.33316405380834,3.65100003860987,0.945863029275608,0.022635547635575
1248,3.62E-07,1.06E-07,1.47644734437869,3.64404434087452,0.942083361510541,0.0269017238613002
1249,2.90E-07,3.06E-08,1.72395467873014,3.29369916678177,0.917530540705729,0.0216121681575351
1250,4.13E-07,7.34E-08,1.34055516780665,3.58081550881996,0.946975155983859,0.0196920728889282
1251,4.77E-07,1.17E-07,1.28026726833393,3.72700055634774,0.953968838114298,0.021706615139708
1252,5.59E-07,9.34E-08,1.52726349197262,3.68537833240906,0.943692130671625,0.0252087300196128
1253,4.73E-07,5.96E-08,1.44615032594928,3.63832481192102,0.944785667225684,0.0199505629274234
1254,3.83E-07,1.06E-07,1.55059949192893,3.71271642976237,0.946541882420881,0.0383267801684734
1255,4.21E-07,4.92E-08,1.47566491199357,3.48726093579622,0.938596449253905,0.022351170911376
1256,3.41E-07,4.69E-08,1.57181091172041,3.42389767060146,0.920294616483992,0.0151280482544001
1257,5.57E-07,9.59E-08,1.47356916241805,3.57850611581518,0.932905148762796,0.0169144734183286
1258,4.13E-07,1.08E-07,1.50191664787667,3.6648719633029,0.946377594745982,0.0291099364820266
1259,7.78E-07,8.33E-08,1.18907027573276,3.33153636750914,0.961872575587686,0.0192683026517545
1260,5.32E-07,7.46E-08,1.39948804524134,3.64474257393739,0.937078616144658,0.011796825041143
1261,4.44E-07,5.53E-08,1.44146930302501,3.46376871106993,0.939908302358243,0.0174282254509904
1262,4.05E-07,6.53E-08,1.50136932336845,3.58335646871636,0.93845621111022,0.0218558783241617
1263,4.27E-07,1.10E-07,1.32194250234028,3.58124551813388,0.945068978508339,0.0367595158620816
1264,3.58E-07,5.83E-08,1.53734728980428,3.61194822488761,0.936608563784057,0.0319942632131308
1265,6.28E-07,5.87E-08,1.21229343348914,3.27065029220925,0.951363283925361,0.0152392237961346
1266,6.79E-07,1.32E-07,1.35131544002105,3.60689565195844,0.970286079243101,0.0230367333970576
1267,4.14E-07,7.12E-08,1.53601658915145,3.64685756515019,0.935099355457617,0.0186827779023797
1268,4.80E-07,7.24E-08,1.39856297392404,3.53834464740021,0.937658362438276,0.022209063169757
1269,5.39E-07,9.46E-08,1.47995594653567,3.5161795159638,0.955709148661107,0.0296470523338921
1270,4.52E-07,9.06E-08,1.50053645358767,3.71401300891876,0.94393764031297,0.0375957850966292
1271,4.84E-07,1.04E-07,1.32372367331,3.55175098934797,0.944236878367942,0.0287603941488397
1272,4.00E-07,1.06E-07,1.37304824023553,3.62510862249986,0.946427721475954,0.0302537035077177
1273,1.99E-07,1.17E-08,1.75350855323739,2.15988872900727,0.893510215801302,0.00235743472216299
1274,9.30E-07,1.43E-07,1.42394981543627,3.68073980857874,0.93944785414735,0.0574995159181616
1275,6.20E-07,7.36E-08,1.28724759508772,3.5911177896728,0.950281024534913,0.0152123569253884
1276,4.84E-07,1.04E-07,1.32372367331,3.55175098934797,0.944236878367942,0.0287603941488397
1277,3.42E-07,7.86E-08,1.41767020319464,3.53647807207116,0.93151672045839,0.0275242598760688
1278,6.40E-07,8.90E-08,1.44394945038208,3.53332373549474,0.94450697351631,0.0262417838707301
1279,6.85E-07,1.18E-07,1.40395943208878,3.69638042829382,0.946576926221384,0.0383794752082726
1280,4.74E-07,7.24E-08,1.20893329540553,3.46796631186655,0.943690958937215,0.0216670262069696
1281,4.51E-07,7.15E-08,1.47836613024097,3.54677371857152,0.937636721279534,0.0167503621663023
1282,6.69E-07,1.14E-07,1.53066101413168,3.61445148886233,0.933673030838442,0.0554149686145801
1283,5.54E-07,1.09E-07,1.40386206022564,3.57955165914845,0.956388763419967,0.0236137114012763
1284,4.56E-07,1.09E-07,1.34836482267422,3.62567754245274,0.952418294142464,0.0242964888745285
1285,6.60E-07,9.60E-08,1.31952285397684,3.56868166458202,0.960009943762619,0.0286416194004436
1286,3.56E-07,9.33E-08,1.52069026703912,3.59373997108198,0.941352493364568,0.0256816303864116
1287,2.56E-07,2.50E-08,1.7610426893937,2.81507797444614,0.906355455249212,0.0058919157879298
1288,5.39E-07,1.23E-07,1.46007577609424,3.67808068899189,0.952370701218862,0.0249027033515898
1289,5.99E-07,8.33E-08,1.43760462164002,3.59831811733787,0.958458594197122,0.0202250365681526
1290,1.03E-06,1.33E-07,1.29402967265792,3.42556181061881,0.941229961755303,0.0700704797227425
1291,7.42E-07,8.69E-08,1.4515959837457,3.5533087105625,0.95040526269289,0.0274619215821275
1292,2.50E-07,2.48E-08,1.79947494093408,2.73466422823623,0.902761572155023,0.0069813648913768
1293,5.10E-07,5.55E-08,1.52369236658191,3.52935180679182,0.936981837817381,0.0178661336527466
1294,4.52E-07,9.06E-08,1.50053645358767,3.71401300891876,0.94393764031297,0.0375957850966292
1295,7.42E-07,6.86E-08,1.05906644741124,3.28947759174971,0.959242119121557,0.0197642309984876
1296,5.32E-07,1.03E-07,1.54741185208797,3.71547113298339,0.943954368135445,0.0280540420739055
1297,4.36E-07,1.11E-07,1.42405000017668,3.55243033780424,0.942631332314951,0.0314498901941663
1298,3.96E-07,1.01E-07,1.62201002182154,3.60653818958495,0.938563393954412,0.0291389601729378
1299,3.58E-07,5.83E-08,1.53734728980428,3.61194822488761,0.936608563784057,0.0319942632131308
1300,4.31E-07,8.99E-08,1.5758816368908,3.6056450073414,0.946500789453014,0.0303869798670539
1301,2.50E-07,2.48E-08,1.79947494093408,2.73466422823623,0.902761572155023,0.0069813648913768
1302,5.32E-07,7.74E-08,1.55501316015487,3.46477908204253,0.950413127611608,0.0345295723589302
1303,4.08E-07,9.32E-08,1.52362852818664,3.61105264437713,0.935456102682444,0.023966869405937
1304,3.37E-07,8.43E-08,1.39823391499886,3.58212971245133,0.930923364437081,0.0276448527842027
1305,5.12E-07,7.48E-08,1.50525628996142,3.52906213499004,0.944702835730725,0.0242118957241253
1306,4.10E-07,6.63E-08,1.59990500083614,3.74513946178059,0.941421383147782,0.038928357956721
1307,4.85E-07,7.91E-08,1.50109328749611,3.62321228182401,0.937578121448421,0.0163631842583327
1308,1.68E-07,6.77E-09,1.79721301496589,1.95599728267121,0.893839773033226,0.00240273133016422
1309,3.79E-07,8.17E-08,1.41693126638228,3.54181647620005,0.939884126273404,0.0181407996566585
1310,5.42E-07,4.63E-08,1.611332369228,3.34903926977612,0.934162831680392,0.022362205850288
1311,7.41E-07,1.34E-07,1.27185117038851,3.6754889931877,0.970264466391299,0.0198862779885329
1312,5.38E-07,8.82E-08,1.56952880206382,3.66573522531979,0.951675747472265,0.0212243957575322
1313,7.49E-07,1.22E-07,1.28362962132073,3.56505239238452,0.971860095768566,0.0249675168830942
1314,2.48E-07,1.96E-08,1.64414408336549,2.91359591197713,0.914422026557603,0.00894434287049484
1315,2.89E-07,2.20E-08,1.64692923486398,3.1412681142967,0.916354703672945,0.0104996126260095
1316,4.86E-07,9.35E-08,1.4056469790839,3.64583704186735,0.949447002810466,0.017264603809569
1317,5.31E-07,6.69E-08,1.45306032978861,3.52261255801231,0.938949694967977,0.0260637904779946
1318,4.67E-07,1.05E-07,1.46612586136077,3.70218273439961,0.954351732236034,0.0256770358162605
1319,5.56E-07,1.21E-07,1.34019124134653,3.59985358106946,0.954891989385099,0.0198511495110367
1320,5.85E-07,1.22E-07,1.32132029574076,3.54204016003979,0.966481410038086,0.0246723300978788
1321,4.37E-07,8.25E-08,1.3279998223621,3.58645857979829,0.944484701551468,0.0210629294925535
1322,3.18E-07,3.02E-08,1.68346501696777,3.40427020307302,0.922553971503777,0.0181658487167392
1323,4.77E-07,1.17E-07,1.38144635749586,3.74250428834403,0.956100579706575,0.0207214305654866
1324,5.38E-07,8.82E-08,1.56952880206382,3.66573522531979,0.951675747472265,0.0212243957575322
1325,3.62E-07,1.06E-07,1.47644734437869,3.64404434087452,0.942083361510541,0.0269017238613002
1326,5.12E-07,7.48E-08,1.50525628996142,3.52906213499004,0.944702835730725,0.0242118957241253
1327,6.63E-07,6.94E-08,1.10144692384054,3.37399338536398,0.954171789576701,0.0183199203295016
1328,9.19E-07,1.39E-07,1.39480223348329,3.60558422552552,0.941844061007215,0.0539092111684559
1329,3.64E-07,1.28E-07,1.48555610677471,3.65251679830002,0.944528355405957,0.0317618689832156
1330,4.67E-07,9.51E-08,1.544709928081,3.53636922826929,0.95508622071498,0.0311846242395272
1331,8.25E-07,1.11E-07,1.4580271876231,3.45016986462557,0.957553831996343,0.0256891105939194
1332,5.34E-07,4.40E-08,1.46538393872876,3.03422639546071,0.93738702307751,0.0251992929208006
1333,4.05E-07,6.32E-08,1.58204386955885,3.60335505017609,0.942832570386218,0.0258699513594373
1334,4.13E-07,1.14E-07,1.58817257293502,3.64862816940114,0.935952424567939,0.032400359320251
1335,7.42E-07,8.69E-08,1.4515959837457,3.5533087105625,0.95040526269289,0.0274619215821275
1336,4.18E-07,1.12E-07,1.45337584143675,3.65395092200207,0.945679638254462,0.0244388261620246
1337,9.64E-07,1.56E-07,1.17191523519993,3.58252693234968,0.965511482325797,0.0298593165038467
1338,7.05E-07,9.32E-08,1.22663307927835,3.45564273039355,0.949343146228398,0.0183846285723822
1339,3.71E-07,1.90E-08,1.60534866170356,2.53441110327602,0.918502946909379,0.00807394766209724
1340,3.57E-07,6.93E-08,1.57016633250449,3.59097481687557,0.929085144538474,0.0182855658458515
1341,4.16E-07,9.18E-08,1.53106746040409,3.62267016951408,0.937697453748387,0.0211927154539617
1342,7.77E-07,1.11E-07,1.38651439714512,3.58621749034702,0.965760353277135,0.0220076962866701
1343,5.30E-07,6.91E-08,1.37155681871378,3.581798616261,0.93918553452655,0.0182913327872385
1344,4.09E-07,5.10E-08,1.18701700920228,3.49500234465755,0.942289166169806,0.0234735230564901
1345,7.33E-07,1.28E-07,1.38684025419074,3.6534116262027,0.970020629450305,0.022528243956972
1346,8.25E-07,1.11E-07,1.4580271876231,3.45016986462557,0.957553831996343,0.0256891105939194
1347,4.04E-07,6.87E-08,1.51267147064625,3.62101132351349,0.940947207376706,0.0332906526761422
1348,6.20E-07,7.36E-08,1.28724759508772,3.5911177896728,0.950281024534913,0.0152123569253884
1349,5.85E-07,1.15E-07,1.63910884460901,3.70151147862505,0.929504709433789,0.0150919598330863
1350,4.10E-07,6.63E-08,1.59990500083614,3.74513946178059,0.941421383147782,0.038928357956721
1351,3.90E-07,7.57E-08,1.32816790177491,3.61827594281152,0.936096850771408,0.0186148426090569
1352,3.45E-07,4.84E-08,1.41251296116376,3.48797270805024,0.924555404976851,0.0177130059270975
1353,4.56E-07,1.09E-07,1.34836482267422,3.62567754245274,0.952418294142464,0.0242964888745285
1354,4.54E-07,1.11E-07,1.45844936860886,3.55523917579894,0.943674990174883,0.0264255314110586
1355,3.95E-07,7.05E-08,1.3311100005182,3.5179809217547,0.937096506132868,0.0194580445262311
1356,3.29E-07,8.39E-08,1.49691268046183,3.62930292066972,0.934022071582558,0.0238144539407535
1357,3.90E-07,1.01E-07,1.52356111095236,3.64961632641381,0.946017663592425,0.028570974570891
1358,5.32E-07,7.74E-08,1.55501316015487,3.46477908204253,0.950413127611608,0.0345295723589302
1359,4.77E-07,6.53E-08,1.51326946932806,3.67518151171256,0.942467525778126,0.0277598892146665
1360,5.36E-07,8.66E-08,1.40038348851061,3.6183227570852,0.957915532363318,0.0246076409103662
1361,8.76E-07,1.29E-07,1.19366318855878,3.42125019031999,0.932940039961876,0.0375002757889792
1362,1.08E-06,1.53E-07,1.31589312739569,3.68187975038537,0.946852132190652,0.0804860874008104
1363,4.37E-07,8.25E-08,1.3279998223621,3.58645857979829,0.944484701551468,0.0210629294925535
1364,4.05E-07,6.53E-08,1.50136932336845,3.58335646871636,0.93845621111022,0.0218558783241617
1365,3.78E-07,1.11E-07,1.40784662477,3.65125411000379,0.944386461065943,0.0218301974683544
1366,4.35E-07,9.96E-08,1.48162329082078,3.61271111053017,0.943866238539553,0.0290894349763671
1367,4.19E-07,8.30E-08,1.4413527907616,3.58296633646735,0.947081360268762,0.0196436612025853
1368,4.05E-07,6.32E-08,1.58204386955885,3.60335505017609,0.942832570386218,0.0258699513594373
1369,4.14E-07,5.98E-08,1.46604372214761,3.69159801863545,0.945962796809039,0.0348336468487709
1370,3.95E-07,7.05E-08,1.3311100005182,3.5179809217547,0.937096506132868,0.0194580445262311
1371,4.07E-07,1.01E-07,1.53303558150485,3.61032214626064,0.946890325899806,0.0286150095398814
1372,4.12E-07,7.07E-08,1.58769231995305,3.57379383040427,0.941096951836461,0.0278366290784909
1373,3.42E-07,7.86E-08,1.41767020319464,3.53647807207116,0.93151672045839,0.0275242598760688
1374,4.50E-07,7.52E-08,1.50389312270147,3.58896620456829,0.942600275096503,0.019362291998563
1375,4.76E-07,5.74E-08,1.56161626829375,3.37349237342507,0.934486394486588,0.031753679106365
1376,4.32E-07,1.10E-07,1.48958350573609,3.62329050452495,0.944137771510919,0.0251498812484396
1377,3.53E-07,2.60E-08,1.74868036461713,2.90953931627442,0.914793359641302,0.0188771509261957
1378,4.36E-07,1.11E-07,1.42405000017668,3.55243033780424,0.942631332314951,0.0314498901941663
1379,4.44E-07,5.53E-08,1.44146930302501,3.46376871106993,0.939908302358243,0.0174282254509904
1380,4.00E-07,1.06E-07,1.37304824023553,3.62510862249986,0.946427721475954,0.0302537035077177
1381,3.64E-07,1.28E-07,1.48555610677471,3.65251679830002,0.944528355405957,0.0317618689832156
1382,3.16E-07,7.82E-08,1.60485005960494,3.67698420296956,0.933925788390596,0.0255952682557431
1383,3.57E-07,6.93E-08,1.57016633250449,3.59097481687557,0.929085144538474,0.0182855658458515
1384,1.05E-06,1.16E-07,1.10596247976186,3.52169547531748,0.960525293253863,0.0446183128220408
1385,3.72E-07,5.98E-08,1.54017805489063,3.53267916392835,0.931742949471508,0.0218934162868175
1386,3.90E-07,1.01E-07,1.52356111095236,3.64961632641381,0.946017663592425,0.028570974570891
1387,5.37E-07,7.48E-08,1.34160754084617,3.71193532561423,0.951091555307435,0.0241831251002164
1388,3.43E-07,4.78E-08,1.52636843917683,3.44842386791814,0.931472195841258,0.0217609223232998
1389,3.62E-07,1.06E-07,1.47644734437869,3.64404434087452,0.942083361510541,0.0269017238613002
1390,3.90E-07,9.74E-08,1.56085209312521,3.62883104118383,0.943879052254129,0.0321624165791873
1391,4.77E-07,1.17E-07,1.38144635749586,3.74250428834403,0.956100579706575,0.0207214305654866
1392,3.50E-07,7.49E-08,1.53235917818403,3.56431171921329,0.930457851668038,0.0187642893568681
1393,2.12E-07,1.86E-08,1.78770301993644,2.5601438841564,0.901747018717269,0.00396237823897583
1394,4.21E-07,3.26E-08,1.52826102275183,3.07597331614402,0.932097075572629,0.0171637744244303
1395,9.42E-07,1.50E-07,1.42811200846788,3.67974357704758,0.94100019362895,0.0371281723704439
1396,3.50E-07,7.49E-08,1.53235917818403,3.56431171921329,0.930457851668038,0.0187642893568681
1397,3.05E-07,8.09E-08,1.48142199085789,3.6383855685186,0.938053196658957,0.0358610883318542
1398,4.25E-07,8.12E-08,1.331361077281,3.61573318851684,0.942675705420302,0.0210499154883533
1399,4.32E-07,1.10E-07,1.48958350573609,3.62329050452495,0.944137771510919,0.0251498812484396
1400,4.49E-07,8.05E-08,1.52697849330464,3.53251683854281,0.943651139672082,0.0206965651647782
1401,4.36E-07,7.34E-08,1.53666714649717,3.59995161873687,0.941787431387359,0.0250012087835407
1402,5.19E-07,7.23E-08,1.38693741009445,3.57330713720374,0.942535370462027,0.0289026919977612
1403,5.56E-07,1.21E-07,1.34019124134653,3.59985358106946,0.954891989385099,0.0198511495110367
1404,5.02E-07,9.50E-08,1.58674007203368,3.63253153505642,0.937289768738275,0.0330015446577799
1405,5.84E-07,9.06E-08,1.5023110782933,3.59081716930055,0.935887533427169,0.0326757282059705
1406,3.70E-07,7.03E-08,1.59771678699581,3.69631339094343,0.933927879588305,0.0162858656491676
1407,5.34E-07,4.40E-08,1.46538393872876,3.03422639546071,0.93738702307751,0.0251992929208006
1408,9.50E-07,1.59E-07,1.4865391285034,3.7371801555927,0.941666717443877,0.0771523336447811
1409,3.87E-07,7.50E-08,1.59509138935831,3.58845265527395,0.933293678837461,0.0189382833718352
1410,3.95E-07,1.31E-07,1.36774730280666,3.51618103671894,0.947113850857902,0.0367515814449545
1411,8.93E-07,1.27E-07,1.10116141838874,3.64212092199741,0.974776873840367,0.0277502270265402
1412,5.59E-07,9.34E-08,1.52726349197262,3.68537833240906,0.943692130671625,0.0252087300196128
1413,1.78E-07,1.82E-08,1.83043995130889,2.57309869391454,0.90143141982037,0.00361061854104261
1414,4.04E-07,6.87E-08,1.51267147064625,3.62101132351349,0.940947207376706,0.0332906526761422
1415,5.30E-07,6.91E-08,1.37155681871378,3.581798616261,0.93918553452655,0.0182913327872385
1416,5.48E-07,7.30E-08,1.35822674731054,3.40714237923185,0.926880834919385,0.0132495854620127
1417,4.76E-07,7.90E-08,1.45409636301361,3.52768235075099,0.937744649905714,0.0177775305280293
1418,4.86E-07,1.13E-07,1.5114854511316,3.55753332317518,0.954847470059376,0.0289651505819798
1419,3.79E-07,5.18E-08,1.6082436592217,3.56681442337908,0.936965624267325,0.0331639177608099
1420,8.14E-07,1.00E-07,1.36855245134038,3.51042956104894,0.963983867754645,0.0279578690253369
1421,4.67E-07,1.18E-07,1.41367002314282,3.50426570500165,0.955430263878945,0.0281546966780073
1422,4.96E-07,1.25E-07,1.29132108828408,3.62849068044744,0.962259599051269,0.0249126853571976
1423,3.32E-07,9.13E-08,1.50693426342378,3.59884038936897,0.93612911410316,0.0219616034139924
1424,1.31E-07,1.73E-08,1.85854837626151,2.3446335400583,0.892979788146227,0.00290761624690694
1425,3.42E-07,7.86E-08,1.41767020319464,3.53647807207116,0.93151672045839,0.0275242598760688
1426,7.78E-07,8.33E-08,1.18907027573276,3.33153636750914,0.961872575587686,0.0192683026517545
1427,3.96E-07,9.47E-08,1.39950201027083,3.60147108611925,0.947695581499301,0.0264436835397401
1428,6.85E-07,1.18E-07,1.40395943208878,3.69638042829382,0.946576926221384,0.0383794752082726
1429,1.03E-06,1.33E-07,1.29402967265792,3.42556181061881,0.941229961755303,0.0700704797227425
1430,4.24E-07,9.87E-08,1.55289756628354,3.64364979940017,0.932871903533439,0.0205969029183154
1431,3.59E-07,6.03E-08,1.37909517501245,3.55706697238946,0.933295313436662,0.0219454307869814
1432,5.84E-07,6.78E-08,1.61317803374132,3.46850759548055,0.938203332077493,0.0248887499053687
1433,3.77E-07,1.12E-07,1.47904756401068,3.51740056168404,0.944828590869221,0.0314087540423184
1434,3.69E-07,8.87E-08,1.42116138450713,3.63337874068073,0.945239215182794,0.0355362856705573
1435,5.31E-07,6.69E-08,1.45306032978861,3.52261255801231,0.938949694967977,0.0260637904779946
1436,5.59E-07,9.34E-08,1.52726349197262,3.68537833240906,0.943692130671625,0.0252087300196128
1437,2.18E-07,1.31E-08,1.8392345641733,2.33969775759356,0.89618466188613,0.00304858315266132
1438,3.93E-07,1.07E-07,1.45117872667929,3.70530545283526,0.953003079015966,0.0370317790138078
1439,1.03E-06,1.33E-07,1.29402967265792,3.42556181061881,0.941229961755303,0.0700704797227425
1440,3.64E-07,1.28E-07,1.48555610677471,3.65251679830002,0.944528355405957,0.0317618689832156
1441,7.64E-07,1.38E-07,1.36070053736212,3.6960236350196,0.943878369879749,0.0489444729211906
1442,3.59E-07,6.96E-08,1.47747915992404,3.60537681838778,0.932222255550507,0.0202977483617365
1443,4.96E-07,1.25E-07,1.29132108828408,3.62849068044744,0.962259599051269,0.0249126853571976
1444,3.60E-07,8.75E-08,1.57114855888758,3.58820998966164,0.94027290660146,0.035464390729345
1445,3.62E-07,4.23E-08,1.25718665969302,3.22378021354971,0.921907329186113,0.0217515287205485
1446,5.91E-07,7.80E-08,1.37002135304646,3.57093508807608,0.955480599185223,0.0173717663639899
1447,6.36E-07,8.47E-08,1.11971691690752,3.5240221129281,0.95990795774678,0.0207397630500703
1448,5.09E-07,8.39E-08,1.42206677238506,3.51428083562912,0.946367247665409,0.0196731782264555
1449,2.18E-07,1.09E-08,1.52527961335705,2.26915388992397,0.896715668348345,0.00284421619766273
1450,9.50E-07,1.59E-07,1.4865391285034,3.7371801555927,0.941666717443877,0.0771523336447811
1451,4.85E-07,7.91E-08,1.50109328749611,3.62321228182401,0.937578121448421,0.0163631842583327
1452,5.36E-07,8.66E-08,1.40038348851061,3.6183227570852,0.957915532363318,0.0246076409103662
1453,2.18E-07,1.09E-08,1.52527961335705,2.26915388992397,0.896715668348345,0.00284421619766273
1454,5.39E-07,9.46E-08,1.47995594653567,3.5161795159638,0.955709148661107,0.0296470523338921
1455,3.58E-07,1.07E-07,1.4675076273322,3.58543562080206,0.940111554156702,0.0290880458537512
1456,6.40E-07,8.90E-08,1.44394945038208,3.53332373549474,0.94450697351631,0.0262417838707301
1457,6.55E-07,8.56E-08,1.20710735300188,3.51847674991237,0.949442120649505,0.028329695750777
1458,3.30E-07,3.89E-08,1.54268771201956,3.27647834925317,0.92699617211725,0.017564905883144
1459,4.81E-07,1.11E-07,1.42817119419693,3.4931668434024,0.953547575911581,0.031667867000488
1460,5.32E-07,7.46E-08,1.39948804524134,3.64474257393739,0.937078616144658,0.011796825041143
1461,5.66E-07,1.17E-07,1.60900268590448,3.70256356527696,0.931860944724027,0.0569193599298848
1462,4.67E-07,9.51E-08,1.544709928081,3.53636922826929,0.95508622071498,0.0311846242395272
1463,2.50E-07,2.48E-08,1.79947494093408,2.73466422823623,0.902761572155023,0.0069813648913768
1464,3.48E-07,8.23E-08,1.62527981891643,3.66315651153535,0.937212146582198,0.033066217747981
1465,6.08E-07,1.03E-07,1.56106322502449,3.67432227196308,0.935800006054983,0.0131533142548347
1466,3.69E-07,8.87E-08,1.42116138450713,3.63337874068073,0.945239215182794,0.0355362856705573
1467,4.14E-07,9.48E-08,1.56438122936569,3.63379450808536,0.94678055568439,0.0335894962436139
1468,4.00E-07,1.06E-07,1.37304824023553,3.62510862249986,0.946427721475954,0.0302537035077177
1469,3.81E-07,1.02E-07,1.48559145585145,3.65050610325633,0.933917516477095,0.0366348546498372
1470,5.12E-07,7.48E-08,1.50525628996142,3.52906213499004,0.944702835730725,0.0242118957241253
1471,1.03E-06,1.33E-07,1.29402967265792,3.42556181061881,0.941229961755303,0.0700704797227425
1472,6.25E-07,1.06E-07,1.27732096944889,3.5791662708772,0.962874298990389,0.0265968258831774
1473,7.05E-07,9.32E-08,1.22663307927835,3.45564273039355,0.949343146228398,0.0183846285723822
1474,4.21E-07,3.26E-08,1.52826102275183,3.07597331614402,0.932097075572629,0.0171637744244303
1475,4.08E-07,9.32E-08,1.52362852818664,3.61105264437713,0.935456102682444,0.023966869405937
1476,6.79E-07,1.32E-07,1.35131544002105,3.60689565195844,0.970286079243101,0.0230367333970576
1477,4.19E-07,8.30E-08,1.68393902955261,3.8243583184615,0.932388923138849,0.028250949753139
1478,3.32E-07,9.13E-08,1.50693426342378,3.59884038936897,0.93612911410316,0.0219616034139924
1479,6.01E-07,1.29E-07,1.25138947695325,3.6542942022516,0.962812565577979,0.028881965473963
1480,7.64E-07,1.38E-07,1.36070053736212,3.6960236350196,0.943878369879749,0.0489444729211906
1481,9.78E-07,1.76E-07,1.2471169081949,3.66753918988185,0.975812936292102,0.0281437332448603
1482,3.58E-07,1.07E-07,1.4675076273322,3.58543562080206,0.940111554156702,0.0290880458537512
1483,4.13E-07,1.07E-07,1.46973976900777,3.6103657693518,0.942802069615489,0.0234407746643055
1484,5.34E-07,5.83E-08,1.36983207706181,3.51247904828937,0.940345782758705,0.026694351781515
1485,5.48E-07,7.30E-08,1.35822674731054,3.40714237923185,0.926880834919385,0.0132495854620127
1486,3.02E-07,5.67E-08,1.58121170760701,3.49463318989735,0.925772372994833,0.0183075172974169
1487,6.25E-07,1.39E-07,1.23926725132039,3.57425442732722,0.95996878609703,0.0266400626241925
1488,5.06E-07,9.59E-08,1.42964814577211,3.67336851352325,0.945241851043891,0.0248742563546761
1489,3.45E-07,4.84E-08,1.41251296116376,3.48797270805024,0.924555404976851,0.0177130059270975
1490,4.54E-07,1.11E-07,1.45844936860886,3.55523917579894,0.943674990174883,0.0264255314110586
1491,4.21E-07,3.26E-08,1.52826102275183,3.07597331614402,0.932097075572629,0.0171637744244303
1492,5.56E-07,1.21E-07,1.34019124134653,3.59985358106946,0.954891989385099,0.0198511495110367
1493,5.20E-07,9.92E-08,1.40594831107229,3.69923614604504,0.943216143566846,0.0169870036438913
1494,4.81E-07,1.11E-07,1.42817119419693,3.4931668434024,0.953547575911581,0.031667867000488
1495,4.52E-07,6.13E-08,1.11296848171014,3.397097133821,0.943544524662416,0.0299862242908996
1496,4.09E-07,8.10E-08,1.54256961369734,3.59326933379663,0.940789461902018,0.0281716357808987
1497,3.75E-07,5.02E-08,1.4774276821517,3.59488306115842,0.936694990302606,0.0212617799412326
1498,3.68E-07,1.02E-07,1.56496946312942,3.57749486778249,0.938770595066482,0.024827871901615
1499,9.02E-07,1.25E-07,1.10799551736007,3.72085347958515,0.962748108339034,0.0205936301843001
1500,5.84E-07,6.78E-08,1.61317803374132,3.46850759548055,0.938203332077493,0.0248887499053687
1501,6.46E-07,9.12E-08,1.39202819123684,3.57660185563344,0.954047100189783,0.0233682478318927
1502,3.58E-07,5.83E-08,1.53734728980428,3.61194822488761,0.936608563784057,0.0319942632131308
1503,3.80E-07,8.09E-08,1.45095670467201,3.5613558661914,0.932827380029055,0.0169242407455689
1504,4.81E-07,1.11E-07,1.42817119419693,3.4931668434024,0.953547575911581,0.031667867000488
1505,1.20E-06,1.63E-07,1.46947991508535,3.60041078956355,0.935848926275668,0.114622240012588
1506,4.76E-07,9.85E-08,1.54848392786241,3.71937018047671,0.938001402031482,0.019650103745521
1507,4.05E-07,6.32E-08,1.58204386955885,3.60335505017609,0.942832570386218,0.0258699513594373
1508,4.73E-07,7.39E-08,1.4086226191496,3.59466963687523,0.947480164486798,0.0348431452818917
1509,3.02E-07,5.67E-08,1.58121170760701,3.49463318989735,0.925772372994833,0.0183075172974169
1510,3.87E-07,5.44E-08,1.54151876828147,3.39648894026899,0.931953428279215,0.0164676282373331
1511,4.58E-07,8.03E-08,1.33707634970717,3.60168893584794,0.946641893391346,0.0186875222048217
1512,4.73E-07,7.39E-08,1.4086226191496,3.59466963687523,0.947480164486798,0.0348431452818917
1513,4.00E-07,1.06E-07,1.37304824023553,3.62510862249986,0.946427721475954,0.0302537035077177
1514,6.08E-07,7.50E-08,1.3884336007818,3.32643383675925,0.956295258167243,0.0212757409322932
1515,8.76E-07,1.29E-07,1.19366318855878,3.42125019031999,0.932940039961876,0.0375002757889792
1516,7.02E-07,1.37E-07,1.37267556635874,3.54049638375128,0.968937477882176,0.0270778168690825
1517,3.35E-07,6.78E-08,1.61361002341455,3.58305798403531,0.934151251277934,0.0245846193276156
1518,6.53E-07,1.14E-07,1.54720390394438,3.68280713269967,0.929652783319741,0.00959371178411606
1519,4.63E-07,6.33E-08,1.27111902052284,3.49766721298071,0.937786090925386,0.0152411237657575
1520,4.14E-07,7.06E-08,1.35385220477945,3.57592275673005,0.94633616317016,0.0181810374386661
1521,4.35E-07,9.96E-08,1.48162329082078,3.61271111053017,0.943866238539553,0.0290894349763671
1522,8.25E-07,1.11E-07,1.4580271876231,3.45016986462557,0.957553831996343,0.0256891105939194
1523,3.78E-07,1.11E-07,1.40784662477,3.65125411000379,0.944386461065943,0.0218301974683544
1524,4.63E-07,6.33E-08,1.27111902052284,3.49766721298071,0.937786090925386,0.0152411237657575
1525,4.45E-07,9.68E-08,1.61335925293227,3.57737504655327,0.93836975244731,0.0201645623099576
1526,3.90E-07,9.74E-08,1.56085209312521,3.62883104118383,0.943879052254129,0.0321624165791873
1527,3.68E-07,1.02E-07,1.56496946312942,3.57749486778249,0.938770595066482,0.024827871901615
1528,3.93E-07,1.07E-07,1.45117872667929,3.70530545283526,0.953003079015966,0.0370317790138078
1529,3.46E-07,7.47E-08,1.60825670122342,3.59225399230055,0.936407426754283,0.0298759908746452
1530,1.31E-07,1.73E-08,1.85854837626151,2.3446335400583,0.892979788146227,0.00290761624690694
1531,1.07E-06,1.67E-07,1.45497879695945,3.66055602460422,0.935243183616568,0.216332599411378
1532,5.21E-07,8.34E-08,1.4336530295035,3.52053737989141,0.940409395579832,0.0188000613307303
1533,3.62E-07,4.23E-08,1.25718665969302,3.22378021354971,0.921907329186113,0.0217515287205485
1534,1.20E-06,1.63E-07,1.46947991508535,3.60041078956355,0.935848926275668,0.114622240012588
1535,3.32E-07,9.13E-08,1.50693426342378,3.59884038936897,0.93612911410316,0.0219616034139924
1536,4.66E-07,7.88E-08,1.5433504056116,3.53136762114287,0.943606393791862,0.0201797310477896
1537,4.24E-07,9.87E-08,1.55289756628354,3.64364979940017,0.932871903533439,0.0205969029183154
1538,4.81E-07,1.11E-07,1.42817119419693,3.4931668434024,0.953547575911581,0.031667867000488
1539,4.19E-07,8.30E-08,1.68393902955261,3.8243583184615,0.932388923138849,0.028250949753139
1540,7.68E-07,1.07E-07,1.55389544944121,3.48805557516448,0.954884691080092,0.0176406867152595
1541,7.49E-07,1.22E-07,1.28362962132073,3.56505239238452,0.971860095768566,0.0249675168830942
1542,5.36E-07,5.30E-08,1.57659220367887,3.50290361548474,0.94238789539038,0.0225535026382043
1543,3.90E-07,1.01E-07,1.52356111095236,3.64961632641381,0.946017663592425,0.028570974570891
1544,1.47E-07,1.73E-08,1.86797687016779,2.49718198924078,0.894282657525389,0.00298201906247308
1545,3.90E-07,1.01E-07,1.52356111095236,3.64961632641381,0.946017663592425,0.028570974570891
1546,4.51E-07,7.15E-08,1.47836613024097,3.54677371857152,0.937636721279534,0.0167503621663023
1547,4.73E-07,5.96E-08,1.44615032594928,3.63832481192102,0.944785667225684,0.0199505629274234
1548,7.68E-07,1.07E-07,1.55389544944121,3.48805557516448,0.954884691080092,0.0176406867152595
1549,4.08E-07,9.32E-08,1.52362852818664,3.61105264437713,0.935456102682444,0.023966869405937
1550,7.68E-07,1.07E-07,1.55389544944121,3.48805557516448,0.954884691080092,0.0176406867152595
1551,4.19E-07,8.30E-08,1.4413527907616,3.58296633646735,0.947081360268762,0.0196436612025853
