,0,1,2,3,4,"comp_4x4"
0,3.73E-07,3.24E-08,1.8426760131064,2.87172139107776,0.895252375248599,0.0180417730468726
1,2.57E-07,2.94E-08,1.85847643871795,2.83966326509702,0.893081926932069,0.0139654396058011
2,3.48E-07,3.49E-08,1.85481386609483,3.01060084841369,0.897522330820208,0.0217377503781145
3,3.59E-07,3.39E-08,1.83845429108617,2.97646894060986,0.896529029315651,0.0215200508633003
4,6.25E-07,6.90E-08,1.57693253933109,2.74285986516114,0.922982150086272,0.0179978555897043
5,4.20E-07,5.73E-08,1.66628997880128,2.98194207671868,0.916611664203328,0.0149937998814019
6,7.87E-07,7.54E-08,1.52185854509241,2.93694839965205,0.925071584668427,0.0251970905022519
7,5.67E-07,5.21E-08,1.67128508711511,3.07792852546294,0.919885199961818,0.0175818782254419
8,6.29E-07,4.74E-08,1.66965646627079,2.73091271263828,0.924475320059622,0.0280192353714709
9,8.50E-07,6.00E-08,1.58787229352042,2.5961492057703,0.937899784071984,0.0290928338568147
10,4.41E-07,3.71E-08,1.70694255373548,2.64207452890437,0.914415154369559,0.0234113329272565
11,6.91E-07,6.00E-08,1.61278099355641,2.70351338262945,0.931575966001,0.0290692342700081
12,3.81E-07,2.83E-08,1.63620986346709,2.8611848121677,0.909004684983242,0.0213152495683979
13,4.54E-07,3.20E-08,1.66752642166839,2.83458880983732,0.910301251333404,0.0261963414015357
14,4.21E-07,3.21E-08,1.67032919023752,2.91274891900369,0.911564432579507,0.0259410013676761
15,1.02E-06,4.63E-08,1.41689423243836,2.74905558467232,0.916173267858402,0.0622849196567477
16,3.02E-07,2.50E-08,1.8115512289933,2.68789973782865,0.897552796966848,0.0209006117360286
17,3.47E-07,3.00E-08,1.78046021933133,2.83822940060851,0.904221407561467,0.0206673799894354
18,4.46E-07,3.35E-08,1.68557461794099,2.7668169462088,0.906384969149927,0.0303623946375872
19,4.75E-07,3.60E-08,1.69467772501388,2.75984779949719,0.909396886649301,0.0311620221763834
20,2.92E-07,2.27E-08,1.8500849650852,2.55620082130704,0.894588160292902,0.017165021565193
21,4.70E-07,2.74E-08,1.77913770352395,2.59288535098259,0.902532538391471,0.0245651127087273
22,2.71E-07,2.45E-08,1.8198858265692,2.51820541909247,0.894578330127073,0.017138195018343
23,2.35E-07,2.24E-08,1.83788876466731,2.49053498288377,0.892762826404655,0.0148903884815945
24,5.54E-07,5.08E-08,1.62827739495112,2.6750376683168,0.909709126370142,0.0242966649180606
25,3.40E-07,3.41E-08,1.72106285923996,2.61773552694316,0.897706337447888,0.0175793368827802
26,4.19E-07,3.05E-08,1.68850919291789,2.38776002365763,0.89917597713958,0.0237327906677769
27,6.44E-07,4.66E-08,1.4530157139784,2.44590906569304,0.907034610591941,0.0279427181888507
28,6.15E-07,5.62E-08,1.69895459811113,2.88326198889291,0.922235330582109,0.0277097887239554
29,5.43E-07,5.20E-08,1.75027380729946,2.76012284668353,0.915448047377662,0.0277990342414474
30,1.08E-06,7.06E-08,1.62882855196638,2.53494253628247,0.925922680980539,0.0549670661891694
31,9.47E-07,6.21E-08,1.65594483327491,2.59892504533593,0.921990163583421,0.0478104723089247
32,5.88E-07,7.63E-08,1.70871817151128,2.83693251641201,0.924922376997834,0.0231478690377555
33,4.14E-07,5.74E-08,1.73603080605555,2.65657160438852,0.915611030168162,0.0170216215801758
34,5.79E-07,7.77E-08,1.70152652336662,2.88741061429073,0.924781583538861,0.0237496751328552
35,5.17E-07,7.66E-08,1.73561065401329,2.80938039591794,0.920723070641318,0.0288118412294101
36,2.60E-07,2.08E-08,1.82947583873954,2.86639635687958,0.895970744735712,0.0125914576135311
37,3.81E-07,2.64E-08,1.60041937175159,2.73807918786351,0.89665238221798,0.0311173184368448
38,2.42E-07,2.37E-08,1.84098991650552,2.75490474223681,0.892383425732465,0.0131718930901142
39,2.61E-07,2.34E-08,1.72929812678275,2.7767259316293,0.893655226084487,0.0248382463890363
40,3.32E-07,3.01E-08,1.67929491312758,2.81121529063718,0.900742625292943,0.0221185894301496
41,2.51E-07,3.09E-08,1.76508681777964,2.74772811328821,0.896745604004933,0.0211666798042558
42,3.97E-07,3.07E-08,1.6738206376975,2.76186278465384,0.903677483254543,0.0267205806214075
43,5.12E-07,3.74E-08,1.58056666575657,2.76486136861018,0.911520150062389,0.029124048392329
44,7.71E-07,9.99E-08,1.62987703144181,2.70066673307599,0.92725805047694,0.0431690487163954
45,4.39E-07,3.73E-08,1.73229070928715,2.46756851431945,0.916509186168329,0.0200193754170133
46,5.34E-07,3.28E-08,1.7310000276419,2.44363782315987,0.916828382300487,0.0309515247025279
47,1.17E-06,1.17E-07,1.70184082684104,2.39548963365425,0.936637086180879,0.0846999155766416
48,2.40E-07,1.90E-08,1.86575843599745,2.68811276378923,0.89203264707312,0.0138999424578937
49,2.04E-07,1.80E-08,1.8657169620409,2.72210817603184,0.891310578768185,0.0126319494339487
50,3.31E-07,2.01E-08,1.86983312599448,2.62535520052115,0.89306336931653,0.0234393482445946
51,3.00E-07,2.02E-08,1.83336322818143,2.63170973781554,0.897539530149306,0.016944882886741
52,2.94E-07,2.24E-08,1.74745179444104,2.75604431367036,0.901520906790615,0.0173433377948273
53,4.19E-07,3.05E-08,1.69120891895551,2.76099862956514,0.912329527213776,0.0225361449408972
54,3.68E-07,2.83E-08,1.70763851489892,2.77072608850254,0.905945902982714,0.0243609713307542
55,2.93E-07,2.68E-08,1.76828326220602,2.72461631838823,0.903959532752946,0.0179016301190794
56,3.32E-07,3.01E-08,1.67929491312758,2.81121529063718,0.900742625292943,0.0221185894301496
57,2.51E-07,3.09E-08,1.76508681777964,2.74772811328821,0.896745604004933,0.0211666798042558
58,3.97E-07,3.07E-08,1.6738206376975,2.76186278465384,0.903677483254543,0.0267205806214075
59,5.12E-07,3.74E-08,1.58056666575657,2.76486136861018,0.911520150062389,0.029124048392329
60,3.68E-07,3.13E-08,1.73654343749028,2.58166573987992,0.911015481433046,0.0190417098026169
61,4.42E-07,3.92E-08,1.68798762106381,2.65564335660325,0.920876768728478,0.0220161935813991
62,4.45E-07,4.12E-08,1.72943809432337,2.64904039701069,0.918236968617225,0.0231290022561688
63,2.62E-07,2.76E-08,1.8024144773477,2.66522939109221,0.905435358243418,0.0138390386918715
64,2.04E-07,1.63E-08,1.81121217734251,2.81800170634122,0.897556303091427,0.0125292629967297
65,2.26E-07,1.77E-08,1.8371849497943,2.77704007117664,0.896518110152648,0.0137081503312283
66,2.76E-07,1.79E-08,1.8112218912327,2.72156161748156,0.896501792400624,0.0170690209483004
67,2.83E-07,1.87E-08,1.79783426861348,2.71764431598659,0.897322034108771,0.0204804721232935
68,7.40E-07,7.48E-08,1.53108707396307,2.46554144197107,0.924864365098575,0.0284631545172424
69,3.75E-07,5.39E-08,1.65438871231957,2.72714376330037,0.913353549955123,0.0152271194546769
70,1.13E-06,1.44E-07,1.52974764654071,2.55635107093175,0.92701519241072,0.0884994603162767
71,1.91E-06,1.73E-07,1.46801738587391,2.87240893665757,0.933995693854064,0.159564018388526
72,2.55E-07,2.33E-08,1.68308583124105,2.6979554662484,0.893138200967099,0.0177727762042347
73,3.13E-07,2.37E-08,1.65312643297795,2.70315617148648,0.898299861620661,0.0197249481019327
74,2.39E-07,2.29E-08,1.70953181261384,2.6756311461,0.891019023793615,0.0163708443971856
75,2.95E-07,2.53E-08,1.63963750805786,2.67190447286502,0.894435856486173,0.0212846103642502
76,1.90E-07,1.93E-08,1.81925810311148,2.84130198461511,0.896035067640879,0.0116513239206918
77,2.28E-07,2.01E-08,1.81878094363037,2.7993233049835,0.896748502681939,0.0122317982359211
78,2.71E-07,2.06E-08,1.80812697248353,2.74766836731014,0.896899301858393,0.0158102920502781
79,2.38E-07,2.06E-08,1.82547279920005,2.71382990063702,0.895041805590395,0.014957236848966
80,4.95E-07,4.16E-08,1.72577619668705,2.88508232009403,0.915602676530504,0.02577132537758
81,3.69E-07,3.13E-08,1.76043028677228,2.90520649102439,0.908216990006435,0.021318087968589
82,5.30E-07,4.59E-08,1.70851424635062,2.91234156760447,0.91538826608888,0.0278298535600553
83,3.57E-07,3.60E-08,1.76539819969766,2.89178727502048,0.908317681687121,0.0204303593640075
84,2.92E-07,2.27E-08,1.8500849650852,2.55620082130704,0.894588160292902,0.017165021565193
85,4.70E-07,2.74E-08,1.77913770352395,2.59288535098259,0.902532538391471,0.0245651127087273
86,2.71E-07,2.45E-08,1.8198858265692,2.51820541909247,0.894578330127073,0.017138195018343
87,2.35E-07,2.24E-08,1.83788876466731,2.49053498288377,0.892762826404655,0.0148903884815945
88,5.51E-07,6.54E-08,1.4658972391179,2.72831555649958,0.913821755420129,0.0216197798640323
89,5.80E-07,8.67E-08,1.57855471056875,2.81508927338324,0.921287075998552,0.026478027884694
90,4.87E-07,6.21E-08,1.51326151306981,2.72609885724504,0.90813888513126,0.0222243976033655
91,3.81E-07,5.68E-08,1.65492214233353,2.81669389091677,0.910187428139406,0.0193662313873729
92,4.00E-07,3.76E-08,1.66632569184956,2.89783407022796,0.907536655821965,0.0244255124901461
93,2.77E-07,2.93E-08,1.71200446583214,2.89443474801564,0.899236052672634,0.0236039258527695
94,3.30E-07,3.46E-08,1.66187551335503,2.86325490708311,0.903585622707454,0.0275478028556057
95,3.89E-07,3.83E-08,1.61694306613179,2.90198155865174,0.903222847799355,0.0266612303372402
96,1.01E-06,1.01E-07,1.55609966964209,3.18449183494252,0.934077517207745,0.0423641380741583
97,9.91E-07,7.84E-08,1.64275320882587,3.16614422186396,0.939885365486641,0.0286416776489093
98,1.14E-06,7.73E-08,1.37465783678586,3.20298009784333,0.937071618979449,0.0369575975247749
99,1.29E-06,1.03E-07,1.47179226294643,3.20711840885067,0.936454305492192,0.04628215364421
100,3.23E-07,2.59E-08,1.76920759968423,2.73176607747417,0.897771353753068,0.0166548836632242
101,3.06E-07,2.99E-08,1.81533962093652,2.80546158295495,0.896319738162114,0.0161903233186095
102,1.98E-07,2.62E-08,1.8031259905441,2.73747588345462,0.892809246923054,0.017188325819173
103,3.82E-07,3.31E-08,1.74571589750589,2.85017373667782,0.897277570887377,0.022305636515542
104,5.11E-07,4.03E-08,1.710040911302,2.83909608321794,0.917544027591239,0.0266017693995378
105,6.24E-07,4.90E-08,1.64834382754218,2.8465778540917,0.922331078178294,0.0280557235020892
106,5.89E-07,4.39E-08,1.63679239718678,2.75938445963802,0.9243100447541,0.0256033534368062
107,5.77E-07,4.44E-08,1.71065345461656,2.78993603631953,0.913615335550114,0.029303013421444
108,4.40E-07,4.10E-08,1.66260174910769,2.88973995466131,0.914204165600173,0.0237511266905897
109,3.03E-07,3.18E-08,1.74860951515207,2.82672619606739,0.900856263109053,0.0208735135803085
110,2.74E-07,2.87E-08,1.74132414971185,2.86015505290748,0.901329750050928,0.0206323863045418
111,3.88E-07,4.09E-08,1.69926177984588,2.80015272402341,0.905401768860381,0.0221077794113499
112,2.53E-07,2.04E-08,1.83870568508979,2.4379300154589,0.898349547457784,0.0168592758156196
113,5.38E-07,4.42E-08,1.75350250352457,2.42204358448832,0.914115244976226,0.0251801357859662
114,2.43E-07,2.24E-08,1.85754852913127,2.57709751334552,0.892628863437278,0.015275682866141
115,2.96E-07,2.47E-08,1.81996146071959,2.54652295885602,0.897789741066241,0.0179899051384095
116,3.07E-07,2.59E-08,1.6672909877153,2.81383403516584,0.902575917957721,0.0214857264330018
117,2.74E-07,2.45E-08,1.72541903484832,2.79397321235427,0.898925611461578,0.0220805696533113
118,3.01E-07,2.76E-08,1.70001149963217,2.83266508289559,0.902391383996884,0.0220544939126494
119,2.75E-07,2.69E-08,1.71415855725839,2.81671716885726,0.900947851340358,0.0207078602600466
120,5.75E-07,5.41E-08,1.70845974756455,2.87808880447848,0.916937589600008,0.0254588783825244
121,6.90E-07,5.53E-08,1.66299415110026,2.87685587187011,0.916231899671183,0.0280682397812145
122,3.11E-07,2.40E-08,1.5846348822676,2.6570013375763,0.896014758117279,0.0264822748285485
123,4.28E-07,4.21E-08,1.66055223513543,2.89113279466911,0.909238206409855,0.0283175516849924
124,3.57E-07,2.52E-08,1.84571019919021,2.89707417314402,0.89461827443737,0.021839391840801
125,2.50E-07,2.46E-08,1.85395223576837,2.89013085568436,0.892232281757227,0.015047205827851
126,4.28E-07,2.80E-08,1.81755611550119,2.97645067380302,0.898372875955742,0.0271282671055599
127,3.62E-07,2.79E-08,1.83985746490804,2.9297757714247,0.895084474006077,0.0231292060582045
128,5.57E-07,2.65E-08,1.41923412892183,2.7184002030013,0.899934854097906,0.0333768231029163
129,4.40E-07,2.59E-08,1.51032221830597,2.65230050586735,0.898268604940984,0.0253448946219701
130,3.52E-07,2.20E-08,1.56167309922091,2.56691443253147,0.894092750200667,0.0234606594584031
131,5.68E-07,3.06E-08,1.42500465555361,2.55914102293791,0.901308303059854,0.038367824036159
132,3.23E-07,2.59E-08,1.76920759968423,2.73176607747417,0.897771353753068,0.0166548836632242
133,3.06E-07,2.99E-08,1.81533962093652,2.80546158295495,0.896319738162114,0.0161903233186095
134,1.98E-07,2.62E-08,1.8031259905441,2.73747588345462,0.892809246923054,0.017188325819173
135,3.82E-07,3.31E-08,1.74571589750589,2.85017373667782,0.897277570887377,0.022305636515542
136,5.22E-07,3.28E-08,1.71079607469042,2.80952992107932,0.908828074926489,0.0265710829943268
137,3.62E-07,3.05E-08,1.79076952980572,2.82637734371643,0.904035676556531,0.0204075767958324
138,5.25E-07,4.12E-08,1.73357185289755,2.7491691323998,0.911440680464299,0.0306314897749918
139,4.97E-07,3.34E-08,1.83638137891862,2.91263537445378,0.90657283144185,0.0316239308629263
140,5.38E-07,7.34E-08,1.69224295110174,2.74553292412931,0.923963004583275,0.017496277560644
141,6.06E-07,7.35E-08,1.6604076231786,2.7168675224655,0.923631368778407,0.023162015269115
142,6.28E-07,8.61E-08,1.70299951484911,2.48912962593065,0.926673831766148,0.0251189504327981
143,1.64E-06,1.45E-07,1.56409833830962,2.24528638796842,0.946877440063785,0.0705468630522961
144,6.28E-07,7.04E-08,1.53226847544203,3.06517124141094,0.924968418164594,0.0245151362654641
145,4.61E-07,5.10E-08,1.60416222782823,3.05073132730741,0.917251178901615,0.0244849225139766
146,4.97E-07,5.30E-08,1.50935505919025,3.00267271538857,0.925436595217051,0.031297491635066
147,1.19E-06,1.36E-07,1.44596023086213,3.36109633600645,0.946700075523983,0.0408516746631747
148,4.83E-07,5.41E-08,1.73348550998916,2.87047402532343,0.915454332325076,0.0185640474483997
149,8.54E-07,1.03E-07,1.62703381912718,2.85557221254232,0.929025289400959,0.0337586507679394
150,6.94E-07,9.63E-08,1.69284693670396,2.76758902572403,0.925289719805238,0.0250180066930308
151,1.69E-06,1.43E-07,1.57293359235162,2.66638462677394,0.949688973278085,0.044711575989854
152,4.83E-07,5.41E-08,1.73348550998916,2.87047402532343,0.915454332325076,0.0185640474483997
153,8.54E-07,1.03E-07,1.62703381912718,2.85557221254232,0.929025289400959,0.0337586507679394
154,6.94E-07,9.63E-08,1.69284693670396,2.76758902572403,0.925289719805238,0.0250180066930308
155,1.69E-06,1.43E-07,1.57293359235162,2.66638462677394,0.949688973278085,0.044711575989854
156,2.24E-07,2.56E-08,1.81302461685375,2.75021742622909,0.895554076922935,0.0123317265284513
157,1.70E-07,2.37E-08,1.82206475113487,2.81291616970596,0.895855683541844,0.00966083045141042
158,2.10E-07,2.65E-08,1.8181527135839,2.78578531861648,0.893367512497892,0.0105481042048302
159,2.10E-07,2.42E-08,1.81932591080065,2.67754272148869,0.891997270956396,0.0110028007861167
160,4.83E-07,5.41E-08,1.73348550998916,2.87047402532343,0.915454332325076,0.0185640474483997
161,8.54E-07,1.03E-07,1.62703381912718,2.85557221254232,0.929025289400959,0.0337586507679394
162,6.94E-07,9.63E-08,1.69284693670396,2.76758902572403,0.925289719805238,0.0250180066930308
163,1.69E-06,1.43E-07,1.57293359235162,2.66638462677394,0.949688973278085,0.044711575989854
164,2.88E-07,1.49E-08,1.78285993512676,2.66895199558138,0.900551494344345,0.0193279367753113
165,2.72E-07,1.74E-08,1.78918506630259,2.86902930748373,0.903109654775263,0.015973872052476
166,2.94E-07,1.72E-08,1.76434216123028,2.70327519492796,0.901204945997861,0.0196631014217913
167,2.80E-07,1.66E-08,1.78252005393107,2.79721425158188,0.898282664833422,0.018785059984566
168,2.45E-07,2.01E-08,1.80126903050489,2.712109490647,0.89509717820449,0.0154464369575649
169,3.42E-07,2.09E-08,1.72206365578168,2.65406224047568,0.898812175736125,0.0225810187318473
170,2.68E-07,2.36E-08,1.79700106280716,2.72445722510089,0.894499057500781,0.0163110821524362
171,2.84E-07,2.33E-08,1.75773638992221,2.80333609628853,0.896966890317476,0.016440714501465
172,4.55E-07,4.40E-08,1.70377356405651,2.63742419853738,0.917384320392775,0.0187870518944299
173,2.83E-07,2.20E-08,1.803410804424,2.84028091613098,0.904859719456571,0.0168066795597129
174,2.45E-07,2.09E-08,1.81112547769786,2.71679333811969,0.897742601459922,0.0152910813824678
175,2.44E-07,2.05E-08,1.8273368901236,2.73444214056096,0.895478260236588,0.0140759705542346
176,2.71E-07,2.64E-08,1.77347641449907,2.89062396756988,0.899666156030871,0.0170308364303741
177,3.39E-07,3.14E-08,1.79971649882364,2.977480886165,0.903804825816136,0.0199023709516372
178,3.30E-07,2.97E-08,1.77945443752814,2.95854235280018,0.901472467211864,0.0183388908794091
179,2.64E-07,2.37E-08,1.82516894796661,2.7167497732048,0.896229532799684,0.016572793234415
180,2.04E-07,1.63E-08,1.81121217734251,2.81800170634122,0.897556303091427,0.0125292629967297
181,2.26E-07,1.77E-08,1.8371849497943,2.77704007117664,0.896518110152648,0.0137081503312283
182,2.76E-07,1.79E-08,1.8112218912327,2.72156161748156,0.896501792400624,0.0170690209483004
183,2.83E-07,1.87E-08,1.79783426861348,2.71764431598659,0.897322034108771,0.0204804721232935
184,1.68E-07,2.08E-08,1.82908785063682,2.81792070355978,0.894227774454502,0.0100081059906189
185,2.98E-07,2.53E-08,1.75235476641403,2.82288956224788,0.893879405231724,0.0173962458178221
186,2.40E-07,2.17E-08,1.7888157410345,2.84296986279368,0.896439927597361,0.0114607963318273
187,3.06E-07,2.46E-08,1.70345981383063,2.82435584913106,0.897142478475538,0.0169040129390287
188,3.35E-07,3.15E-08,1.71961962746661,2.77142031470722,0.903253760401207,0.0175970205344498
189,6.12E-07,4.72E-08,1.55892374473731,2.87097059269191,0.912533460367636,0.0333992321893514
190,4.83E-07,3.90E-08,1.66889394751318,2.75270337915825,0.908897412464947,0.0223543409458042
191,3.23E-07,3.62E-08,1.71649358668367,2.73378936466894,0.901533159530318,0.0210988512802854
192,2.61E-07,2.33E-08,1.83648021354487,2.73475163034417,0.892830138280392,0.0143223246468992
193,2.01E-07,2.81E-08,1.84189414396082,2.82855993590197,0.893788010928162,0.0116665429191756
194,4.95E-07,2.89E-08,1.65317458509869,2.66294590329577,0.900075166396999,0.0319234551995744
195,3.47E-07,2.42E-08,1.62690628494696,2.62839745296222,0.895262854232935,0.0260123984335678
196,3.34E-07,2.69E-08,1.8295047461388,2.90330943301816,0.89581587119485,0.016499388247066
197,2.61E-07,2.59E-08,1.84504030704715,2.8813162109407,0.895065264617726,0.0168155806899027
198,4.83E-07,3.32E-08,1.77512926218898,2.94313311234155,0.901175694906663,0.0289200032281178
199,3.35E-07,2.78E-08,1.83370951255525,2.88622445334138,0.896639886009945,0.0192250328979052
200,6.52E-07,8.01E-08,1.68664266891949,2.80567112838446,0.921084639650413,0.0281503979974781
201,4.78E-07,5.76E-08,1.73916784760405,2.62592523255376,0.915194704642599,0.0184504347613654
202,4.35E-07,5.41E-08,1.74779457118022,2.78615763367694,0.913120813558575,0.0169196710128183
203,4.30E-07,5.84E-08,1.79493297629948,2.70620381784805,0.911293137037133,0.0169352192738834
204,3.53E-07,3.07E-08,1.74277741778733,2.76043281026551,0.901281656286188,0.0197307840189075
205,3.61E-07,2.94E-08,1.70916051111552,2.70449100788454,0.900568091321734,0.0199519583929965
206,3.69E-07,3.41E-08,1.66839665875216,2.75102100628704,0.90378423243264,0.0180199208962895
207,3.77E-07,3.23E-08,1.76019348512188,2.70467209718775,0.900300237758069,0.0238218257251049
208,3.87E-07,3.65E-08,1.76521866192042,2.9555892172088,0.901982207074524,0.0220778537276836
209,4.02E-07,3.35E-08,1.78641272832501,2.89749736429594,0.902802867490948,0.0264588923916593
210,3.86E-07,3.49E-08,1.7924520287782,2.98979453900366,0.900927593425389,0.0297790656043485
211,3.52E-07,3.83E-08,1.784898181604,2.9796716255508,0.908090040691088,0.0227322333880108
212,3.44E-07,2.41E-08,1.82771962620912,2.66479720791522,0.900878589968917,0.0239251150962997
213,3.59E-07,2.89E-08,1.82420640634645,2.75692030166277,0.902640526737617,0.0247838308338149
214,2.97E-07,2.96E-08,1.83343395720556,2.56263849621172,0.894093807025781,0.0180375297904204
215,4.02E-07,4.29E-08,1.7907481947045,2.82172863019689,0.905628121369253,0.0244599365738869
216,3.02E-07,2.63E-08,1.7629394006365,2.64819048771996,0.903774496349241,0.0165585075781055
217,4.89E-07,3.14E-08,1.68921336945796,2.56384546991429,0.914019577222118,0.022929232891025
218,4.45E-07,3.12E-08,1.66733847955761,2.57653254723138,0.909815897359978,0.02762229102322
219,2.70E-07,2.32E-08,1.76803356861628,2.50030619433921,0.900356901183193,0.0190526350236565
220,2.14E-07,2.04E-08,1.77607940228645,2.72200637367909,0.897007562022118,0.0110797245192616
221,5.86E-07,4.00E-08,1.49667497148516,2.75592019782675,0.918503514250391,0.0260683352181926
222,3.06E-07,1.93E-08,1.77809479815749,2.63949234925622,0.895615612878404,0.0162308549596728
223,3.15E-07,1.92E-08,1.77449574033336,2.73166377452545,0.898421431279768,0.015334436846522
224,2.40E-07,1.90E-08,1.86575843599745,2.68811276378923,0.89203264707312,0.0138999424578937
225,2.04E-07,1.80E-08,1.8657169620409,2.72210817603184,0.891310578768185,0.0126319494339487
226,3.31E-07,2.01E-08,1.86983312599448,2.62535520052115,0.89306336931653,0.0234393482445946
227,3.00E-07,2.02E-08,1.83336322818143,2.63170973781554,0.897539530149306,0.016944882886741
228,3.80E-07,3.15E-08,1.74575596203145,2.81178918612699,0.903403941323095,0.02122295066791
229,4.42E-07,3.50E-08,1.68399181224523,2.89833100010511,0.908099812176685,0.0257440417888364
230,4.49E-07,3.73E-08,1.68405285456426,2.78087061358015,0.906488503198681,0.0257191403267363
231,4.31E-07,4.00E-08,1.69358010277965,2.90262891643796,0.907452163995966,0.0260948100233029
232,5.78E-07,6.19E-08,1.6359626778976,2.68803076469932,0.917480727581604,0.0194492222981432
233,6.34E-07,9.11E-08,1.60063395226665,2.70804878298922,0.920487476047703,0.0370010983390079
234,4.26E-07,4.32E-08,1.5504317748422,2.78317950432153,0.912936813466446,0.0169966098650615
235,6.78E-07,8.60E-08,1.65495551508322,2.83779897424616,0.926166746417802,0.0330079733997717
236,6.32E-07,5.39E-08,1.50861093656091,2.76467642117504,0.917801953883585,0.0302607277420397
237,6.41E-07,5.16E-08,1.50460347878604,2.84215373689796,0.916387870914937,0.0291742749997865
238,6.09E-07,4.59E-08,1.40441610095924,2.80693372405531,0.918080567774859,0.0266927142150391
239,7.46E-07,5.58E-08,1.39171273142444,2.7817541158528,0.917638870597542,0.031822577462893
240,3.11E-07,2.63E-08,1.78279089329632,2.71145181887006,0.897407973776955,0.0191037137114899
241,3.06E-07,2.39E-08,1.77531898142021,2.77950830108423,0.899065273018199,0.0173510981948876
242,4.10E-07,2.79E-08,1.73356040917906,2.7188411051175,0.902075214997345,0.023256004338325
243,3.09E-07,2.08E-08,1.76879975300026,2.44822687474138,0.894943590351778,0.0174967425809481
244,7.24E-07,6.20E-08,1.6095406680106,2.83144743457413,0.922595574101104,0.0296399704062515
245,7.31E-07,6.46E-08,1.58888069911984,2.6371232718578,0.925856881854314,0.0325765268402481
246,2.62E-07,2.34E-08,1.79431311920224,2.60229571695407,0.896602220825789,0.016477139381156
247,2.82E-07,2.14E-08,1.8712418580753,2.33233506851527,0.890849601183594,0.0202128029817454
248,2.73E-07,3.08E-08,1.80738364318963,2.91968735933812,0.898243093885787,0.016196712629398
249,4.00E-07,2.76E-08,1.83912846155695,2.82916403715825,0.900027438465856,0.0233342935605774
250,3.37E-07,2.81E-08,1.80289402495138,2.91821388214641,0.901099169596447,0.0176323804224441
251,3.27E-07,2.92E-08,1.83778291351363,2.71323772599786,0.896767742508157,0.0192838701764877
252,2.02E-07,1.72E-08,1.84471089574174,2.73208855845138,0.895763985826146,0.0132862975232162
253,2.20E-07,1.70E-08,1.86782345479714,2.62209663418006,0.893222791047172,0.0151741658938516
254,2.71E-07,1.71E-08,1.8644349553748,2.51583707290661,0.891900610284911,0.0209896605478264
255,3.07E-07,1.88E-08,1.85826347194782,2.67343056520592,0.896943659919921,0.0233875300870886
256,3.53E-07,3.07E-08,1.74277741778733,2.76043281026551,0.901281656286188,0.0197307840189075
257,3.61E-07,2.94E-08,1.70916051111552,2.70449100788454,0.900568091321734,0.0199519583929965
258,3.69E-07,3.41E-08,1.66839665875216,2.75102100628704,0.90378423243264,0.0180199208962895
259,3.77E-07,3.23E-08,1.76019348512188,2.70467209718775,0.900300237758069,0.0238218257251049
260,5.84E-07,5.49E-08,1.58068542532273,2.89945163504967,0.925757142345129,0.0248555839679716
261,3.52E-07,3.85E-08,1.69826982183766,2.91314697474969,0.907469720110574,0.019070889030684
262,4.82E-07,4.08E-08,1.60980214831471,2.85477736940268,0.916136088857931,0.0252183329973377
263,4.00E-07,4.01E-08,1.67033331085734,2.86042120578075,0.909978556953438,0.0207789016497075
264,1.92E-07,2.13E-08,1.83627510831287,2.82447635883261,0.896290821793334,0.0120179559328512
265,2.38E-07,1.96E-08,1.86384262154466,2.73240815895027,0.896947904444725,0.0153406515049144
266,3.05E-07,1.97E-08,1.85732205003967,2.64096489512072,0.897287240923605,0.0185192480825607
267,3.19E-07,2.15E-08,1.86496529202181,2.66927589778231,0.896665740847862,0.0205026826751374
268,2.49E-07,9.57E-09,1.65948567984676,2.58637674409548,0.8985496267584,0.0145263637440555
269,2.35E-07,1.21E-08,1.60769746163717,2.67384988892835,0.897051095191917,0.0138556168235542
270,3.12E-07,1.11E-08,1.80129998413026,2.60793235639148,0.904821245102627,0.0323924926367089
271,2.62E-07,1.14E-08,1.81248605644556,2.62334722009577,0.900449979758339,0.0268175196808572
272,5.23E-07,3.74E-08,1.6481241749054,2.91409220539628,0.917152539140497,0.0193461715776412
273,4.19E-07,2.82E-08,1.69346212076886,2.79253479551137,0.905521425560185,0.0233408431291754
274,3.99E-07,2.80E-08,1.72894387222548,2.99788835699859,0.906951466828122,0.0232138019810118
275,3.55E-07,2.96E-08,1.74304401426341,2.93437745536461,0.903322509774673,0.0200336287970124
276,1.17E-06,1.40E-07,1.47649474556203,2.83150802166695,0.935086705683773,0.0536951492048438
277,7.18E-07,9.60E-08,1.58401739043956,2.88815719276226,0.92456173840558,0.0303414598967372
278,1.55E-06,1.53E-07,1.45649123075546,2.91767474811787,0.940156810637514,0.0989833688798198
279,7.29E-07,8.64E-08,1.65179896656625,2.84491276135849,0.92273135059992,0.0208743429148588
280,7.24E-07,6.20E-08,1.6095406680106,2.83144743457413,0.922595574101104,0.0296399704062515
281,7.31E-07,6.46E-08,1.58888069911984,2.6371232718578,0.925856881854314,0.0325765268402481
282,2.62E-07,2.34E-08,1.79431311920224,2.60229571695407,0.896602220825789,0.016477139381156
283,2.82E-07,2.14E-08,1.8712418580753,2.33233506851527,0.890849601183594,0.0202128029817454
284,4.24E-07,5.63E-08,1.68082884061478,2.86069276684459,0.915766888002311,0.017462239438196
285,5.94E-07,6.83E-08,1.62057571613027,2.97823339629671,0.924939577674938,0.0226653087952794
286,5.87E-07,6.36E-08,1.72241332017573,2.92134934011578,0.922971498657528,0.0283522344968781
287,6.99E-07,5.77E-08,1.80304340590974,3.05830447826239,0.928039833062588,0.0341621807750784
288,6.74E-07,6.91E-08,1.52777304169413,2.78621728214134,0.942992705082012,0.0266610853030236
289,7.35E-07,7.65E-08,1.60241573605832,3.01591643059524,0.941158157744034,0.0260604098814758
290,9.32E-07,1.05E-07,1.29817197700464,2.87517677818816,0.954157313785028,0.0385050219277993
291,1.03E-06,1.05E-07,1.46677417347809,3.11665430796135,0.952831370144243,0.0342897364832223
292,3.58E-07,3.15E-08,1.6949189794075,2.74663184127695,0.904371296088936,0.0224938483474519
293,3.55E-07,3.27E-08,1.71644742813192,2.73701541392473,0.903448890348871,0.0226027130254778
294,3.33E-07,3.17E-08,1.65950703437342,2.74788161758885,0.903688574399877,0.0220402038349862
295,3.79E-07,3.28E-08,1.69510720490731,2.69396995839085,0.904809307928204,0.0238229394420664
296,3.01E-07,1.88E-08,1.74174148087828,2.72536716871292,0.893366305533064,0.0171743723284945
297,3.85E-07,2.17E-08,1.67847777995632,2.78410464467766,0.89901074022663,0.0238345777086112
298,1.95E-07,2.26E-08,1.80662035251981,2.84906808498515,0.892236888362109,0.0118104842403085
299,2.61E-07,2.15E-08,1.75041317196789,2.78029362265626,0.894858047731959,0.0177361167185832
300,3.23E-07,2.59E-08,1.76920759968423,2.73176607747417,0.897771353753068,0.0166548836632242
301,3.06E-07,2.99E-08,1.81533962093652,2.80546158295495,0.896319738162114,0.0161903233186095
302,1.98E-07,2.62E-08,1.8031259905441,2.73747588345462,0.892809246923054,0.017188325819173
303,3.82E-07,3.31E-08,1.74571589750589,2.85017373667782,0.897277570887377,0.022305636515542
304,1.98E-07,1.68E-08,1.84944860832255,2.82982207295709,0.892873783632334,0.0111167114928133
305,1.79E-07,1.64E-08,1.8510289288841,2.89988158982316,0.894826447022497,0.0115509732980851
306,2.01E-07,1.63E-08,1.80606702561518,2.76449391779596,0.89746155152557,0.0125114808898277
307,2.27E-07,1.60E-08,1.83532560033681,2.77447764515153,0.894305096933185,0.0150242597651993
308,3.72E-07,5.40E-08,1.75204533144573,2.32882237020468,0.913334433872319,0.0152015664505785
309,1.45E-07,2.12E-08,1.8326958218929,2.43188943847064,0.898183152181903,0.0092714546857402
310,8.84E-07,8.15E-08,1.61584033459775,2.11221761997198,0.9249523800822,0.0272419309672789
311,3.60E-07,3.05E-08,1.78432437227343,2.25917961689565,0.901369983872304,0.0162955448341602
312,7.07E-07,4.94E-08,1.6610803444044,2.9430326889735,0.928932885995565,0.0330513974591361
313,4.69E-07,3.88E-08,1.63081042316885,3.02708361046101,0.920334994506123,0.0248997404985528
314,4.40E-07,3.98E-08,1.69585488480158,2.86523315273498,0.916691950349771,0.0250894175043557
315,6.84E-07,4.97E-08,1.62674201515533,3.0596892243985,0.928480062600769,0.0339612736804675
316,3.20E-07,2.73E-08,1.68980420457528,2.77071683897591,0.89603796477651,0.01728675127113
317,3.39E-07,2.72E-08,1.52640781946379,2.71723760602091,0.89469771697149,0.0201453816974642
318,3.76E-07,3.01E-08,1.66814811418501,2.75029558147531,0.897311550964594,0.0216264649135395
319,3.80E-07,3.43E-08,1.70915968476297,2.80885129106527,0.895496823149849,0.0219012901258696
320,5.49E-07,6.77E-08,1.64043890254918,2.92139053976867,0.9215198790029,0.0202176516425304
321,4.77E-07,5.91E-08,1.66363590792049,2.90085986722302,0.918673565250092,0.0185644160943704
322,4.51E-07,4.94E-08,1.68850090200411,2.79443373914327,0.918643474530754,0.0222781447225081
323,1.60E-06,1.40E-07,1.41048778321015,3.23544299498894,0.954515506947981,0.0473940526366007
324,6.02E-07,4.63E-08,1.57502274178956,2.77202892291764,0.921494990882258,0.0244068269142133
325,8.06E-07,5.13E-08,1.50573583620312,2.70397052268238,0.930182205039735,0.0316958785086299
326,7.66E-07,4.48E-08,1.50089686563485,2.69042424244248,0.931222817429591,0.029769455864049
327,8.77E-07,4.27E-08,1.56980137090726,2.33443394666249,0.922929054921968,0.0353916605832169
328,3.17E-07,2.17E-08,1.86946901418885,2.82830654726539,0.891601032236696,0.0140293460898917
329,3.36E-07,2.52E-08,1.86023880020286,2.9324844950944,0.895463331146852,0.0191519616918667
330,3.30E-07,2.93E-08,1.80328579275639,2.92347311471485,0.905215132710021,0.0190328682151413
331,2.75E-07,2.36E-08,1.86528061366153,2.86037272172534,0.891472756785084,0.0148794459908131
332,1.21E-07,2.40E-08,1.81915917902967,2.84118665966804,0.891275869492808,0.00877313801871926
333,7.91E-07,7.06E-08,1.42992872013434,3.04382086387478,0.935890180706393,0.0347024440654553
334,3.55E-07,4.07E-08,1.74703058496408,2.9116918523486,0.911506307407,0.0195765957392273
335,2.96E-07,3.36E-08,1.78738878742248,2.82719696952296,0.895310156420992,0.0203446245870625
336,2.79E-07,1.80E-08,1.77406307572225,2.56908764205967,0.900202555854863,0.017867205436164
337,2.89E-07,2.00E-08,1.70825704719498,2.54972957252598,0.897126566293613,0.0172165367859866
338,2.07E-07,1.72E-08,1.78888358997546,2.49366594897578,0.891662872644203,0.0134838833032911
339,3.00E-07,2.09E-08,1.73842048804459,2.60270957920796,0.897766382537078,0.0182530084424222
340,6.13E-07,5.98E-08,1.56373940748783,2.93506809822516,0.925691683006043,0.0263292136996507
341,5.28E-07,5.11E-08,1.55516365316475,2.93497631872131,0.919111659343254,0.0230245701553617
342,7.67E-07,7.09E-08,1.41375808323651,3.01257981034988,0.93042939990532,0.0342022262801265
343,6.31E-07,6.18E-08,1.4643794141871,2.99345727684569,0.925018417834439,0.0295732745501625
344,4.95E-07,4.16E-08,1.72577619668705,2.88508232009403,0.915602676530504,0.02577132537758
345,3.69E-07,3.13E-08,1.76043028677228,2.90520649102439,0.908216990006435,0.021318087968589
346,5.30E-07,4.59E-08,1.70851424635062,2.91234156760447,0.91538826608888,0.0278298535600553
347,3.57E-07,3.60E-08,1.76539819969766,2.89178727502048,0.908317681687121,0.0204303593640075
348,3.32E-07,3.01E-08,1.67929491312758,2.81121529063718,0.900742625292943,0.0221185894301496
349,2.51E-07,3.09E-08,1.76508681777964,2.74772811328821,0.896745604004933,0.0211666798042558
350,3.97E-07,3.07E-08,1.6738206376975,2.76186278465384,0.903677483254543,0.0267205806214075
351,5.12E-07,3.74E-08,1.58056666575657,2.76486136861018,0.911520150062389,0.029124048392329
352,6.49E-07,6.14E-08,1.41678861269434,3.11385639544591,0.932812184920455,0.0260524068980124
353,5.05E-07,4.79E-08,1.56750668751761,3.14549287675067,0.925715456719412,0.0226192887411414
354,1.03E-06,1.00E-07,1.62171937361655,3.25473587661947,0.952727855733239,0.0488064435249519
355,1.40E-06,1.27E-07,1.47872802909293,3.24269878232762,0.961012896659322,0.0442619045390515
356,3.46E-07,2.25E-08,1.81018478241218,2.6285730961719,0.900035757745189,0.0214342087228112
357,2.93E-07,2.47E-08,1.83261827100479,2.78686457386059,0.898825523803375,0.0200722145225115
358,2.00E-07,1.91E-08,1.86731189796367,2.64796021340937,0.891916594051363,0.0173435167150411
359,3.41E-07,2.92E-08,1.84685270374099,2.74793232092236,0.898013130052056,0.0262438109731977
360,1.92E-07,2.13E-08,1.83627510831287,2.82447635883261,0.896290821793334,0.0120179559328512
361,2.38E-07,1.96E-08,1.86384262154466,2.73240815895027,0.896947904444725,0.0153406515049144
362,3.05E-07,1.97E-08,1.85732205003967,2.64096489512072,0.897287240923605,0.0185192480825607
363,3.19E-07,2.15E-08,1.86496529202181,2.66927589778231,0.896665740847862,0.0205026826751374
364,3.41E-07,2.46E-08,1.77372602075814,2.86583347047515,0.898476908060229,0.0185385714203293
365,2.45E-07,2.28E-08,1.78684104362504,2.79530469440887,0.892630871551992,0.0141014682378665
366,3.73E-07,2.65E-08,1.78839294887076,2.85506189116402,0.897402242299821,0.022426898876736
367,2.58E-07,1.57E-08,1.81348558182941,2.60727356669176,0.89020545636868,0.0161705110347652
368,5.68E-07,5.91E-08,1.59892350884474,3.05034629262615,0.924927686259182,0.0207445863488469
369,4.19E-07,5.40E-08,1.75715205856352,3.03895001948467,0.915965152959697,0.0146269033996248
370,6.03E-07,6.36E-08,1.64780737133135,3.16579059786805,0.924627627896872,0.0321075452794956
371,5.28E-07,4.97E-08,1.68324038992385,3.23250511512094,0.920336472362996,0.0297055476538657
372,3.71E-07,3.04E-08,1.71960013027931,2.96388417258683,0.913394932819485,0.0152762327124617
373,4.06E-07,2.58E-08,1.76463392681247,2.68998322724383,0.900355180642033,0.0241969995357467
374,3.33E-07,2.54E-08,1.68348516065043,2.96044595990736,0.909440176946727,0.0168342653478083
375,3.69E-07,2.89E-08,1.7274116429333,2.90334359785478,0.908686369040342,0.0209008354996495
376,3.36E-07,2.48E-08,1.73085916103909,2.71865086288187,0.905411647443476,0.026103293511304
377,4.49E-07,2.63E-08,1.63895252099878,2.55379581665904,0.912335072632625,0.0277306819407031
378,4.22E-07,2.68E-08,1.6511105860789,2.57190278455234,0.911015361345845,0.0269873602149094
379,4.52E-07,2.71E-08,1.61068074396887,2.63289253140265,0.911955891298006,0.0318967068377629
380,3.71E-07,3.04E-08,1.71960013027931,2.96388417258683,0.913394932819485,0.0152762327124617
381,4.06E-07,2.58E-08,1.76463392681247,2.68998322724383,0.900355180642033,0.0241969995357467
382,3.33E-07,2.54E-08,1.68348516065043,2.96044595990736,0.909440176946727,0.0168342653478083
383,3.69E-07,2.89E-08,1.7274116429333,2.90334359785478,0.908686369040342,0.0209008354996495
384,6.77E-07,8.72E-08,1.67045152671674,2.84170393793983,0.922069767799675,0.0393092596762721
385,4.97E-07,6.96E-08,1.71664351804638,2.63289806880167,0.915030927495395,0.0204356280857557
386,7.43E-07,1.02E-07,1.67987409692691,2.72493617361783,0.921994157677733,0.0293795562310767
387,5.31E-07,6.58E-08,1.76736157523161,2.67053274598663,0.912550009717946,0.0181192446792063
388,3.39E-07,2.45E-08,1.58539812212543,2.74889061785133,0.904552954825577,0.017805252828762
389,3.28E-07,2.94E-08,1.64046840560116,2.82520033597105,0.907711335126325,0.0185782743767627
390,4.41E-07,3.03E-08,1.48583169898476,2.79600403206149,0.912202896454857,0.0233248223633109
391,3.34E-07,2.85E-08,1.56377094111525,2.73053319398317,0.905177256812296,0.0193260624311794
392,3.21E-07,3.01E-08,1.83919956244686,2.84715344324902,0.90065411481805,0.0165949221749019
393,6.02E-07,5.31E-08,1.76870715027064,2.82867258390575,0.913819790075625,0.0294549666326974
394,2.35E-07,2.75E-08,1.86271652930113,2.78583482421493,0.891297106558295,0.0138098749993117
395,2.37E-07,2.98E-08,1.85914922962659,2.72904133211505,0.893940315148787,0.014502004059808
396,6.02E-07,4.63E-08,1.57502274178956,2.77202892291764,0.921494990882258,0.0244068269142133
397,8.06E-07,5.13E-08,1.50573583620312,2.70397052268238,0.930182205039735,0.0316958785086299
398,7.66E-07,4.48E-08,1.50089686563485,2.69042424244248,0.931222817429591,0.029769455864049
399,8.77E-07,4.27E-08,1.56980137090726,2.33443394666249,0.922929054921968,0.0353916605832169
400,2.73E-07,3.08E-08,1.80738364318963,2.91968735933812,0.898243093885787,0.016196712629398
401,4.00E-07,2.76E-08,1.83912846155695,2.82916403715825,0.900027438465856,0.0233342935605774
402,3.37E-07,2.81E-08,1.80289402495138,2.91821388214641,0.901099169596447,0.0176323804224441
403,3.27E-07,2.92E-08,1.83778291351363,2.71323772599786,0.896767742508157,0.0192838701764877
404,4.29E-07,6.11E-08,1.70642275701216,2.91751062960668,0.928982597186829,0.0218448774057676
405,4.95E-07,4.72E-08,1.68439592664119,3.04849910289357,0.931482727408594,0.0199961142749603
406,7.58E-07,6.47E-08,1.62871632359452,2.65892724988526,0.942631966509928,0.0316034326934287
407,6.29E-07,6.47E-08,1.72220196783087,2.83298877452327,0.9388795164847,0.0268108045153977
408,3.53E-07,2.77E-08,1.72580524574382,2.70524216190873,0.902694780682433,0.0186475380831027
409,3.64E-07,2.75E-08,1.7340378349806,2.54153581911912,0.906551202651256,0.0166218180375736
410,2.15E-07,2.37E-08,1.8224092140035,2.45694263391034,0.893388790481581,0.0124002319738386
411,5.93E-07,3.35E-08,1.71113922591454,2.35393380130533,0.91013403052763,0.0325923308274223
412,3.39E-07,2.45E-08,1.58539812212543,2.74889061785133,0.904552954825577,0.017805252828762
413,3.28E-07,2.94E-08,1.64046840560116,2.82520033597105,0.907711335126325,0.0185782743767627
414,4.41E-07,3.03E-08,1.48583169898476,2.79600403206149,0.912202896454857,0.0233248223633109
415,3.34E-07,2.85E-08,1.56377094111525,2.73053319398317,0.905177256812296,0.0193260624311794
416,3.80E-07,3.15E-08,1.74575596203145,2.81178918612699,0.903403941323095,0.02122295066791
417,4.42E-07,3.50E-08,1.68399181224523,2.89833100010511,0.908099812176685,0.0257440417888364
418,4.49E-07,3.73E-08,1.68405285456426,2.78087061358015,0.906488503198681,0.0257191403267363
419,4.31E-07,4.00E-08,1.69358010277965,2.90262891643796,0.907452163995966,0.0260948100233029
420,3.53E-07,2.56E-08,1.65656328603084,2.76899229373169,0.907286090988827,0.0246632088172795
421,3.01E-07,2.27E-08,1.69974770435974,2.75951260602622,0.906167971472041,0.0187665514436496
422,3.67E-07,2.71E-08,1.60110756351267,2.68509161874509,0.913321830427633,0.0236418951106081
423,3.50E-07,2.47E-08,1.65867595392508,2.76186071187386,0.907080038989301,0.02370141440651
424,1.90E-07,1.93E-08,1.81925810311148,2.84130198461511,0.896035067640879,0.0116513239206918
425,2.28E-07,2.01E-08,1.81878094363037,2.7993233049835,0.896748502681939,0.0122317982359211
426,2.71E-07,2.06E-08,1.80812697248353,2.74766836731014,0.896899301858393,0.0158102920502781
427,2.38E-07,2.06E-08,1.82547279920005,2.71382990063702,0.895041805590395,0.014957236848966
428,4.89E-07,2.95E-08,1.61011710377342,2.90693308473079,0.910020666528866,0.029146277017612
429,4.93E-07,3.05E-08,1.65670630333654,2.90414689472431,0.908354079000544,0.0284930883478562
430,2.05E-07,1.88E-08,1.77936072788187,2.56864797635807,0.891339986866376,0.014275375781131
431,3.66E-07,2.78E-08,1.8190528021419,2.70824690108317,0.902220363477655,0.0321469219764813
432,2.73E-07,2.65E-08,1.85881936832891,2.92992145158552,0.895016180566304,0.0146514104954096
433,4.07E-07,3.25E-08,1.83949896927793,2.81827138083006,0.900985214656475,0.0221010227301757
434,2.01E-07,3.08E-08,1.86564031052649,2.87320513401787,0.893379745703562,0.0126428990413416
435,2.26E-07,2.80E-08,1.86629171363872,2.84753114598651,0.893758036167131,0.0139533714700585
436,3.32E-07,3.01E-08,1.67929491312758,2.81121529063718,0.900742625292943,0.0221185894301496
437,2.51E-07,3.09E-08,1.76508681777964,2.74772811328821,0.896745604004933,0.0211666798042558
438,3.97E-07,3.07E-08,1.6738206376975,2.76186278465384,0.903677483254543,0.0267205806214075
439,5.12E-07,3.74E-08,1.58056666575657,2.76486136861018,0.911520150062389,0.029124048392329
440,2.48E-07,1.33E-08,1.84447541434369,2.35198400043092,0.893422763972724,0.0117444794476907
441,2.54E-07,1.35E-08,1.83994288830517,2.39645805002091,0.894349486729512,0.0121625725727703
442,2.73E-07,1.25E-08,1.82409640062169,2.36348872843414,0.891658784740258,0.0134951453153024
443,2.52E-07,1.39E-08,1.84209668969613,2.30336186761618,0.894471422428802,0.0111516521378542
444,6.74E-07,6.91E-08,1.52777304169413,2.78621728214134,0.942992705082012,0.0266610853030236
445,7.35E-07,7.65E-08,1.60241573605832,3.01591643059524,0.941158157744034,0.0260604098814758
446,9.32E-07,1.05E-07,1.29817197700464,2.87517677818816,0.954157313785028,0.0385050219277993
447,1.03E-06,1.05E-07,1.46677417347809,3.11665430796135,0.952831370144243,0.0342897364832223
448,4.34E-07,3.26E-08,1.64801113498343,2.60254261401308,0.904026208170899,0.0209692204865791
449,4.77E-07,3.63E-08,1.56671057629949,2.59487356346362,0.907897111805392,0.0235078810280711
450,4.42E-07,3.28E-08,1.67942780756751,2.53851128238858,0.902668902432417,0.0215178349660771
451,3.63E-07,3.57E-08,1.66995294610866,2.7820193479694,0.903821412162086,0.0202947347514443
452,6.49E-07,6.14E-08,1.41678861269434,3.11385639544591,0.932812184920455,0.0260524068980124
453,5.05E-07,4.79E-08,1.56750668751761,3.14549287675067,0.925715456719412,0.0226192887411414
454,1.03E-06,1.00E-07,1.62171937361655,3.25473587661947,0.952727855733239,0.0488064435249519
455,1.40E-06,1.27E-07,1.47872802909293,3.24269878232762,0.961012896659322,0.0442619045390515
456,3.81E-07,2.83E-08,1.63620986346709,2.8611848121677,0.909004684983242,0.0213152495683979
457,4.54E-07,3.20E-08,1.66752642166839,2.83458880983732,0.910301251333404,0.0261963414015357
458,4.21E-07,3.21E-08,1.67032919023752,2.91274891900369,0.911564432579507,0.0259410013676761
459,1.02E-06,4.63E-08,1.41689423243836,2.74905558467232,0.916173267858402,0.0622849196567477
460,3.28E-07,3.24E-08,1.78367253369857,2.63680701636861,0.902293613756223,0.0160050477624648
461,3.59E-07,4.04E-08,1.74313263422556,2.71389492589074,0.906350994883628,0.0169984667022903
462,3.64E-07,2.89E-08,1.70442270670629,2.48771073382855,0.897179004165044,0.0224083479012297
463,2.77E-07,2.88E-08,1.80023345623433,2.59844233437736,0.897381719772545,0.0132169948152928
464,4.46E-07,3.95E-08,1.72148076516849,2.93410107294212,0.918650274836198,0.0202870819699904
465,8.40E-07,6.72E-08,1.53519404095871,2.93159784507998,0.932848225779217,0.0323415342010445
466,3.50E-07,3.17E-08,1.79649149488074,2.92229280496906,0.904378249733706,0.0228602591307295
467,3.00E-07,2.76E-08,1.79170304092549,2.91688831816074,0.905321489151604,0.0255224228501809
468,3.32E-07,3.01E-08,1.67929491312758,2.81121529063718,0.900742625292943,0.0221185894301496
469,2.51E-07,3.09E-08,1.76508681777964,2.74772811328821,0.896745604004933,0.0211666798042558
470,3.97E-07,3.07E-08,1.6738206376975,2.76186278465384,0.903677483254543,0.0267205806214075
471,5.12E-07,3.74E-08,1.58056666575657,2.76486136861018,0.911520150062389,0.029124048392329
472,6.13E-07,5.98E-08,1.56373940748783,2.93506809822516,0.925691683006043,0.0263292136996507
473,5.28E-07,5.11E-08,1.55516365316475,2.93497631872131,0.919111659343254,0.0230245701553617
474,7.67E-07,7.09E-08,1.41375808323651,3.01257981034988,0.93042939990532,0.0342022262801265
475,6.31E-07,6.18E-08,1.4643794141871,2.99345727684569,0.925018417834439,0.0295732745501625
476,4.95E-07,4.16E-08,1.72577619668705,2.88508232009403,0.915602676530504,0.02577132537758
477,3.69E-07,3.13E-08,1.76043028677228,2.90520649102439,0.908216990006435,0.021318087968589
478,5.30E-07,4.59E-08,1.70851424635062,2.91234156760447,0.91538826608888,0.0278298535600553
479,3.57E-07,3.60E-08,1.76539819969766,2.89178727502048,0.908317681687121,0.0204303593640075
480,5.40E-07,7.31E-08,1.71834075908019,2.82526026245948,0.929307656379734,0.025868723624545
481,4.54E-07,5.92E-08,1.74605821418668,2.66255388414666,0.921520716288333,0.0198342842573005
482,4.87E-07,6.93E-08,1.6779259619237,2.68220985565677,0.924193144945578,0.0242486460633455
483,5.68E-07,7.80E-08,1.72063745087493,2.63596139909239,0.927919656219018,0.023003394977072
484,2.24E-07,2.56E-08,1.81302461685375,2.75021742622909,0.895554076922935,0.0123317265284513
485,1.70E-07,2.37E-08,1.82206475113487,2.81291616970596,0.895855683541844,0.00966083045141042
486,2.10E-07,2.65E-08,1.8181527135839,2.78578531861648,0.893367512497892,0.0105481042048302
487,2.10E-07,2.42E-08,1.81932591080065,2.67754272148869,0.891997270956396,0.0110028007861167
488,2.59E-07,2.18E-08,1.85231800758498,2.76500448144616,0.896721957905131,0.0171125794080673
489,2.49E-07,2.26E-08,1.85779265688398,2.77980824465163,0.894468079730094,0.0152309234913794
490,3.83E-07,2.28E-08,1.81496563773659,2.6817534227639,0.897946075903022,0.0254117855944969
491,3.72E-07,2.32E-08,1.74584703521227,2.60176013034879,0.894670774419418,0.0257932704836805
492,2.90E-07,2.49E-08,1.83885940901492,2.85024955634805,0.898664317771229,0.0159282660508766
493,2.97E-07,2.28E-08,1.84521090262039,2.76510069613741,0.896203096248259,0.0161958603519001
494,3.71E-07,2.66E-08,1.76283227076147,2.75587580732581,0.898027790209054,0.0246181885200159
495,3.86E-07,2.52E-08,1.71872831104789,2.69759505865484,0.898090325978339,0.0296041130488732
496,6.57E-07,6.48E-08,1.57826759478304,2.88757718309849,0.934931654331164,0.0257288775733374
497,2.99E-07,3.29E-08,1.73044359859625,2.8759301814294,0.913087569616426,0.0150474007998106
498,9.88E-07,8.99E-08,1.45706869868998,2.84211159148564,0.942445703453992,0.0378878847521543
499,5.05E-07,5.31E-08,1.60478309029102,3.02975523551211,0.924861812317297,0.026988347464759
500,4.00E-07,3.76E-08,1.66632569184956,2.89783407022796,0.907536655821965,0.0244255124901461
501,2.77E-07,2.93E-08,1.71200446583214,2.89443474801564,0.899236052672634,0.0236039258527695
502,3.30E-07,3.46E-08,1.66187551335503,2.86325490708311,0.903585622707454,0.0275478028556057
503,3.89E-07,3.83E-08,1.61694306613179,2.90198155865174,0.903222847799355,0.0266612303372402
504,3.34E-07,2.69E-08,1.8295047461388,2.90330943301816,0.89581587119485,0.016499388247066
505,2.61E-07,2.59E-08,1.84504030704715,2.8813162109407,0.895065264617726,0.0168155806899027
506,4.83E-07,3.32E-08,1.77512926218898,2.94313311234155,0.901175694906663,0.0289200032281178
507,3.35E-07,2.78E-08,1.83370951255525,2.88622445334138,0.896639886009945,0.0192250328979052
508,4.34E-07,4.90E-08,1.59894439705169,2.91820125998394,0.905379546011187,0.0154297194387458
509,5.78E-07,5.98E-08,1.52051375167209,3.00237422311808,0.910185939460005,0.0198072651438471
510,5.42E-07,6.06E-08,1.60023409876464,2.90674408757486,0.909899537645061,0.0168564815755869
511,5.14E-07,4.75E-08,1.53770171137827,2.92450238242298,0.905542955173544,0.0176306514461617
512,3.32E-07,2.13E-08,1.6309454333935,2.84234131870156,0.908927006735434,0.0154813232474474
513,2.81E-07,2.01E-08,1.68231499631939,2.90134217929338,0.901490221660658,0.0140067793408348
514,2.99E-07,2.07E-08,1.69604573556967,2.74816987470472,0.896483804149212,0.0202474369431961
515,3.35E-07,1.95E-08,1.83850113837942,2.68412559083025,0.895822771131132,0.0289330058279357
516,2.84E-07,2.64E-08,1.79676194882158,2.54427108749826,0.903991847232501,0.0162014152793951
517,5.80E-07,4.82E-08,1.71362508823476,2.47441400344604,0.918426611563194,0.0268438773390259
518,2.15E-07,2.52E-08,1.8356632585898,2.55939827856005,0.893288409899032,0.0139542106161527
519,3.42E-07,3.25E-08,1.82733193330996,2.72258886212457,0.899278676862247,0.0207432639612232
520,1.68E-07,2.08E-08,1.82908785063682,2.81792070355978,0.894227774454502,0.0100081059906189
521,2.98E-07,2.53E-08,1.75235476641403,2.82288956224788,0.893879405231724,0.0173962458178221
522,2.40E-07,2.17E-08,1.7888157410345,2.84296986279368,0.896439927597361,0.0114607963318273
523,3.06E-07,2.46E-08,1.70345981383063,2.82435584913106,0.897142478475538,0.0169040129390287
524,3.24E-07,2.49E-08,1.85268831509374,2.79406735582738,0.899303797168924,0.0240162544830386
525,3.39E-07,3.36E-08,1.84331666570497,2.89182853991188,0.901660100947666,0.02130815272838
526,3.85E-07,3.07E-08,1.74537039648156,2.89155279861487,0.900922172767868,0.0274466262789427
527,3.68E-07,2.85E-08,1.80893709459691,2.79567132395514,0.895442515535591,0.0279567780052659
528,4.42E-07,3.08E-08,1.72086529762468,2.639649132623,0.904909603572171,0.0287909169291823
529,4.33E-07,6.48E-08,1.74230316555241,2.73477220854113,0.914248890950097,0.0192801994713198
530,3.87E-07,3.44E-08,1.63991351077986,2.67712653568019,0.901938274763702,0.0248345438111114
531,1.81E-07,2.56E-08,1.85089712573132,2.70249709704695,0.890491785317683,0.0132245218276094
532,6.89E-07,4.95E-08,1.63290324943875,2.83190890642297,0.917437741273043,0.0345724657995603
533,7.45E-07,5.76E-08,1.61899743942914,2.73792037937265,0.915687073120245,0.0381703825258283
534,7.85E-07,4.88E-08,1.4924226564067,2.86994980802804,0.923619576973708,0.0358970072092203
535,7.76E-07,5.61E-08,1.56889373652556,2.85635550198591,0.915629473865344,0.046336079439838
536,6.72E-07,4.93E-08,1.67538290934731,2.64300573664751,0.919383942450659,0.0322284034264465
537,3.75E-07,3.24E-08,1.75103062061607,2.55247293851695,0.908297485731341,0.0194959688365046
538,5.92E-07,4.32E-08,1.7004285148497,2.60314931790697,0.912259349666872,0.0319075071793115
539,4.88E-07,4.07E-08,1.73143445172714,2.56731939629729,0.917663027016772,0.024688541779319
540,3.73E-07,3.24E-08,1.8426760131064,2.87172139107776,0.895252375248599,0.0180417730468726
541,2.57E-07,2.94E-08,1.85847643871795,2.83966326509702,0.893081926932069,0.0139654396058011
542,3.48E-07,3.49E-08,1.85481386609483,3.01060084841369,0.897522330820208,0.0217377503781145
543,3.59E-07,3.39E-08,1.83845429108617,2.97646894060986,0.896529029315651,0.0215200508633003
544,9.42E-07,7.45E-08,1.59025824711476,2.81293784691535,0.932460496388125,0.0360843327015548
545,3.72E-07,5.13E-08,1.72611481102206,2.87622655396142,0.913703754470487,0.0159556166854008
546,5.97E-07,5.70E-08,1.70557225082896,2.84432258871594,0.917680190270525,0.0262273904711878
547,4.81E-07,5.65E-08,1.77595531707891,2.79928615071344,0.917130155071031,0.0172294047776284
548,5.68E-07,5.91E-08,1.59892350884474,3.05034629262615,0.924927686259182,0.0207445863488469
549,4.19E-07,5.40E-08,1.75715205856352,3.03895001948467,0.915965152959697,0.0146269033996248
550,6.03E-07,6.36E-08,1.64780737133135,3.16579059786805,0.924627627896872,0.0321075452794956
551,5.28E-07,4.97E-08,1.68324038992385,3.23250511512094,0.920336472362996,0.0297055476538657
552,5.50E-07,5.49E-08,1.56505383059457,2.75624963390908,0.918220186347035,0.0288520811029467
553,5.52E-07,5.32E-08,1.60855930178365,2.64567700838818,0.919968202975497,0.0276354931192409
554,5.94E-07,5.39E-08,1.56155013589521,2.72713523330774,0.918964245478135,0.0299831285269647
555,5.11E-07,5.24E-08,1.66388409073932,2.75583871119197,0.918497306190396,0.0273102978448363
556,2.85E-07,3.31E-08,1.78265821071654,2.91884859519545,0.899632277435954,0.0151055117071037
557,2.94E-07,3.10E-08,1.81568330966108,2.91377021541009,0.89659070901595,0.0187375677352846
558,2.84E-07,3.50E-08,1.79995660511482,2.92620210019146,0.897320383285582,0.0165922824381846
559,2.34E-07,3.10E-08,1.81784278219838,2.90867649425492,0.896112200511279,0.0144919163803798
560,1.06E-06,1.19E-07,1.51697449960918,2.87019673973308,0.931380054394765,0.064356200309691
561,8.71E-07,8.78E-08,1.5185356215834,3.01600140336401,0.93734061983413,0.0303956089366289
562,1.01E-06,1.06E-07,1.56560173152247,2.67583651985732,0.93191919675656,0.043056177966434
563,6.24E-07,6.52E-08,1.67207779704447,2.66311109177438,0.923240964659813,0.0214466078760344
564,5.78E-07,4.36E-08,1.69753566671531,2.76150346554421,0.920803421722334,0.027770391638716
565,2.28E-07,2.79E-08,1.80797824371651,2.84196839979769,0.903492391877215,0.0147299287401202
566,4.13E-07,3.40E-08,1.74159138290851,2.7076863999567,0.914112179833898,0.0221208851600238
567,5.35E-07,4.38E-08,1.75306649487692,2.80758145642243,0.914704913891259,0.0283081427271213
568,2.42E-07,2.12E-08,1.79892782321328,2.73347918028614,0.894705695800134,0.0133998483125595
569,2.22E-07,2.07E-08,1.80215816203024,2.72391193750425,0.893893328302509,0.0131404598462974
570,3.69E-07,2.53E-08,1.70537451341731,2.73589583988185,0.900118451271247,0.0214905375693952
571,4.00E-07,1.78E-08,1.64977985880298,2.47825760711457,0.887391414010452,0.0227212650416715
572,6.28E-07,7.04E-08,1.53226847544203,3.06517124141094,0.924968418164594,0.0245151362654641
573,4.61E-07,5.10E-08,1.60416222782823,3.05073132730741,0.917251178901615,0.0244849225139766
574,4.97E-07,5.30E-08,1.50935505919025,3.00267271538857,0.925436595217051,0.031297491635066
575,1.19E-06,1.36E-07,1.44596023086213,3.36109633600645,0.946700075523983,0.0408516746631747
576,1.17E-06,1.40E-07,1.47649474556203,2.83150802166695,0.935086705683773,0.0536951492048438
577,7.18E-07,9.60E-08,1.58401739043956,2.88815719276226,0.92456173840558,0.0303414598967372
578,1.55E-06,1.53E-07,1.45649123075546,2.91767474811787,0.940156810637514,0.0989833688798198
579,7.29E-07,8.64E-08,1.65179896656625,2.84491276135849,0.92273135059992,0.0208743429148588
580,4.14E-07,3.40E-08,1.66292411176256,2.14051438232908,0.914468122634081,0.0212568118227795
581,6.17E-07,5.04E-08,1.49643241096536,2.34372676244443,0.917454961822516,0.0278021701672169
582,7.14E-07,5.09E-08,1.58619106772044,2.28884731829274,0.926181110727361,0.0320154812309955
583,4.45E-07,4.33E-08,1.61135544385383,2.27140802590249,0.913534593801202,0.019763939975088
584,4.42E-07,3.88E-08,1.72113125108551,2.93578183880544,0.914375006771185,0.0250342663405746
585,4.03E-07,3.51E-08,1.73300957290645,2.92877329251462,0.912184371019162,0.0235059237832936
586,4.12E-07,3.66E-08,1.71425865629778,2.8874612804462,0.913284379441768,0.0229335474445672
587,3.64E-07,3.33E-08,1.73153635231432,2.90931917689071,0.908415618483504,0.0224601125528034
588,6.25E-07,6.90E-08,1.57693253933109,2.74285986516114,0.922982150086272,0.0179978555897043
589,4.20E-07,5.73E-08,1.66628997880128,2.98194207671868,0.916611664203328,0.0149937998814019
590,7.87E-07,7.54E-08,1.52185854509241,2.93694839965205,0.925071584668427,0.0251970905022519
591,5.67E-07,5.21E-08,1.67128508711511,3.07792852546294,0.919885199961818,0.0175818782254419
592,2.91E-07,3.40E-08,1.69652904432021,2.7556858891557,0.906992000665806,0.0120285308954725
593,3.16E-07,3.90E-08,1.73770183511104,2.91420414126998,0.908924621620501,0.0128757312882037
594,4.64E-07,3.74E-08,1.64202644379806,2.8408171733856,0.914266800595805,0.0185127786139041
595,3.74E-07,3.65E-08,1.67592139105102,2.9248680615734,0.911517347318409,0.015254128774652
596,4.24E-07,5.63E-08,1.68082884061478,2.86069276684459,0.915766888002311,0.017462239438196
597,5.94E-07,6.83E-08,1.62057571613027,2.97823339629671,0.924939577674938,0.0226653087952794
598,5.87E-07,6.36E-08,1.72241332017573,2.92134934011578,0.922971498657528,0.0283522344968781
599,6.99E-07,5.77E-08,1.80304340590974,3.05830447826239,0.928039833062588,0.0341621807750784
600,3.74E-07,4.27E-08,1.70769883515567,2.8302118178162,0.906714520324268,0.0199939345136219
601,4.50E-07,4.59E-08,1.70815076924113,2.81470376681931,0.90717547050502,0.024413042972347
602,8.97E-07,6.07E-08,1.56827294470208,2.87204464950646,0.923241550003083,0.0481569925778251
603,8.13E-07,6.26E-08,1.52822405168065,2.89815662289531,0.922787534081806,0.0551401865172977
604,6.94E-07,8.59E-08,1.563149474858,3.07172298927443,0.920730486050432,0.0508448196963347
605,3.76E-07,5.87E-08,1.71989170065804,3.07611228727063,0.909515542910289,0.0133732555840342
606,6.36E-07,4.54E-08,1.61866010366103,3.15181795806372,0.917654037539252,0.0222619191773262
607,1.05E-06,1.28E-07,1.65406386767083,3.12984978031861,0.928597859367863,0.0957397685666152
608,2.97E-07,2.49E-08,1.74166250764396,2.66761530781847,0.9023164794828,0.0202110342487621
609,3.67E-07,2.92E-08,1.65286405470346,2.64154782187328,0.907673779742887,0.0225672969080082
610,3.78E-07,3.00E-08,1.63985553551393,2.67145123233151,0.908295656262321,0.0253725147512518
611,3.29E-07,2.61E-08,1.61118871260789,2.68485095172594,0.905479594436637,0.0240447813628638
612,2.17E-07,1.86E-08,1.79726361392261,2.7756646551542,0.897913324982289,0.0135042976926395
613,2.43E-07,1.80E-08,1.83780693370695,2.67604709516507,0.89517187485297,0.0148534162485329
614,2.77E-07,2.06E-08,1.83087657653626,2.63868660506079,0.896382781925168,0.0164975228020804
615,3.11E-07,2.38E-08,1.83595026377721,2.68157502294954,0.896652156491781,0.0199420953041299
616,3.11E-07,3.38E-08,1.73404619578229,2.88941351522795,0.897965058107544,0.0183332052047275
617,3.58E-07,3.48E-08,1.65547402754667,2.86579448869911,0.896914981547332,0.0204075619922884
618,3.66E-07,3.31E-08,1.658455409177,2.82380886286164,0.895181392632986,0.0258459517421662
619,2.73E-07,3.32E-08,1.75735223727328,2.87824457226823,0.89747143203408,0.0150946672068718
620,3.06E-07,2.54E-08,1.49133121000715,2.88836072358758,0.902676916315854,0.0164725041175938
621,2.75E-07,2.19E-08,1.73722817545231,2.93807446447472,0.901798195136355,0.0163298848089976
622,2.85E-07,2.98E-08,1.52430266476888,2.92519152417642,0.900724201105326,0.017514993531459
623,4.18E-07,3.15E-08,1.50646309848991,2.97005371300043,0.905264133160065,0.0197911095936213
624,3.99E-07,3.88E-08,1.81432219067048,2.93110955209458,0.90713226568909,0.0208728430716256
625,6.87E-07,5.48E-08,1.76777909901447,2.92378667696901,0.916320470894106,0.0340466920507735
626,2.71E-07,3.64E-08,1.86123280664586,2.84719565819102,0.897071173010082,0.0168621681819251
627,2.54E-07,3.48E-08,1.84547210783612,2.83950756330772,0.897092503723271,0.0162134309330458
628,5.11E-07,4.03E-08,1.710040911302,2.83909608321794,0.917544027591239,0.0266017693995378
629,6.24E-07,4.90E-08,1.64834382754218,2.8465778540917,0.922331078178294,0.0280557235020892
630,5.89E-07,4.39E-08,1.63679239718678,2.75938445963802,0.9243100447541,0.0256033534368062
631,5.77E-07,4.44E-08,1.71065345461656,2.78993603631953,0.913615335550114,0.029303013421444
632,4.41E-07,3.19E-08,1.77723766557037,2.75612825326724,0.908186710170656,0.0233710471737614
633,3.74E-07,3.29E-08,1.72391947650687,2.97545030854895,0.908052954547273,0.0193170578063067
634,6.02E-07,4.10E-08,1.58748967230303,2.5979748407863,0.918889429742667,0.0369293067243504
635,5.12E-07,3.29E-08,1.61186993120925,2.72389997919972,0.911162500639869,0.032749738303801
636,6.68E-07,9.93E-08,1.62662896326405,2.8962271615372,0.920917423696192,0.0360214610181477
637,8.62E-07,9.07E-08,1.47752571436684,2.84157398962328,0.929959334001476,0.0333050554275315
638,5.24E-07,5.33E-08,1.67981484630611,2.91491180575804,0.922868977630685,0.0179789364468175
639,1.01E-06,1.05E-07,1.53994137767397,2.86995705476892,0.9356318443687,0.0510430649110669
640,3.32E-07,2.13E-08,1.6309454333935,2.84234131870156,0.908927006735434,0.0154813232474474
641,2.81E-07,2.01E-08,1.68231499631939,2.90134217929338,0.901490221660658,0.0140067793408348
642,2.99E-07,2.07E-08,1.69604573556967,2.74816987470472,0.896483804149212,0.0202474369431961
643,3.35E-07,1.95E-08,1.83850113837942,2.68412559083025,0.895822771131132,0.0289330058279357
644,2.42E-07,2.12E-08,1.79892782321328,2.73347918028614,0.894705695800134,0.0133998483125595
645,2.22E-07,2.07E-08,1.80215816203024,2.72391193750425,0.893893328302509,0.0131404598462974
646,3.69E-07,2.53E-08,1.70537451341731,2.73589583988185,0.900118451271247,0.0214905375693952
647,4.00E-07,1.78E-08,1.64977985880298,2.47825760711457,0.887391414010452,0.0227212650416715
648,4.39E-07,3.04E-08,1.696054634848,2.87471377320549,0.905921224407147,0.0238845997155878
649,3.80E-07,3.21E-08,1.71105138044556,2.8963463790846,0.91018224845209,0.0193262692326021
650,4.78E-07,3.00E-08,1.65685598503711,2.84689083257911,0.908338726667717,0.0276626525429646
651,4.61E-07,3.36E-08,1.64977584804844,3.01276168404398,0.912246935058771,0.0307020884418586
652,3.28E-07,3.24E-08,1.78367253369857,2.63680701636861,0.902293613756223,0.0160050477624648
653,3.59E-07,4.04E-08,1.74313263422556,2.71389492589074,0.906350994883628,0.0169984667022903
654,3.64E-07,2.89E-08,1.70442270670629,2.48771073382855,0.897179004165044,0.0224083479012297
655,2.77E-07,2.88E-08,1.80023345623433,2.59844233437736,0.897381719772545,0.0132169948152928
656,4.55E-07,4.23E-08,1.67777666309673,2.9235304309885,0.917478534435742,0.024768187948069
657,4.79E-07,4.42E-08,1.73476702729832,2.93676229124061,0.91737447920189,0.0259152578431887
658,5.84E-07,4.57E-08,1.7088679106503,2.89664815114517,0.91981615344564,0.0380884102219966
659,3.60E-07,3.83E-08,1.78593978209667,2.7990887580971,0.907613535521449,0.0259914832017972
660,4.46E-07,2.88E-08,1.84441411935967,2.78602632134842,0.906239176517686,0.0290759097397888
661,4.79E-07,3.60E-08,1.81885343110018,2.73424134699475,0.906127330481562,0.0293209437266275
662,5.48E-07,3.41E-08,1.84502319303136,2.78956741446586,0.905707548068507,0.0358432995987774
663,4.22E-07,3.19E-08,1.84623190550609,2.78078123396019,0.90038057560094,0.0288255498307962
664,2.47E-07,2.19E-08,1.67072951248569,2.9119077431771,0.901035033428427,0.0134430944874375
665,2.18E-07,2.36E-08,1.67783938757348,2.87538933146535,0.899207477955449,0.0127865524497487
666,3.33E-07,2.77E-08,1.78079494172125,2.78996299434519,0.900758369160547,0.0287846719697982
667,3.36E-07,2.98E-08,1.72869483336145,2.77817121283481,0.906189492232678,0.0227473018494636
668,6.74E-07,6.91E-08,1.52777304169413,2.78621728214134,0.942992705082012,0.0266610853030236
669,7.35E-07,7.65E-08,1.60241573605832,3.01591643059524,0.941158157744034,0.0260604098814758
670,9.32E-07,1.05E-07,1.29817197700464,2.87517677818816,0.954157313785028,0.0385050219277993
671,1.03E-06,1.05E-07,1.46677417347809,3.11665430796135,0.952831370144243,0.0342897364832223
672,4.00E-07,3.76E-08,1.66632569184956,2.89783407022796,0.907536655821965,0.0244255124901461
673,2.77E-07,2.93E-08,1.71200446583214,2.89443474801564,0.899236052672634,0.0236039258527695
674,3.30E-07,3.46E-08,1.66187551335503,2.86325490708311,0.903585622707454,0.0275478028556057
675,3.89E-07,3.83E-08,1.61694306613179,2.90198155865174,0.903222847799355,0.0266612303372402
676,4.24E-07,5.63E-08,1.68082884061478,2.86069276684459,0.915766888002311,0.017462239438196
677,5.94E-07,6.83E-08,1.62057571613027,2.97823339629671,0.924939577674938,0.0226653087952794
678,5.87E-07,6.36E-08,1.72241332017573,2.92134934011578,0.922971498657528,0.0283522344968781
679,6.99E-07,5.77E-08,1.80304340590974,3.05830447826239,0.928039833062588,0.0341621807750784
680,5.71E-07,5.10E-08,1.6202037351997,2.59717892382655,0.922466793815189,0.0225135753126701
681,4.66E-07,5.15E-08,1.73631525885596,2.75588139951704,0.918688271982309,0.0174960146322274
682,8.59E-07,6.26E-08,1.67597814701573,2.38753887382356,0.931565981816262,0.0359582412176823
683,6.65E-07,6.87E-08,1.69498357163145,2.72227893942896,0.927940738633553,0.0254297635535338
684,5.11E-07,6.95E-08,1.69549034956098,2.95544615842296,0.919515023187363,0.0168026996475847
685,9.51E-07,1.08E-07,1.59257072662715,2.9643830740909,0.926527959948475,0.0439013862537322
686,8.99E-07,1.17E-07,1.66903820008132,2.91408222944098,0.930306643473175,0.067696176207153
687,8.82E-07,8.37E-08,1.6819235211032,3.03331424427299,0.930058069629513,0.0249682705582218
688,4.65E-07,3.64E-08,1.70244890988185,2.80558569010713,0.913832453561668,0.0267133489289699
689,4.78E-07,3.91E-08,1.68799210732333,2.85381520607186,0.909902291888707,0.0273734663491562
690,4.04E-07,4.06E-08,1.71021020455666,2.71471946388338,0.909159126896854,0.0322400919762597
691,6.85E-07,4.57E-08,1.56449693044443,2.73934887318234,0.914315210279883,0.0441403121236844
692,3.11E-07,2.63E-08,1.78279089329632,2.71145181887006,0.897407973776955,0.0191037137114899
693,3.06E-07,2.39E-08,1.77531898142021,2.77950830108423,0.899065273018199,0.0173510981948876
694,4.10E-07,2.79E-08,1.73356040917906,2.7188411051175,0.902075214997345,0.023256004338325
695,3.09E-07,2.08E-08,1.76879975300026,2.44822687474138,0.894943590351778,0.0174967425809481
696,5.51E-07,6.54E-08,1.4658972391179,2.72831555649958,0.913821755420129,0.0216197798640323
697,5.80E-07,8.67E-08,1.57855471056875,2.81508927338324,0.921287075998552,0.026478027884694
698,4.87E-07,6.21E-08,1.51326151306981,2.72609885724504,0.90813888513126,0.0222243976033655
699,3.81E-07,5.68E-08,1.65492214233353,2.81669389091677,0.910187428139406,0.0193662313873729
700,5.38E-07,7.34E-08,1.69224295110174,2.74553292412931,0.923963004583275,0.017496277560644
701,6.06E-07,7.35E-08,1.6604076231786,2.7168675224655,0.923631368778407,0.023162015269115
702,6.28E-07,8.61E-08,1.70299951484911,2.48912962593065,0.926673831766148,0.0251189504327981
703,1.64E-06,1.45E-07,1.56409833830962,2.24528638796842,0.946877440063785,0.0705468630522961
704,8.02E-07,7.93E-08,1.65223650319665,3.0964847153567,0.922575954843551,0.0310209884934278
705,4.88E-07,7.02E-08,1.71753646548763,3.02187894723199,0.909569453718301,0.0171937755478999
706,3.28E-07,3.24E-08,1.78367253369857,2.63680701636861,0.902293613756223,0.0160050477624648
707,3.59E-07,4.04E-08,1.74313263422556,2.71389492589074,0.906350994883628,0.0169984667022903
708,3.64E-07,2.89E-08,1.70442270670629,2.48771073382855,0.897179004165044,0.0224083479012297
709,2.77E-07,2.88E-08,1.80023345623433,2.59844233437736,0.897381719772545,0.0132169948152928
710,3.53E-07,2.95E-08,1.79969324196075,2.73433630261067,0.894905263723652,0.0184388832885782
711,4.33E-07,3.43E-08,1.68503459006847,2.75118981027042,0.901526374251185,0.0213195011886319
712,5.24E-07,3.67E-08,1.69133931544579,2.75671557252321,0.905725312095907,0.0313225698328395
713,4.88E-07,3.74E-08,1.6962900266309,2.66177961708265,0.904537800216108,0.0354035669920159
714,9.39E-08,1.49E-08,1.84530371714324,2.44779311142291,0.890837548877029,0.00760190874354294
715,1.18E-07,1.60E-08,1.84939861358534,2.46376467799426,0.891748401381294,0.00829593691661201
716,1.60E-07,8.34E-09,1.84493396889523,2.19130876351429,0.890311159375804,0.0095168310326772
717,1.44E-07,1.09E-08,1.84666338984907,2.40270941092896,0.890492805837729,0.00919156692275913
718,3.37E-07,4.02E-08,1.76620151801097,2.84174443692484,0.908062885395703,0.015458796590256
719,7.24E-07,4.25E-08,1.27223629188984,2.44523380197028,0.911061089812968,0.0440486860112335
720,4.34E-07,3.03E-08,1.74126895792865,2.66117128603809,0.90062164424266,0.0232582352866306
721,4.46E-07,2.88E-08,1.84441411935967,2.78602632134842,0.906239176517686,0.0290759097397888
722,4.79E-07,3.60E-08,1.81885343110018,2.73424134699475,0.906127330481562,0.0293209437266275
723,5.48E-07,3.41E-08,1.84502319303136,2.78956741446586,0.905707548068507,0.0358432995987774
724,4.22E-07,3.19E-08,1.84623190550609,2.78078123396019,0.90038057560094,0.0288255498307962
725,3.53E-07,3.07E-08,1.74277741778733,2.76043281026551,0.901281656286188,0.0197307840189075
726,3.61E-07,2.94E-08,1.70916051111552,2.70449100788454,0.900568091321734,0.0199519583929965
727,3.69E-07,3.41E-08,1.66839665875216,2.75102100628704,0.90378423243264,0.0180199208962895
728,3.77E-07,3.23E-08,1.76019348512188,2.70467209718775,0.900300237758069,0.0238218257251049
729,5.08E-07,5.50E-08,1.72890331115701,2.86887270705199,0.918932451137994,0.020161848082212
730,9.90E-07,1.15E-07,1.59386681477601,3.03758026775452,0.93174334198606,0.0416370423214075
731,1.21E-06,9.05E-08,1.25470646723167,2.9836412862018,0.943062943210132,0.0460372812321394
732,4.77E-07,4.75E-08,1.77218439102046,2.83263279013218,0.920720063027148,0.0235186454100647
733,6.28E-07,7.04E-08,1.53226847544203,3.06517124141094,0.924968418164594,0.0245151362654641
734,4.61E-07,5.10E-08,1.60416222782823,3.05073132730741,0.917251178901615,0.0244849225139766
735,4.97E-07,5.30E-08,1.50935505919025,3.00267271538857,0.925436595217051,0.031297491635066
736,1.19E-06,1.36E-07,1.44596023086213,3.36109633600645,0.946700075523983,0.0408516746631747
737,6.68E-07,9.93E-08,1.62662896326405,2.8962271615372,0.920917423696192,0.0360214610181477
738,8.62E-07,9.07E-08,1.47752571436684,2.84157398962328,0.929959334001476,0.0333050554275315
739,5.24E-07,5.33E-08,1.67981484630611,2.91491180575804,0.922868977630685,0.0179789364468175
740,1.01E-06,1.05E-07,1.53994137767397,2.86995705476892,0.9356318443687,0.0510430649110669
741,2.64E-07,3.41E-08,1.76901467923075,3.07439621323606,0.90576036128797,0.0118173711132271
742,3.22E-07,3.31E-08,1.84077488064578,3.00334321174228,0.906654962569413,0.0154896331923499
743,3.89E-07,3.71E-08,1.81330240519848,3.0167175379828,0.906130879927671,0.0190707020170956
744,4.33E-07,3.73E-08,1.84435388806209,3.05361720416787,0.908431171995541,0.0190691679482123
745,5.44E-07,4.83E-08,1.65238904169429,2.8971464893803,0.915131727601197,0.026927010547027
746,4.21E-07,4.07E-08,1.6833928673291,2.60659259502968,0.908136343529259,0.0216952601155404
747,5.87E-07,5.32E-08,1.54293001248239,2.91349930355576,0.920119196997638,0.0367438903192815
748,6.29E-07,5.17E-08,1.53823891175739,2.56112512859683,0.917718276699991,0.0386669768868319
749,1.92E-07,2.13E-08,1.83627510831287,2.82447635883261,0.896290821793334,0.0120179559328512
750,2.38E-07,1.96E-08,1.86384262154466,2.73240815895027,0.896947904444725,0.0153406515049144
751,3.05E-07,1.97E-08,1.85732205003967,2.64096489512072,0.897287240923605,0.0185192480825607
752,3.19E-07,2.15E-08,1.86496529202181,2.66927589778231,0.896665740847862,0.0205026826751374
753,4.40E-07,4.10E-08,1.66260174910769,2.88973995466131,0.914204165600173,0.0237511266905897
754,3.03E-07,3.18E-08,1.74860951515207,2.82672619606739,0.900856263109053,0.0208735135803085
755,2.74E-07,2.87E-08,1.74132414971185,2.86015505290748,0.901329750050928,0.0206323863045418
756,3.88E-07,4.09E-08,1.69926177984588,2.80015272402341,0.905401768860381,0.0221077794113499
757,3.08E-07,2.51E-08,1.79147528583642,2.6987194557361,0.898678685164427,0.0174824291794008
758,3.36E-07,2.65E-08,1.75641570090423,2.70234319923267,0.900195667536158,0.0193266597601851
759,3.06E-07,2.54E-08,1.78310301262487,2.71026898454674,0.899312516904491,0.017452993852329
760,3.25E-07,2.86E-08,1.75977433997426,2.73645733996387,0.90053907975388,0.0181091240932114
761,4.72E-07,5.30E-08,1.60809542942614,2.92988209950011,0.917401480341027,0.0198403364893994
762,4.91E-07,5.45E-08,1.64906767021547,3.00616502595808,0.920108285630787,0.0205634791871849
763,4.01E-07,4.62E-08,1.58672706483137,2.84427737540572,0.917906653324783,0.0235156647324497
764,9.18E-07,8.76E-08,1.45709326501935,3.30398064582414,0.94038038621694,0.0325896319546811
765,1.96E-07,1.67E-08,1.82427972852979,2.77385447137961,0.895246713921694,0.0120139467526718
766,2.33E-07,1.63E-08,1.84158603899277,2.78318811143376,0.895701441573177,0.0123237006863591
767,2.67E-07,1.69E-08,1.83340147598137,2.69317872435755,0.894987737677702,0.014473551104213
768,2.58E-07,1.96E-08,1.8416321981464,2.72916552897745,0.894575537472167,0.0172585330212016
769,7.23E-07,7.04E-08,1.58160931202592,3.02125396813512,0.930496825087936,0.0272665021380819
770,4.26E-07,4.48E-08,1.66957270205127,3.01764632145229,0.916890552954947,0.0203789961631803
771,3.57E-07,3.92E-08,1.6704608854507,2.98622967808443,0.92038710204057,0.0250706566659915
772,1.19E-06,1.19E-07,1.43117852158846,3.31740306064319,0.948622143039513,0.0391604609958257
773,5.88E-07,7.63E-08,1.70871817151128,2.83693251641201,0.924922376997834,0.0231478690377555
774,4.14E-07,5.74E-08,1.73603080605555,2.65657160438852,0.915611030168162,0.0170216215801758
775,5.79E-07,7.77E-08,1.70152652336662,2.88741061429073,0.924781583538861,0.0237496751328552
776,5.17E-07,7.66E-08,1.73561065401329,2.80938039591794,0.920723070641318,0.0288118412294101
777,5.38E-07,7.34E-08,1.69224295110174,2.74553292412931,0.923963004583275,0.017496277560644
778,6.06E-07,7.35E-08,1.6604076231786,2.7168675224655,0.923631368778407,0.023162015269115
779,6.28E-07,8.61E-08,1.70299951484911,2.48912962593065,0.926673831766148,0.0251189504327981
780,1.64E-06,1.45E-07,1.56409833830962,2.24528638796842,0.946877440063785,0.0705468630522961
781,3.36E-07,5.37E-08,1.74488190064979,2.65601673104718,0.909200270564157,0.0129998997397176
782,4.58E-07,6.11E-08,1.71361473511069,2.75475770841304,0.91564179408874,0.0171856074484249
783,9.78E-07,6.72E-08,1.5005296656902,3.09565528636763,0.929062959903482,0.0388555158544126
784,1.61E-06,1.23E-07,1.46195025356328,2.8078045641997,0.944321274299574,0.0435995124866132
785,1.92E-07,2.08E-08,1.82242020593015,2.70810072305092,0.89071732679537,0.0110238497211309
786,2.38E-07,1.94E-08,1.73109167093592,2.66517541728829,0.891781123390407,0.0129417154153131
787,2.26E-07,1.99E-08,1.7711256468127,2.6893838493041,0.892415339435972,0.0116489891342975
788,1.57E-07,2.36E-08,1.83259835919577,2.74220781425424,0.889658084604252,0.00998085400104243
789,2.40E-07,2.60E-08,1.80740361053116,2.73487221081138,0.897520070546259,0.0149515940800656
790,2.50E-07,2.63E-08,1.78367925215337,2.85054730666889,0.900977772122703,0.01486026860889
791,2.97E-07,3.36E-08,1.72633130008914,2.90299296306912,0.906866079828452,0.0205815479023793
792,2.46E-07,2.66E-08,1.80356817412682,2.78269313629124,0.898496198392303,0.0161826438176843
793,3.06E-07,3.05E-08,1.82212643600212,2.9172268821494,0.899349637338476,0.0208889456603624
794,3.34E-07,2.78E-08,1.76725021873929,2.81404655703049,0.900503733356375,0.0253247377723534
795,4.50E-07,3.22E-08,1.83343118700272,2.88499934959484,0.90196253279403,0.0294441161982545
796,4.17E-07,3.28E-08,1.63972738581345,2.94278046459342,0.907340984936237,0.0281865408373456
797,5.68E-07,5.91E-08,1.59892350884474,3.05034629262615,0.924927686259182,0.0207445863488469
798,4.19E-07,5.40E-08,1.75715205856352,3.03895001948467,0.915965152959697,0.0146269033996248
799,6.03E-07,6.36E-08,1.64780737133135,3.16579059786805,0.924627627896872,0.0321075452794956
800,5.28E-07,4.97E-08,1.68324038992385,3.23250511512094,0.920336472362996,0.0297055476538657
801,5.03E-07,3.63E-08,1.66933924869234,2.87147915406342,0.909478456570843,0.0250080533009005
802,2.91E-07,2.83E-08,1.76130785721081,2.91879030710706,0.901402750094097,0.0147945370981629
803,4.56E-07,3.92E-08,1.74772080093895,2.86697221863428,0.909912086540655,0.0252967314344059
804,4.09E-07,2.75E-08,1.85324545248637,2.87917274944522,0.899191187510597,0.0299885607835191
805,4.41E-07,3.15E-08,1.73463631718184,2.83821883693808,0.908938808303519,0.0212426633486378
806,3.78E-07,3.01E-08,1.75432878360867,2.82049711378624,0.905928691987255,0.0153068979880149
807,4.05E-07,2.97E-08,1.62184124630732,2.51999080468247,0.907987449109302,0.0269096408956252
808,4.53E-07,3.82E-08,1.69349128126501,2.60089463862951,0.913637291044344,0.0207975756872346
809,4.14E-07,2.99E-08,1.65042404310242,2.90635267033544,0.908092963610866,0.0234546936752856
810,4.33E-07,2.86E-08,1.67341180723121,2.92262534245855,0.910117015389966,0.0253842772993929
811,5.21E-07,3.30E-08,1.55539157720973,2.94722620491673,0.912241784864108,0.0305916827546955
812,5.73E-07,3.10E-08,1.66305048843738,2.83726325169805,0.913898644995803,0.041009910663057
813,2.02E-07,1.72E-08,1.84471089574174,2.73208855845138,0.895763985826146,0.0132862975232162
814,2.20E-07,1.70E-08,1.86782345479714,2.62209663418006,0.893222791047172,0.0151741658938516
815,2.71E-07,1.71E-08,1.8644349553748,2.51583707290661,0.891900610284911,0.0209896605478264
816,3.07E-07,1.88E-08,1.85826347194782,2.67343056520592,0.896943659919921,0.0233875300870886
817,5.78E-07,6.19E-08,1.6359626778976,2.68803076469932,0.917480727581604,0.0194492222981432
818,6.34E-07,9.11E-08,1.60063395226665,2.70804878298922,0.920487476047703,0.0370010983390079
819,4.26E-07,4.32E-08,1.5504317748422,2.78317950432153,0.912936813466446,0.0169966098650615
820,6.78E-07,8.60E-08,1.65495551508322,2.83779897424616,0.926166746417802,0.0330079733997717
821,4.39E-07,3.04E-08,1.696054634848,2.87471377320549,0.905921224407147,0.0238845997155878
822,3.80E-07,3.21E-08,1.71105138044556,2.8963463790846,0.91018224845209,0.0193262692326021
823,4.78E-07,3.00E-08,1.65685598503711,2.84689083257911,0.908338726667717,0.0276626525429646
824,4.61E-07,3.36E-08,1.64977584804844,3.01276168404398,0.912246935058771,0.0307020884418586
825,3.59E-07,3.53E-08,1.71425790381633,2.65682557148566,0.910112392352021,0.0202045992259767
826,8.37E-07,7.28E-08,1.56793772517717,2.76710863463664,0.928680639326517,0.0416805285089923
827,5.92E-07,4.94E-08,1.61969196352601,2.67432223230201,0.923605277482043,0.0284077532525462
828,5.78E-07,4.56E-08,1.66364854710416,2.65298505219466,0.918927774626455,0.0303061952282259
829,2.49E-07,9.57E-09,1.65948567984676,2.58637674409548,0.8985496267584,0.0145263637440555
830,2.35E-07,1.21E-08,1.60769746163717,2.67384988892835,0.897051095191917,0.0138556168235542
831,3.12E-07,1.11E-08,1.80129998413026,2.60793235639148,0.904821245102627,0.0323924926367089
832,2.62E-07,1.14E-08,1.81248605644556,2.62334722009577,0.900449979758339,0.0268175196808572
833,5.57E-07,2.65E-08,1.41923412892183,2.7184002030013,0.899934854097906,0.0333768231029163
834,4.40E-07,2.59E-08,1.51032221830597,2.65230050586735,0.898268604940984,0.0253448946219701
835,3.52E-07,2.20E-08,1.56167309922091,2.56691443253147,0.894092750200667,0.0234606594584031
836,5.68E-07,3.06E-08,1.42500465555361,2.55914102293791,0.901308303059854,0.038367824036159
837,3.17E-07,2.60E-08,1.69185321464934,2.77481442816093,0.904902021521207,0.0172421024467667
838,3.70E-07,4.61E-08,1.64831188221656,2.84855668160458,0.910960451871512,0.014234358409436
839,1.04E-06,1.12E-07,1.47945191243732,2.84744693851615,0.930534492117771,0.0294806428907835
840,1.11E-06,1.44E-07,1.55514540383371,2.88306622810208,0.933369562836566,0.0590114354706673
841,3.57E-07,2.52E-08,1.84571019919021,2.89707417314402,0.89461827443737,0.021839391840801
842,2.50E-07,2.46E-08,1.85395223576837,2.89013085568436,0.892232281757227,0.015047205827851
843,4.28E-07,2.80E-08,1.81755611550119,2.97645067380302,0.898372875955742,0.0271282671055599
844,3.62E-07,2.79E-08,1.83985746490804,2.9297757714247,0.895084474006077,0.0231292060582045
845,3.20E-07,2.73E-08,1.68980420457528,2.77071683897591,0.89603796477651,0.01728675127113
846,3.39E-07,2.72E-08,1.52640781946379,2.71723760602091,0.89469771697149,0.0201453816974642
847,3.76E-07,3.01E-08,1.66814811418501,2.75029558147531,0.897311550964594,0.0216264649135395
848,3.80E-07,3.43E-08,1.70915968476297,2.80885129106527,0.895496823149849,0.0219012901258696
849,2.69E-07,1.58E-08,1.77755142525961,2.68976989920042,0.895972716311118,0.0171555129950947
850,2.35E-07,1.62E-08,1.74019548691427,2.77703298509815,0.89737048162009,0.0160795883850041
851,3.96E-07,1.79E-08,1.81271802873993,2.53100583928279,0.89741580018361,0.0323787315005873
852,3.11E-07,1.97E-08,1.71358871180993,2.84623038476172,0.904749259243964,0.0206195710044119
853,3.84E-07,2.95E-08,1.78485225335852,2.93914003034277,0.91002238965492,0.0209803535428007
854,3.79E-07,2.86E-08,1.74718370488411,2.9028253113089,0.912262238793657,0.0212235740247891
855,3.70E-07,3.03E-08,1.71208532746461,2.94202990421874,0.909376430073313,0.0296089694224411
856,2.95E-07,2.61E-08,1.81944039304239,2.91137888886549,0.905090048077377,0.0182513836277266
857,5.22E-07,3.28E-08,1.71079607469042,2.80952992107932,0.908828074926489,0.0265710829943268
858,3.62E-07,3.05E-08,1.79076952980572,2.82637734371643,0.904035676556531,0.0204075767958324
859,5.25E-07,4.12E-08,1.73357185289755,2.7491691323998,0.911440680464299,0.0306314897749918
860,4.97E-07,3.34E-08,1.83638137891862,2.91263537445378,0.90657283144185,0.0316239308629263
861,3.66E-07,2.92E-08,1.83631185126602,2.7702525712628,0.906812817520194,0.0219980426015909
862,2.88E-07,2.77E-08,1.84910836876787,2.78134308931065,0.904288025063959,0.0170859046599755
863,8.44E-07,4.58E-08,1.58992694209325,2.63955502596701,0.923220113891415,0.0479048597741864
864,4.22E-07,2.81E-08,1.82136972934893,2.68538729612626,0.907619051303344,0.0259452132272203
865,2.64E-07,3.41E-08,1.76901467923075,3.07439621323606,0.90576036128797,0.0118173711132271
866,3.22E-07,3.31E-08,1.84077488064578,3.00334321174228,0.906654962569413,0.0154896331923499
867,3.89E-07,3.71E-08,1.81330240519848,3.0167175379828,0.906130879927671,0.0190707020170956
868,4.33E-07,3.73E-08,1.84435388806209,3.05361720416787,0.908431171995541,0.0190691679482123
869,2.57E-07,2.57E-08,1.84240570455012,2.94560962816781,0.9004347185354,0.0140028010492046
870,7.63E-07,5.70E-08,1.48424805244703,2.96382466648791,0.928223542516564,0.0392273385476039
871,3.84E-07,3.20E-08,1.81416157650575,2.8944665990965,0.906103956619291,0.0210667715712847
872,6.31E-07,5.26E-08,1.54831955538383,2.98286773341639,0.925895801254939,0.0324530056110869
873,6.93E-07,9.54E-08,1.55585009525898,2.63503943424525,0.924934138125801,0.0388085462547022
874,8.48E-07,1.04E-07,1.53988099080421,2.62290160389357,0.932750742850909,0.0314864010281639
875,6.63E-07,7.42E-08,1.57517903675141,2.71140761338293,0.924600588842129,0.0215406876570007
876,8.15E-07,1.10E-07,1.63480809842669,2.75586650699884,0.931376850674366,0.0421750282629559
877,3.68E-07,3.22E-08,1.76383686049421,2.58691614375587,0.907323345809845,0.0198868805711238
878,5.68E-07,4.18E-08,1.71251235940659,2.68049126790982,0.914182282207879,0.0256642750466672
879,4.73E-07,4.15E-08,1.74027594299513,2.56802889359937,0.912187126111142,0.023422413362352
880,4.91E-07,3.97E-08,1.7244664271342,2.56985185556238,0.911196288759064,0.0246680333986222
881,3.28E-07,3.24E-08,1.78367253369857,2.63680701636861,0.902293613756223,0.0160050477624648
882,3.59E-07,4.04E-08,1.74313263422556,2.71389492589074,0.906350994883628,0.0169984667022903
883,3.64E-07,2.89E-08,1.70442270670629,2.48771073382855,0.897179004165044,0.0224083479012297
884,2.77E-07,2.88E-08,1.80023345623433,2.59844233437736,0.897381719772545,0.0132169948152928
885,2.55E-07,2.26E-08,1.83601003765959,2.78771285774787,0.895766157904134,0.0148636744444492
886,2.88E-07,2.52E-08,1.86235451380721,2.73528005712823,0.895152173688413,0.0183528793067185
887,2.98E-07,2.46E-08,1.87192807436153,2.67248011643548,0.891884863392279,0.020701856185713
888,3.01E-07,2.76E-08,1.86897444328439,2.71506395019779,0.894890013595383,0.0196396073000907
889,2.55E-07,2.26E-08,1.83601003765959,2.78771285774787,0.895766157904134,0.0148636744444492
890,2.88E-07,2.52E-08,1.86235451380721,2.73528005712823,0.895152173688413,0.0183528793067185
891,2.98E-07,2.46E-08,1.87192807436153,2.67248011643548,0.891884863392279,0.020701856185713
892,3.01E-07,2.76E-08,1.86897444328439,2.71506395019779,0.894890013595383,0.0196396073000907
893,4.00E-07,3.76E-08,1.66632569184956,2.89783407022796,0.907536655821965,0.0244255124901461
894,2.77E-07,2.93E-08,1.71200446583214,2.89443474801564,0.899236052672634,0.0236039258527695
895,3.30E-07,3.46E-08,1.66187551335503,2.86325490708311,0.903585622707454,0.0275478028556057
896,3.89E-07,3.83E-08,1.61694306613179,2.90198155865174,0.903222847799355,0.0266612303372402
897,4.91E-07,4.83E-08,1.71489289840433,3.17572150549761,0.915208483925032,0.0250073831720286
898,4.23E-07,4.66E-08,1.75617461056455,3.14493221675462,0.912305589878997,0.0198150934186468
899,6.08E-07,5.78E-08,1.62235831392405,3.30735476445671,0.925971412992064,0.0275120724202956
900,6.75E-07,5.67E-08,1.70223053682945,3.19986334089657,0.922431772545086,0.0331902979298271
901,6.13E-07,5.98E-08,1.56373940748783,2.93506809822516,0.925691683006043,0.0263292136996507
902,5.28E-07,5.11E-08,1.55516365316475,2.93497631872131,0.919111659343254,0.0230245701553617
903,7.67E-07,7.09E-08,1.41375808323651,3.01257981034988,0.93042939990532,0.0342022262801265
904,6.31E-07,6.18E-08,1.4643794141871,2.99345727684569,0.925018417834439,0.0295732745501625
905,6.80E-07,9.34E-08,1.60106271573015,2.85905390648115,0.927944086025516,0.0324444131115368
906,7.05E-07,8.77E-08,1.6044132958253,2.96157295346672,0.930819840640445,0.0256337135992106
907,7.53E-07,9.51E-08,1.60103378995763,2.50961618727071,0.92810779528504,0.032540870601949
908,5.39E-07,5.80E-08,1.69563693547904,2.66979141887203,0.919333805141136,0.0185514362852622
909,2.90E-07,2.49E-08,1.83885940901492,2.85024955634805,0.898664317771229,0.0159282660508766
910,2.97E-07,2.28E-08,1.84521090262039,2.76510069613741,0.896203096248259,0.0161958603519001
911,3.71E-07,2.66E-08,1.76283227076147,2.75587580732581,0.898027790209054,0.0246181885200159
912,3.86E-07,2.52E-08,1.71872831104789,2.69759505865484,0.898090325978339,0.0296041130488732
913,3.58E-07,3.15E-08,1.6949189794075,2.74663184127695,0.904371296088936,0.0224938483474519
914,3.55E-07,3.27E-08,1.71644742813192,2.73701541392473,0.903448890348871,0.0226027130254778
915,3.33E-07,3.17E-08,1.65950703437342,2.74788161758885,0.903688574399877,0.0220402038349862
916,3.79E-07,3.28E-08,1.69510720490731,2.69396995839085,0.904809307928204,0.0238229394420664
917,4.89E-07,2.95E-08,1.61011710377342,2.90693308473079,0.910020666528866,0.029146277017612
918,4.93E-07,3.05E-08,1.65670630333654,2.90414689472431,0.908354079000544,0.0284930883478562
919,2.05E-07,1.88E-08,1.77936072788187,2.56864797635807,0.891339986866376,0.014275375781131
920,3.66E-07,2.78E-08,1.8190528021419,2.70824690108317,0.902220363477655,0.0321469219764813
921,2.47E-07,2.22E-08,1.711325153136,2.8434389196345,0.895999139257204,0.0151759511037832
922,1.87E-07,2.33E-08,1.79877863981101,2.85063924473603,0.892822116043858,0.0141480210267068
923,2.09E-07,2.58E-08,1.78467898012292,2.86946410207219,0.892459310685752,0.0136947166448779
924,2.14E-07,2.55E-08,1.76300187639714,2.82057176831952,0.891238147129153,0.0136261020319388
925,5.02E-07,3.20E-08,1.83678212779473,3.01318932396268,0.903899241048005,0.0279842138666706
926,6.14E-07,3.71E-08,1.81266835058446,3.01895664754564,0.906538004570714,0.027987420434941
927,4.37E-07,3.46E-08,1.83019899063317,3.0071935833395,0.904084546176197,0.0214059354401935
928,3.09E-07,2.75E-08,1.83159321804126,2.9996599632072,0.901822417189592,0.0167060068053788
929,6.57E-07,6.48E-08,1.57826759478304,2.88757718309849,0.934931654331164,0.0257288775733374
930,2.99E-07,3.29E-08,1.73044359859625,2.8759301814294,0.913087569616426,0.0150474007998106
931,9.88E-07,8.99E-08,1.45706869868998,2.84211159148564,0.942445703453992,0.0378878847521543
932,5.05E-07,5.31E-08,1.60478309029102,3.02975523551211,0.924861812317297,0.026988347464759
933,6.29E-07,4.74E-08,1.66965646627079,2.73091271263828,0.924475320059622,0.0280192353714709
934,8.50E-07,6.00E-08,1.58787229352042,2.5961492057703,0.937899784071984,0.0290928338568147
935,4.41E-07,3.71E-08,1.70694255373548,2.64207452890437,0.914415154369559,0.0234113329272565
936,6.91E-07,6.00E-08,1.61278099355641,2.70351338262945,0.931575966001,0.0290692342700081
937,4.60E-07,2.89E-08,1.79412008895886,2.7357342807845,0.914189902704202,0.0261964058638019
938,3.76E-07,2.70E-08,1.80015482775932,2.63374920407539,0.909799380790277,0.0206908114419323
939,3.66E-07,2.78E-08,1.81074632746185,2.67986721284351,0.911125887385221,0.0252898772987042
940,3.28E-07,2.51E-08,1.79050388070988,2.61738295876024,0.909219837075456,0.0198065478475286
941,4.12E-07,3.97E-08,1.71834981314203,3.03681816521665,0.912095882022025,0.0228556058251238
942,2.98E-07,3.33E-08,1.80180593322112,2.94023728349718,0.901339968898188,0.0209654290697278
943,3.03E-07,3.69E-08,1.72515488120871,2.98008712369951,0.904314893447373,0.0263983408458746
944,4.51E-07,4.39E-08,1.67025387264132,2.85287492320872,0.907694433699903,0.0298442498499087
945,1.85E-07,1.58E-08,1.83325137242037,2.81906721302848,0.896036288192998,0.0113617867717105
946,2.05E-07,1.70E-08,1.85914593909781,2.7804316529949,0.894485038851172,0.0132381008199748
947,2.83E-07,1.88E-08,1.84772556633597,2.64789186093623,0.893553911704923,0.0190193143579094
948,2.64E-07,1.74E-08,1.85591632407955,2.71847518426184,0.894093511743106,0.0165542399713784
949,9.39E-08,1.49E-08,1.84530371714324,2.44779311142291,0.890837548877029,0.00760190874354294
950,1.18E-07,1.60E-08,1.84939861358534,2.46376467799426,0.891748401381294,0.00829593691661201
951,1.60E-07,8.34E-09,1.84493396889523,2.19130876351429,0.890311159375804,0.0095168310326772
952,1.44E-07,1.09E-08,1.84666338984907,2.40270941092896,0.890492805837729,0.00919156692275913
953,3.41E-07,2.46E-08,1.77372602075814,2.86583347047515,0.898476908060229,0.0185385714203293
954,2.45E-07,2.28E-08,1.78684104362504,2.79530469440887,0.892630871551992,0.0141014682378665
955,3.73E-07,2.65E-08,1.78839294887076,2.85506189116402,0.897402242299821,0.022426898876736
956,2.58E-07,1.57E-08,1.81348558182941,2.60727356669176,0.89020545636868,0.0161705110347652
957,3.36E-07,5.37E-08,1.74488190064979,2.65601673104718,0.909200270564157,0.0129998997397176
958,4.58E-07,6.11E-08,1.71361473511069,2.75475770841304,0.91564179408874,0.0171856074484249
959,9.78E-07,6.72E-08,1.5005296656902,3.09565528636763,0.929062959903482,0.0388555158544126
960,1.61E-06,1.23E-07,1.46195025356328,2.8078045641997,0.944321274299574,0.0435995124866132
961,3.36E-07,2.69E-08,1.69687991409116,2.80496412923363,0.899712055639878,0.0216790094605348
962,3.87E-07,3.10E-08,1.77535832264846,2.99275156315421,0.90258775106776,0.0272278113084605
963,3.47E-07,3.07E-08,1.72065788537241,3.0023770399183,0.901527052642811,0.0199542442178211
964,3.49E-07,2.88E-08,1.66187668015414,3.00551083394514,0.90238672167574,0.0224253755601072
965,3.22E-07,2.87E-08,1.80728578709947,2.96160082549933,0.899122569666125,0.0179306176224082
966,3.54E-07,3.00E-08,1.72611325897519,2.87820504527071,0.902174211121949,0.0224522469272347
967,4.30E-07,3.11E-08,1.79776036332436,2.91771673520455,0.899067403250729,0.0303650868746233
968,4.07E-07,3.47E-08,1.65470175167655,2.98977556786055,0.907650571489915,0.0256522354025852
969,6.54E-07,6.43E-08,1.42327445009947,3.10766087932005,0.926647216071799,0.0273105551027167
970,3.81E-07,5.03E-08,1.54465447047708,3.06108513668636,0.912266162252863,0.0154897455992157
971,1.61E-06,1.36E-07,1.34525842003097,3.43087702383187,0.958452289125744,0.0645770719479918
972,6.46E-07,6.15E-08,1.33921875921575,2.98326659827193,0.92321889924498,0.0294441861732224
973,2.60E-07,2.08E-08,1.82947583873954,2.86639635687958,0.895970744735712,0.0125914576135311
974,3.81E-07,2.64E-08,1.60041937175159,2.73807918786351,0.89665238221798,0.0311173184368448
975,2.42E-07,2.37E-08,1.84098991650552,2.75490474223681,0.892383425732465,0.0131718930901142
976,2.61E-07,2.34E-08,1.72929812678275,2.7767259316293,0.893655226084487,0.0248382463890363
977,1.97E-07,2.39E-08,1.67217950535423,2.84211248837965,0.894441885395408,0.0113497546456175
978,4.36E-07,3.64E-08,1.40421039473893,2.86601688751424,0.902597146191236,0.0280031754156028
979,4.00E-07,3.35E-08,1.4394405186934,2.86432014563863,0.903158040009303,0.0202628548302587
980,3.14E-07,3.13E-08,1.53112748924934,2.90654313380431,0.897911953068376,0.017473819589901
981,6.75E-07,7.17E-08,1.53048229216546,2.94387180635021,0.924114223044129,0.0295445557056357
982,5.31E-07,6.73E-08,1.65179781008179,2.91903886963542,0.918436744465569,0.0240228714684013
983,5.40E-07,7.42E-08,1.56727330505761,2.92880960013229,0.922518010141957,0.0235844133293528
984,1.14E-06,1.23E-07,1.46632135873481,3.10650256252973,0.94839568354946,0.0342544198066967
985,2.98E-07,2.31E-08,1.73591983437515,2.63770621845546,0.892927222278534,0.0160201391044159
986,3.11E-07,2.31E-08,1.73369047312176,2.6777832662826,0.895516672292921,0.0163776097471493
987,2.28E-07,2.55E-08,1.76812274959264,2.64062829909099,0.891045879098916,0.0144018687286513
988,3.50E-07,2.21E-08,1.72978463582971,2.58683264069025,0.8907178332477,0.0195298012851421
989,4.34E-07,3.26E-08,1.64801113498343,2.60254261401308,0.904026208170899,0.0209692204865791
990,4.77E-07,3.63E-08,1.56671057629949,2.59487356346362,0.907897111805392,0.0235078810280711
991,4.42E-07,3.28E-08,1.67942780756751,2.53851128238858,0.902668902432417,0.0215178349660771
992,3.63E-07,3.57E-08,1.66995294610866,2.7820193479694,0.903821412162086,0.0202947347514443
993,7.71E-07,9.99E-08,1.62987703144181,2.70066673307599,0.92725805047694,0.0431690487163954
994,4.39E-07,3.73E-08,1.73229070928715,2.46756851431945,0.916509186168329,0.0200193754170133
995,5.34E-07,3.28E-08,1.7310000276419,2.44363782315987,0.916828382300487,0.0309515247025279
996,1.17E-06,1.17E-07,1.70184082684104,2.39548963365425,0.936637086180879,0.0846999155766416
997,4.11E-07,4.81E-08,1.72356095783575,2.7478435834036,0.918683075255335,0.0177207630028479
998,4.57E-07,4.50E-08,1.69346745859615,2.83730765704263,0.920951244784458,0.0173916882740142
999,3.47E-07,5.01E-08,1.84655600733782,2.87866816891392,0.900800834510899,0.0265323186343466
1000,4.87E-07,3.92E-08,1.66542985186433,2.76909362639996,0.919743673894607,0.0204799322338791
1001,3.59E-07,3.53E-08,1.71425790381633,2.65682557148566,0.910112392352021,0.0202045992259767
1002,8.37E-07,7.28E-08,1.56793772517717,2.76710863463664,0.928680639326517,0.0416805285089923
1003,5.92E-07,4.94E-08,1.61969196352601,2.67432223230201,0.923605277482043,0.0284077532525462
1004,5.78E-07,4.56E-08,1.66364854710416,2.65298505219466,0.918927774626455,0.0303061952282259
1005,2.51E-07,3.15E-08,1.80800883356047,2.9986985677365,0.902348554363101,0.0138464474609884
1006,3.73E-07,3.22E-08,1.53646194420335,2.77064344864958,0.905773102108661,0.0284666024485877
1007,3.29E-07,3.19E-08,1.82167278620836,3.0025243622599,0.904422877726592,0.0190347426420031
1008,5.64E-07,3.76E-08,1.40058382165676,2.60299222870417,0.901647813269341,0.0404804526665568
1009,3.80E-07,3.15E-08,1.74575596203145,2.81178918612699,0.903403941323095,0.02122295066791
1010,4.42E-07,3.50E-08,1.68399181224523,2.89833100010511,0.908099812176685,0.0257440417888364
1011,4.49E-07,3.73E-08,1.68405285456426,2.78087061358015,0.906488503198681,0.0257191403267363
1012,4.31E-07,4.00E-08,1.69358010277965,2.90262891643796,0.907452163995966,0.0260948100233029
1013,3.11E-07,2.63E-08,1.78279089329632,2.71145181887006,0.897407973776955,0.0191037137114899
1014,3.06E-07,2.39E-08,1.77531898142021,2.77950830108423,0.899065273018199,0.0173510981948876
1015,4.10E-07,2.79E-08,1.73356040917906,2.7188411051175,0.902075214997345,0.023256004338325
1016,3.09E-07,2.08E-08,1.76879975300026,2.44822687474138,0.894943590351778,0.0174967425809481
1017,3.11E-07,2.84E-08,1.75614588132368,2.66200104961359,0.895599143563769,0.0243490136386825
1018,2.92E-07,2.93E-08,1.75876820048257,2.66521268633999,0.896538746195202,0.0222799734478859
1019,3.61E-07,3.38E-08,1.72452149923519,2.69858748077118,0.899662407126976,0.0260759962419715
1020,4.29E-07,3.61E-08,1.67138374995961,2.69795476219986,0.904223408699242,0.0289618689398883
1021,2.50E-07,2.79E-08,1.67847153292625,2.91897372539464,0.897060612922866,0.013317360674076
1022,2.75E-07,2.81E-08,1.67271836207685,2.83274731550264,0.900660031193945,0.0155992541111742
1023,3.28E-07,3.33E-08,1.62117647951542,2.72656789689088,0.901549812914707,0.0203061850479711
1024,3.74E-07,3.92E-08,1.59162584582002,2.79441462772138,0.904132275469969,0.0210878712294811
1025,3.53E-07,2.56E-08,1.65656328603084,2.76899229373169,0.907286090988827,0.0246632088172795
1026,3.01E-07,2.27E-08,1.69974770435974,2.75951260602622,0.906167971472041,0.0187665514436496
1027,3.67E-07,2.71E-08,1.60110756351267,2.68509161874509,0.913321830427633,0.0236418951106081
1028,3.50E-07,2.47E-08,1.65867595392508,2.76186071187386,0.907080038989301,0.02370141440651
1029,2.45E-07,2.01E-08,1.80126903050489,2.712109490647,0.89509717820449,0.0154464369575649
1030,3.42E-07,2.09E-08,1.72206365578168,2.65406224047568,0.898812175736125,0.0225810187318473
1031,2.68E-07,2.36E-08,1.79700106280716,2.72445722510089,0.894499057500781,0.0163110821524362
1032,2.84E-07,2.33E-08,1.75773638992221,2.80333609628853,0.896966890317476,0.016440714501465
1033,3.61E-07,4.40E-08,1.74469420329107,2.96138068914472,0.909819503110009,0.0158449565562134
1034,5.72E-07,6.73E-08,1.56988122620123,3.23750751758631,0.921640278734247,0.0206564046261095
1035,4.38E-07,4.83E-08,1.77301159941013,2.93178139170221,0.909517448431552,0.0169155776986313
1036,5.04E-07,5.78E-08,1.70598736607155,3.0922405151893,0.919148959590497,0.0191695468413419
1037,3.85E-07,4.30E-08,1.76831522739678,2.87373807765279,0.901865199418749,0.0219005762001158
1038,4.33E-07,3.52E-08,1.82008126851928,2.81748113116688,0.900407308587194,0.0292803410603884
1039,5.09E-07,3.39E-08,1.76060538083995,2.81483178653174,0.905020094312654,0.028405039323925
1040,4.26E-07,3.24E-08,1.73829962660745,2.85572331838005,0.900594343829168,0.0304306037029352
1041,3.74E-07,4.27E-08,1.70769883515567,2.8302118178162,0.906714520324268,0.0199939345136219
1042,4.50E-07,4.59E-08,1.70815076924113,2.81470376681931,0.90717547050502,0.024413042972347
1043,8.97E-07,6.07E-08,1.56827294470208,2.87204464950646,0.923241550003083,0.0481569925778251
1044,8.13E-07,6.26E-08,1.52822405168065,2.89815662289531,0.922787534081806,0.0551401865172977
1045,3.24E-07,2.49E-08,1.85268831509374,2.79406735582738,0.899303797168924,0.0240162544830386
1046,3.39E-07,3.36E-08,1.84331666570497,2.89182853991188,0.901660100947666,0.02130815272838
1047,3.85E-07,3.07E-08,1.74537039648156,2.89155279861487,0.900922172767868,0.0274466262789427
1048,3.68E-07,2.85E-08,1.80893709459691,2.79567132395514,0.895442515535591,0.0279567780052659
1049,2.99E-07,2.94E-08,1.78655838839012,2.8532243691079,0.902229007366595,0.0165429903764635
1050,2.88E-07,2.69E-08,1.75351801726141,2.84878027455455,0.89972595441383,0.013286707223111
1051,2.83E-07,2.72E-08,1.72824900224521,2.86190991827915,0.905759841386715,0.0154933281566424
1052,4.41E-07,2.61E-08,1.69681676802277,2.83440063682851,0.904616622172187,0.0226963370007351
1053,3.66E-07,3.14E-08,1.76508248013537,2.89086671730553,0.9051099271115,0.0216897851749728
1054,4.11E-07,3.26E-08,1.7021807779186,2.82666403148521,0.908076595973445,0.0239872435112292
1055,4.66E-07,3.41E-08,1.69258473850126,2.84399421150225,0.909092236416256,0.0242665023173424
1056,3.99E-07,3.23E-08,1.6938720654589,2.89634130317181,0.906295182587214,0.0233216725972158
1057,2.99E-07,2.94E-08,1.78655838839012,2.8532243691079,0.902229007366595,0.0165429903764635
1058,2.88E-07,2.69E-08,1.75351801726141,2.84878027455455,0.89972595441383,0.013286707223111
1059,2.83E-07,2.72E-08,1.72824900224521,2.86190991827915,0.905759841386715,0.0154933281566424
1060,4.41E-07,2.61E-08,1.69681676802277,2.83440063682851,0.904616622172187,0.0226963370007351
1061,8.85E-07,6.34E-08,1.50216560781405,2.87732535484688,0.939386596586458,0.0336966849970373
1062,8.00E-07,5.43E-08,1.53364657787343,2.96012099984277,0.939463823985707,0.0329998046338176
1063,6.01E-07,4.98E-08,1.63326632951821,2.86871498938856,0.933635738718963,0.0301328967861993
1064,9.05E-07,5.90E-08,1.25559953472687,3.02404610538403,0.944329909836083,0.0373634983931345
1065,2.02E-07,1.72E-08,1.84471089574174,2.73208855845138,0.895763985826146,0.0132862975232162
1066,2.20E-07,1.70E-08,1.86782345479714,2.62209663418006,0.893222791047172,0.0151741658938516
1067,2.71E-07,1.71E-08,1.8644349553748,2.51583707290661,0.891900610284911,0.0209896605478264
1068,3.07E-07,1.88E-08,1.85826347194782,2.67343056520592,0.896943659919921,0.0233875300870886
1069,3.06E-07,3.05E-08,1.82212643600212,2.9172268821494,0.899349637338476,0.0208889456603624
1070,3.34E-07,2.78E-08,1.76725021873929,2.81404655703049,0.900503733356375,0.0253247377723534
1071,4.50E-07,3.22E-08,1.83343118700272,2.88499934959484,0.90196253279403,0.0294441161982545
1072,4.17E-07,3.28E-08,1.63972738581345,2.94278046459342,0.907340984936237,0.0281865408373456
1073,2.79E-07,1.80E-08,1.77406307572225,2.56908764205967,0.900202555854863,0.017867205436164
1074,2.89E-07,2.00E-08,1.70825704719498,2.54972957252598,0.897126566293613,0.0172165367859866
1075,2.07E-07,1.72E-08,1.78888358997546,2.49366594897578,0.891662872644203,0.0134838833032911
1076,3.00E-07,2.09E-08,1.73842048804459,2.60270957920796,0.897766382537078,0.0182530084424222
1077,3.16E-07,2.66E-08,1.70359542733847,2.73910272192884,0.899320412860798,0.0309283796832958
1078,3.44E-07,2.76E-08,1.67909722004728,2.72715909263992,0.901753302962408,0.0279919681184343
1079,4.84E-07,3.56E-08,1.56115855042106,2.85276901696485,0.90755253040042,0.0431329862793964
1080,4.96E-07,3.72E-08,1.55818108606518,2.90117902874258,0.911072781485476,0.0377814585497429
1081,4.41E-07,3.19E-08,1.77723766557037,2.75612825326724,0.908186710170656,0.0233710471737614
1082,3.74E-07,3.29E-08,1.72391947650687,2.97545030854895,0.908052954547273,0.0193170578063067
1083,6.02E-07,4.10E-08,1.58748967230303,2.5979748407863,0.918889429742667,0.0369293067243504
1084,5.12E-07,3.29E-08,1.61186993120925,2.72389997919972,0.911162500639869,0.032749738303801
1085,3.53E-07,2.77E-08,1.72580524574382,2.70524216190873,0.902694780682433,0.0186475380831027
1086,3.64E-07,2.75E-08,1.7340378349806,2.54153581911912,0.906551202651256,0.0166218180375736
1087,2.15E-07,2.37E-08,1.8224092140035,2.45694263391034,0.893388790481581,0.0124002319738386
1088,5.93E-07,3.35E-08,1.71113922591454,2.35393380130533,0.91013403052763,0.0325923308274223
1089,2.33E-07,1.72E-08,1.84370362769314,2.60891955253451,0.892312694208533,0.012332265931128
1090,2.05E-07,1.85E-08,1.83388709249536,2.6209846176235,0.892156717723518,0.0104081587917959
1091,2.14E-07,1.71E-08,1.83486971664214,2.38614604424647,0.893226582771169,0.0157492426584015
1092,2.31E-07,2.11E-08,1.82220914356848,2.71206956862855,0.897485516260484,0.0116682307651014
1093,8.85E-07,6.34E-08,1.50216560781405,2.87732535484688,0.939386596586458,0.0336966849970373
1094,8.00E-07,5.43E-08,1.53364657787343,2.96012099984277,0.939463823985707,0.0329998046338176
1095,6.01E-07,4.98E-08,1.63326632951821,2.86871498938856,0.933635738718963,0.0301328967861993
1096,9.05E-07,5.90E-08,1.25559953472687,3.02404610538403,0.944329909836083,0.0373634983931345
1097,3.18E-07,2.02E-08,1.80915671168842,2.74975697563734,0.898698340611909,0.0126608516824163
1098,2.90E-07,2.04E-08,1.83129507940203,2.61738338003223,0.893424330174865,0.0132684910506141
1099,3.43E-07,2.07E-08,1.85215310838733,2.74187964390865,0.893186996605555,0.0162022039668088
1100,2.96E-07,2.30E-08,1.81890907803059,2.54885397320883,0.891732067231542,0.0177994939856837
1101,2.90E-07,2.49E-08,1.83885940901492,2.85024955634805,0.898664317771229,0.0159282660508766
1102,2.97E-07,2.28E-08,1.84521090262039,2.76510069613741,0.896203096248259,0.0161958603519001
1103,3.71E-07,2.66E-08,1.76283227076147,2.75587580732581,0.898027790209054,0.0246181885200159
1104,3.86E-07,2.52E-08,1.71872831104789,2.69759505865484,0.898090325978339,0.0296041130488732
1105,5.02E-07,3.93E-08,1.65950067989248,2.86040188372681,0.912019370466779,0.0285681327806093
1106,4.20E-07,3.76E-08,1.68767832035174,2.90628536177755,0.911074704310185,0.0224900593619484
1107,4.33E-07,3.21E-08,1.72926367076314,2.32468284742516,0.91014217705931,0.0339893509626731
1108,5.11E-07,4.40E-08,1.6242396938865,2.39811427423544,0.914574372241253,0.0256668590696941
1109,4.60E-07,2.89E-08,1.79412008895886,2.7357342807845,0.914189902704202,0.0261964058638019
1110,3.76E-07,2.70E-08,1.80015482775932,2.63374920407539,0.909799380790277,0.0206908114419323
1111,3.66E-07,2.78E-08,1.81074632746185,2.67986721284351,0.911125887385221,0.0252898772987042
1112,3.28E-07,2.51E-08,1.79050388070988,2.61738295876024,0.909219837075456,0.0198065478475286
1113,2.61E-07,2.33E-08,1.83648021354487,2.73475163034417,0.892830138280392,0.0143223246468992
1114,2.01E-07,2.81E-08,1.84189414396082,2.82855993590197,0.893788010928162,0.0116665429191756
1115,4.95E-07,2.89E-08,1.65317458509869,2.66294590329577,0.900075166396999,0.0319234551995744
1116,3.47E-07,2.42E-08,1.62690628494696,2.62839745296222,0.895262854232935,0.0260123984335678
1117,6.09E-07,7.24E-08,1.57036451555188,3.0343183620656,0.923166684423617,0.0240084265435366
1118,4.75E-07,6.03E-08,1.67357638442078,3.06451045331168,0.917289239814084,0.0209470233831011
1119,4.48E-07,5.26E-08,1.6305347663932,3.00976745203791,0.922893323292379,0.0283720325307274
1120,1.16E-06,1.28E-07,1.47314713318206,3.34904626858857,0.947911314873524,0.0447978797865104
1121,2.22E-07,1.80E-08,1.8145318442317,2.89177632670722,0.898274825840376,0.0119524927263062
1122,2.15E-07,1.78E-08,1.86296440566183,2.81950232004666,0.89531638948454,0.0144916020080614
1123,2.32E-07,1.65E-08,1.85883667496674,2.76043506349323,0.893099938463985,0.014189762032413
1124,2.63E-07,1.93E-08,1.84761692999304,2.82257550122633,0.897071506930942,0.0162088426308959
1125,3.18E-07,3.24E-08,1.70097808774907,2.93323329765582,0.903218118483344,0.0173466680942324
1126,2.27E-07,2.97E-08,1.75374324941644,2.88291571146466,0.896784615540861,0.0143675981517499
1127,2.91E-07,3.12E-08,1.72664731123849,2.87909390771836,0.899739626757063,0.017487246568652
1128,2.89E-07,3.12E-08,1.78977686412037,2.85444897555258,0.901639524646567,0.0189801857831846
1129,3.06E-07,3.05E-08,1.82212643600212,2.9172268821494,0.899349637338476,0.0208889456603624
1130,3.34E-07,2.78E-08,1.76725021873929,2.81404655703049,0.900503733356375,0.0253247377723534
1131,4.50E-07,3.22E-08,1.83343118700272,2.88499934959484,0.90196253279403,0.0294441161982545
1132,4.17E-07,3.28E-08,1.63972738581345,2.94278046459342,0.907340984936237,0.0281865408373456
1133,5.38E-07,7.34E-08,1.69224295110174,2.74553292412931,0.923963004583275,0.017496277560644
1134,6.06E-07,7.35E-08,1.6604076231786,2.7168675224655,0.923631368778407,0.023162015269115
1135,6.28E-07,8.61E-08,1.70299951484911,2.48912962593065,0.926673831766148,0.0251189504327981
1136,1.64E-06,1.45E-07,1.56409833830962,2.24528638796842,0.946877440063785,0.0705468630522961
1137,7.49E-07,9.73E-08,1.59611783702235,2.88860031134011,0.933978040579007,0.0339438596418022
1138,8.09E-07,9.90E-08,1.58205118259624,2.98780336877372,0.93645360524666,0.0270133720813246
1139,9.17E-07,1.02E-07,1.62374043433933,2.55161130668626,0.938713206934004,0.0311717535203294
1140,6.19E-07,6.52E-08,1.69584368232577,2.70825370967915,0.926532037629199,0.0196926345004645
1141,3.66E-07,2.81E-08,1.75934099543649,2.8038028983098,0.904202497033909,0.0207975163460825
1142,3.69E-07,2.95E-08,1.71424539128068,2.75603393216446,0.90746414014951,0.0214497910071186
1143,3.52E-07,2.57E-08,1.73387634829183,2.70170293353696,0.902643533850145,0.0216752857013122
1144,3.63E-07,2.75E-08,1.75341953369537,2.77478451505495,0.905491374249523,0.0236474667002494
1145,3.22E-07,2.53E-08,1.78314392071924,2.77235418214917,0.898821774107279,0.0152266351124676
1146,2.47E-07,2.43E-08,1.78842298554876,2.83817498465164,0.89858018996628,0.0129637690915793
1147,2.63E-07,2.44E-08,1.82125618314298,2.77635544849771,0.894661976896484,0.0145302464429621
1148,3.00E-07,2.92E-08,1.81296100189187,2.85492444965855,0.896464997401629,0.01531106173432
1149,5.13E-07,4.77E-08,1.74340749252007,2.93932425397646,0.916622491291461,0.0227700973807454
1150,8.54E-07,6.95E-08,1.64895161109856,2.83604825483486,0.922489781348628,0.0386120293712691
1151,2.74E-07,3.04E-08,1.79191658985608,2.95053193993075,0.902282401607678,0.0160168901295277
1152,4.59E-07,5.20E-08,1.71263961259356,2.84356624036096,0.913440763804129,0.0236233006598423
1153,3.53E-07,2.95E-08,1.79969324196075,2.73433630261067,0.894905263723652,0.0184388832885782
1154,4.33E-07,3.43E-08,1.68503459006847,2.75118981027042,0.901526374251185,0.0213195011886319
1155,5.24E-07,3.67E-08,1.69133931544579,2.75671557252321,0.905725312095907,0.0313225698328395
1156,4.88E-07,3.74E-08,1.6962900266309,2.66177961708265,0.904537800216108,0.0354035669920159
1157,5.01E-07,5.23E-08,1.4769069175977,3.11667171034237,0.925904228169673,0.024113594886469
1158,3.88E-07,4.52E-08,1.53887703298281,2.96666788493993,0.911388463115453,0.016232720393734
1159,3.42E-07,4.29E-08,1.59727572454673,2.94449857299187,0.911242838404635,0.0157010662985307
1160,3.11E-07,4.66E-08,1.68387626152948,2.931839909216,0.907387985643687,0.015580496566528
1161,3.73E-07,3.37E-08,1.80282353222665,3.09419847296282,0.907781363843684,0.0176289099337142
1162,2.51E-07,3.26E-08,1.80269920437985,2.92517211185815,0.905348793052328,0.0123504893603571
1163,7.24E-07,4.90E-08,1.5949921583623,3.14117155403762,0.927414595364768,0.0271255567211258
1164,4.53E-07,4.38E-08,1.73138648145701,2.96510760674519,0.918418234555244,0.0170968007039034
1165,3.32E-07,2.56E-08,1.77425462268386,2.44472095480928,0.903116730479986,0.0151760503118297
1166,6.96E-07,9.24E-08,1.64619642807445,2.43537739388889,0.920557593341792,0.0239838551060062
1167,7.99E-07,7.76E-08,1.62965617981247,2.26543535418439,0.925756833304663,0.0244178149162504
1168,3.27E-07,4.03E-08,1.75434013338865,2.59006289948858,0.910542072215208,0.0202871851919115
1169,3.36E-07,2.69E-08,1.69687991409116,2.80496412923363,0.899712055639878,0.0216790094605348
1170,3.87E-07,3.10E-08,1.77535832264846,2.99275156315421,0.90258775106776,0.0272278113084605
1171,3.47E-07,3.07E-08,1.72065788537241,3.0023770399183,0.901527052642811,0.0199542442178211
1172,3.49E-07,2.88E-08,1.66187668015414,3.00551083394514,0.90238672167574,0.0224253755601072
1173,7.49E-07,9.73E-08,1.59611783702235,2.88860031134011,0.933978040579007,0.0339438596418022
1174,8.09E-07,9.90E-08,1.58205118259624,2.98780336877372,0.93645360524666,0.0270133720813246
1175,9.17E-07,1.02E-07,1.62374043433933,2.55161130668626,0.938713206934004,0.0311717535203294
1176,6.19E-07,6.52E-08,1.69584368232577,2.70825370967915,0.926532037629199,0.0196926345004645
1177,4.60E-07,3.10E-08,1.50064785613562,2.95688564886458,0.911401295472979,0.0249484401231198
1178,3.75E-07,2.53E-08,1.59511001756237,2.95860426580009,0.906701591776933,0.0206530174486586
1179,3.04E-07,2.31E-08,1.64266916126159,2.76156949352505,0.901527239218075,0.0213317327138803
1180,2.54E-07,2.13E-08,1.62298543024968,2.75550000476622,0.897566724809529,0.0174480811921984
1181,2.19E-07,2.31E-08,1.81104280606396,2.68641259651477,0.897013730957619,0.0140124003973466
1182,4.31E-07,2.52E-08,1.72656786059903,2.67022436643429,0.901599159324968,0.0282711837829041
1183,4.92E-07,3.01E-08,1.65847528765144,2.96881421044858,0.914046421701282,0.0264494868981445
1184,4.06E-07,2.43E-08,1.71074509754315,2.86680523547156,0.904589700218851,0.0276311318634044
1185,2.85E-07,3.31E-08,1.78265821071654,2.91884859519545,0.899632277435954,0.0151055117071037
1186,2.94E-07,3.10E-08,1.81568330966108,2.91377021541009,0.89659070901595,0.0187375677352846
1187,2.84E-07,3.50E-08,1.79995660511482,2.92620210019146,0.897320383285582,0.0165922824381846
1188,2.34E-07,3.10E-08,1.81784278219838,2.90867649425492,0.896112200511279,0.0144919163803798
1189,2.04E-07,1.33E-08,1.83335365653948,2.42671829576718,0.885392377938279,0.0112674005242858
1190,2.16E-07,1.46E-08,1.80055540138144,2.30855061367413,0.884667789833217,0.0127995782920914
1191,2.30E-07,1.71E-08,1.82516817978552,2.38201384556887,0.887571680432482,0.013491606787264
1192,1.99E-07,1.81E-08,1.81430915643624,2.4813819536961,0.8865424114342,0.0117834030095817
1193,3.61E-07,3.25E-08,1.90986830242258,2.88035502948943,0.896757329418227,0.0110327502276879
1194,5.95E-07,6.25E-08,1.70034432810229,2.91804168312218,0.922797799152438,0.00824765316729292
1195,6.29E-07,4.99E-08,1.74599546766718,2.63305513315199,0.928128883143251,0.0146219339202275
1196,5.28E-07,3.40E-08,1.67780805194804,2.84894016795293,0.9139695563809,0.017118787327284
1197,3.98E-07,3.08E-08,1.85288669914622,2.76613754726287,0.905091608120855,0.0121408234524533
1198,3.03E-07,2.41E-08,1.89291959033565,2.54364168745975,0.897749912391965,0.00985931761061609
1199,4.72E-07,3.96E-08,1.74853246709837,2.54862790100421,0.90482668550432,0.0121792616994808
1200,7.56E-07,5.93E-08,1.7728844754874,2.72917377534557,0.923919440734821,0.0174386889581274
1201,5.23E-07,7.13E-08,1.79208961883826,2.77942531297433,0.92247420437443,0.00655555349729198
1202,2.83E-07,2.34E-08,1.89269630587463,2.78856226747272,0.895392199416264,0.00698940557281702
1203,3.63E-07,3.20E-08,1.75616027526203,2.76455980124054,0.904511479633794,0.0119833946599075
1204,6.67E-07,6.58E-08,1.75954462199845,2.51979347898068,0.926571733262872,0.011780434756875
1205,2.64E-07,1.92E-08,1.91847519786189,2.66960154856303,0.895151923945235,0.00848475751314315
1206,3.40E-07,2.67E-08,1.81653563572237,2.74396564111042,0.906854628609966,0.0114237869262207
1207,3.63E-07,3.20E-08,1.75616027526203,2.76455980124054,0.904511479633794,0.0119833946599075
1208,3.71E-07,3.43E-08,1.82316815090138,2.62989766667863,0.91460002495158,0.00942338135731569
1209,2.45E-07,1.75E-08,1.88443273108322,2.75867102507975,0.897826496575288,0.00913684754109023
1210,8.47E-07,1.11E-07,1.66036672340076,2.58076024552197,0.926835499294175,0.0129086226527108
1211,2.72E-07,2.36E-08,1.76975306696125,2.67459404356464,0.895157463247784,0.0106151752372441
1212,2.29E-07,2.00E-08,1.88724805472891,2.77134099861311,0.896740262369367,0.00597808226147945
1213,4.27E-07,3.80E-08,1.82506803337601,2.87866454634946,0.912965680455036,0.0139435225065508
1214,3.03E-07,2.41E-08,1.89291959033565,2.54364168745975,0.897749912391965,0.00985931761061609
1215,4.91E-07,6.71E-08,1.65111674759126,2.76394689786041,0.914293805574862,0.00744736539016699
1216,3.44E-07,3.47E-08,1.79337661971527,2.88139899174324,0.904159710893164,0.0126930257381233
1217,1.11E-06,8.92E-08,1.62262516235666,3.11294597057758,0.940515689306636,0.0126908823532169
1218,2.97E-07,2.86E-08,1.87913119978324,2.75647016276657,0.896615574987522,0.00873936737770009
1219,5.74E-07,4.42E-08,1.77394102519369,2.80066079244919,0.921196298143943,0.0155885313633161
1220,3.43E-07,3.52E-08,1.80763712029021,2.83597653595285,0.906337390327889,0.0113141559655229
1221,3.03E-07,2.53E-08,1.88741995628287,2.49737874198037,0.902268418946615,0.0094828654388287
1222,2.89E-07,2.61E-08,1.79670673441466,2.79921542239639,0.901382917014879,0.00911255381994569
1223,4.70E-07,4.16E-08,1.80943596191439,2.82150336864302,0.910940801544709,0.0115361930610989
1224,3.59E-07,2.63E-08,1.90211893295568,2.90068320740449,0.896315424844121,0.0120588742912384
1225,4.76E-07,2.61E-08,1.60501489599618,2.62563642318074,0.89996597687674,0.0175823979339185
1226,2.97E-07,2.86E-08,1.87913119978324,2.75647016276657,0.896615574987522,0.00873936737770009
1227,4.76E-07,3.42E-08,1.81431311567109,2.80949340609836,0.908919225279969,0.0145182014234083
1228,7.39E-07,9.28E-08,1.73323456060428,2.59342383845214,0.931541077468926,0.00707071731737519
1229,6.35E-07,7.45E-08,1.65069380078261,3.09022464116408,0.930180189529777,0.0100346356053682
1230,8.05E-07,9.63E-08,1.73515540522227,2.80576129444901,0.930389407008487,0.00831040734146071
1231,8.05E-07,9.63E-08,1.73515540522227,2.80576129444901,0.930389407008487,0.00831040734146071
1232,2.04E-07,2.49E-08,1.8863758439542,2.74517411838382,0.894845088905679,0.00424261097593515
1233,8.05E-07,9.63E-08,1.73515540522227,2.80576129444901,0.930389407008487,0.00831040734146071
1234,2.83E-07,1.64E-08,1.86367443240538,2.74195313375398,0.901787542573594,0.00875000144878413
1235,2.84E-07,2.18E-08,1.84650399359889,2.71660425686076,0.897117038307696,0.0106679411850834
1236,2.82E-07,2.29E-08,1.86349696711691,2.72670272550758,0.906232164952622,0.00609597088200498
1237,2.98E-07,2.76E-08,1.86820298884875,2.87579802304959,0.901322775920628,0.00894472525904411
1238,2.45E-07,1.75E-08,1.88443273108322,2.75867102507975,0.897826496575288,0.00913684754109023
1239,2.53E-07,2.27E-08,1.85723339583332,2.81386301577871,0.896899452808631,0.00593693663734418
1240,4.24E-07,3.75E-08,1.77561103581035,2.77044173084734,0.907560276801207,0.0134654032444665
1241,3.27E-07,2.59E-08,1.88051500453738,2.74628768956366,0.897332074425611,0.00942545589997956
1242,3.64E-07,2.83E-08,1.88881136477743,2.88009893564027,0.898469535348805,0.0111204970849902
1243,4.91E-07,6.18E-08,1.80084995674257,2.72997002406136,0.91645527861536,0.00719583388973821
1244,3.67E-07,3.15E-08,1.80491257707069,2.72566700867529,0.902574670425116,0.0116866649094564
1245,3.91E-07,3.56E-08,1.820927510845,2.94321370577587,0.905288473437935,0.0140879437687561
1246,3.46E-07,3.05E-08,1.88636173583027,2.69290282315395,0.902007370189205,0.0118244672642994
1247,3.66E-07,2.78E-08,1.82501652902683,2.57552555023095,0.908175390643379,0.0123998201623098
1248,3.20E-07,2.29E-08,1.8244816173325,2.69712779107117,0.904575117440135,0.00701843622464227
1249,2.64E-07,1.92E-08,1.91847519786189,2.66960154856303,0.895151923945235,0.00848475751314315
1250,4.24E-07,3.57E-08,1.78946837660731,2.83602357396677,0.907593853901434,0.0141380069168344
1251,5.87E-07,6.92E-08,1.66273530810505,2.71784043293821,0.920481627597863,0.00737717725178444
1252,6.61E-07,5.13E-08,1.55560477405514,2.78978662766208,0.919555073783403,0.0158285200386643
1253,3.29E-07,2.46E-08,1.84622370514538,2.65738987266802,0.899323009473052,0.01076932493752
1254,4.26E-07,3.86E-08,1.79199609158835,2.58238870581165,0.910318618820446,0.00953519263540525
1255,3.31E-07,2.88E-08,1.88736998812997,2.85008200491541,0.900515986593602,0.00970047843064348
1256,2.45E-07,1.74E-08,1.9179128675714,2.63341704854721,0.895508528743478,0.0106796058250714
1257,3.67E-07,3.15E-08,1.80491257707069,2.72566700867529,0.902574670425116,0.0116866649094564
1258,4.44E-07,4.30E-08,1.72583274384399,2.87355500415353,0.915116975317565,0.0099004785869532
1259,2.56E-07,2.05E-08,1.91654536688337,2.72649125405235,0.898059559879946,0.00987167775585862
1260,2.70E-07,1.10E-08,1.70994140528077,2.60439628922483,0.900434729120269,0.00905337186744082
1261,4.15E-07,2.92E-08,1.7939686318827,2.90340100256259,0.910388917345494,0.0123257960077312
1262,9.84E-07,1.18E-07,1.63224826195868,2.85428627856269,0.930919290269513,0.0112553545882761
1263,4.26E-07,3.86E-08,1.79199609158835,2.58238870581165,0.910318618820446,0.00953519263540525
1264,5.87E-07,6.07E-08,1.68597543032804,2.89381501835476,0.924505268739896,0.0103239392773706
1265,8.33E-07,8.48E-08,1.57175369733555,2.95434448040718,0.948749282429703,0.0114970087078348
1266,3.56E-07,3.21E-08,1.79704013513943,2.7223681132152,0.904818272997041,0.0135817050609108
1267,2.72E-07,2.10E-08,1.83066064876114,2.77768820767407,0.896290378891212,0.0105651077205002
1268,2.97E-07,2.86E-08,1.87913119978324,2.75647016276657,0.896615574987522,0.00873936737770009
1269,1.99E-07,1.62E-08,1.90017895837887,2.82125881211739,0.896027517398014,0.00414565067383843
1270,3.58E-07,4.26E-08,1.8341107561855,2.35137330287329,0.910698259844922,0.00543334462989309
1271,5.71E-07,4.39E-08,1.75792899330505,2.9354658641906,0.925255471795287,0.0166358395675708
1272,3.56E-07,2.95E-08,1.79632248286278,2.74863486924022,0.896496066988098,0.00959595650686707
1273,6.40E-07,7.52E-08,1.71896341667994,2.91897294044963,0.929488214148455,0.00954433978734692
1274,7.63E-07,4.59E-08,1.64854048428931,2.60439483019062,0.927563070417934,0.0156917745410581
1275,3.05E-07,2.45E-08,1.91146529271616,2.86953496959158,0.897897504904618,0.00844616249598029
1276,3.28E-07,3.79E-08,1.84623967168377,2.86617339860572,0.910472310822917,0.00740144318848113
1277,2.65E-07,1.89E-08,1.83427461449449,2.54920232768041,0.897739066941011,0.00919864058894826
1278,6.37E-07,6.04E-08,1.61127981616518,2.95012624819571,0.925783025979991,0.0152303275838863
1279,4.27E-07,3.80E-08,1.82506803337601,2.87866454634946,0.912965680455036,0.0139435225065508
1280,3.63E-07,3.20E-08,1.75616027526203,2.76455980124054,0.904511479633794,0.0119833946599075
1281,8.63E-07,7.81E-08,1.47691054260735,3.14949368524528,0.943562520841323,0.0143761372059878
1282,2.90E-07,2.36E-08,1.88864312896154,2.69538541064138,0.89844180632466,0.0120888048184005
1283,2.56E-07,2.05E-08,1.91654536688337,2.72649125405235,0.898059559879946,0.00987167775585862
1284,2.99E-07,2.22E-08,1.86505546229153,2.76940573573831,0.896710449664963,0.00873872521862651
1285,5.69E-07,5.58E-08,1.7356769185593,3.08070431543161,0.923494242001085,0.0122101211069805
1286,3.68E-07,2.72E-08,1.81329326522107,2.88823287305451,0.909711736531383,0.00962769697166999
1287,4.12E-07,2.61E-08,1.7587919969178,2.60685002993348,0.910548124590264,0.0137803220362194
1288,3.68E-07,2.72E-08,1.81329326522107,2.88823287305451,0.909711736531383,0.00962769697166999
1289,6.08E-07,8.04E-08,1.77245070239325,2.71694496863375,0.91904700755407,0.00639682019276699
1290,3.56E-07,2.80E-08,1.68430853939465,2.77698127235242,0.908524146255965,0.0111702085397447
1291,3.13E-07,3.31E-08,1.89877272494741,2.78364771630234,0.900856515379901,0.00894382977445241
1292,7.63E-07,4.59E-08,1.64854048428931,2.60439483019062,0.927563070417934,0.0156917745410581
1293,3.31E-07,2.88E-08,1.88736998812997,2.85008200491541,0.900515986593602,0.00970047843064348
1294,5.65E-07,5.40E-08,1.77144637366194,2.86660920505614,0.935963158456305,0.0102573684018
1295,3.56E-07,2.78E-08,1.83379230309003,2.52110537128023,0.903942095626778,0.00947083905285728
1296,3.56E-07,2.80E-08,1.68430853939465,2.77698127235242,0.908524146255965,0.0111702085397447
1297,4.24E-07,3.57E-08,1.78946837660731,2.83602357396677,0.907593853901434,0.0141380069168344
1298,3.40E-07,2.49E-08,1.76399706085823,2.74107835419343,0.90914194011669,0.0134232764000929
1299,2.29E-07,2.00E-08,1.88724805472891,2.77134099861311,0.896740262369367,0.00597808226147945
1300,3.59E-07,2.62E-08,1.77709167762238,2.7492021247954,0.904194487822062,0.0127703380301545
1301,2.62E-07,2.93E-08,1.91693273890477,2.86099128320057,0.896922878621553,0.00839613887591595
1302,3.63E-07,3.20E-08,1.75616027526203,2.76455980124054,0.904511479633794,0.0119833946599075
1303,2.58E-07,1.32E-08,1.90550014828653,2.34197512613689,0.893644858363672,0.00354456262876013
1304,8.33E-07,8.48E-08,1.57175369733555,2.95434448040718,0.948749282429703,0.0114970087078348
1305,4.26E-07,3.42E-08,1.73874724169564,2.63404829087775,0.905909339611582,0.0115467998428225
1306,8.63E-07,7.81E-08,1.47691054260735,3.14949368524528,0.943562520841323,0.0143761372059878
1307,5.28E-07,3.40E-08,1.67780805194804,2.84894016795293,0.9139695563809,0.017118787327284
1308,3.30E-07,3.21E-08,1.85674591508347,2.61186956247593,0.901952091803822,0.00744915966649629
1309,4.35E-07,3.75E-08,1.81222260313327,2.93439350310336,0.9189962133397,0.010860311666532
1310,3.63E-07,3.20E-08,1.75616027526203,2.76455980124054,0.904511479633794,0.0119833946599075
1311,6.37E-07,6.04E-08,1.61127981616518,2.95012624819571,0.925783025979991,0.0152303275838863
1312,4.27E-07,3.80E-08,1.82506803337601,2.87866454634946,0.912965680455036,0.0139435225065508
1313,5.10E-07,6.88E-08,1.80160072249255,2.70692829850579,0.92626200024581,0.00717984923881843
1314,2.04E-07,2.49E-08,1.8863758439542,2.74517411838382,0.894845088905679,0.00424261097593515
1315,3.15E-07,2.25E-08,1.91416770476476,2.7190233963089,0.897037471120506,0.0113075853359045
1316,3.47E-07,2.48E-08,1.90535747693863,2.77541610706608,0.898736239935186,0.0118510291261041
1317,5.60E-07,5.71E-08,1.6963640001657,2.89516440334589,0.929375438207611,0.0116976472462046
1318,3.44E-07,3.47E-08,1.79337661971527,2.88139899174324,0.904159710893164,0.0126930257381233
1319,3.64E-07,2.83E-08,1.88881136477743,2.88009893564027,0.898469535348805,0.0111204970849902
1320,5.15E-07,5.39E-08,1.65604271024351,2.861174165169,0.908842725154504,0.00676094833565633
1321,3.22E-07,2.03E-08,1.73467211755182,2.81394461358488,0.902720820588028,0.00785649784174158
1322,3.23E-07,3.08E-08,1.86684994106417,2.56191272435305,0.905158897607038,0.00850199305546251
1323,2.53E-07,2.27E-08,1.85723339583332,2.81386301577871,0.896899452808631,0.00593693663734418
1324,3.56E-07,2.92E-08,1.90958752417918,2.82722934453716,0.900263043191931,0.0141052255918139
1325,3.20E-07,3.32E-08,1.84090183412152,2.6935719445716,0.905877228587041,0.00772355539786618
1326,7.54E-07,5.21E-08,1.69169955356468,2.82043559233038,0.920408540135658,0.021415474313551
1327,5.20E-07,4.09E-08,1.80758536369907,2.60617526447844,0.915892254365785,0.0141001875568182
1328,3.61E-07,3.25E-08,1.90986830242258,2.88035502948943,0.896757329418227,0.0110327502276879
1329,5.61E-07,5.88E-08,1.79486781449776,2.83006576530214,0.921059184223242,0.012471632271719
1330,5.69E-07,5.58E-08,1.7356769185593,3.08070431543161,0.923494242001085,0.0122101211069805
1331,5.51E-07,5.35E-08,1.68902392655666,2.71127335354159,0.919755156953431,0.0161235572896749
1332,2.71E-07,3.23E-08,1.87472725499989,2.9015709224814,0.898081096632331,0.00879250850753599
1333,8.73E-07,9.30E-08,1.65605542345048,2.81451011076845,0.932671338689073,0.0116786412764033
1334,4.12E-07,3.65E-08,1.83467925861936,2.78223438827881,0.914566050497821,0.0112607076359785
1335,3.11E-07,2.10E-08,1.82802100407567,2.70875086955522,0.897000803387042,0.00784840960543487
1336,6.35E-07,7.45E-08,1.65069380078261,3.09022464116408,0.930180189529777,0.0100346356053682
1337,9.84E-07,1.18E-07,1.63224826195868,2.85428627856269,0.930919290269513,0.0112553545882761
1338,5.32E-07,4.39E-08,1.69951421480963,2.25204457116611,0.918977353920976,0.0121354963962667
1339,4.06E-07,3.58E-08,1.81413216393243,2.90474397092714,0.91290822125488,0.0131250305464362
1340,5.95E-07,6.25E-08,1.70034432810229,2.91804168312218,0.922797799152438,0.00824765316729292
1341,3.58E-07,3.65E-08,1.7710296365206,2.79493635720916,0.91102033863544,0.00710458033212003
1342,5.87E-07,6.07E-08,1.68597543032804,2.89381501835476,0.924505268739896,0.0103239392773706
1343,6.44E-07,5.23E-08,1.72269583075227,2.82298541275253,0.916288963386827,0.0186526382484554
1344,6.36E-07,7.74E-08,1.71303358093899,3.05466107352221,0.92047163187979,0.00709419014777668
1345,3.40E-07,2.74E-08,1.77305576742612,2.66454921565166,0.906393161479911,0.00961753497047369
1346,2.59E-07,2.01E-08,1.89329963380246,2.69156312649269,0.897236775781156,0.00868357597843594
1347,3.29E-07,3.36E-08,1.79558256539121,2.86642836205659,0.898410243235994,0.0112504975068181
1348,3.15E-07,2.67E-08,1.68118286389039,2.92787739671467,0.909591714963918,0.0060159115347751
1349,3.61E-07,4.02E-08,1.89117672996616,2.86623879080579,0.905459004474117,0.0112139482580239
1350,5.74E-07,4.42E-08,1.77394102519369,2.80066079244919,0.921196298143943,0.0155885313633161
1351,4.86E-07,3.43E-08,1.82483356381374,2.80485420252636,0.913006151479268,0.0151542155529804
1352,7.34E-07,8.55E-08,1.6863275677976,2.8144285430356,0.929948807027758,0.00948946594901556
1353,3.22E-07,2.03E-08,1.73467211755182,2.81394461358488,0.902720820588028,0.00785649784174158
1354,3.11E-07,2.10E-08,1.82802100407567,2.70875086955522,0.897000803387042,0.00784840960543487
1355,4.44E-07,3.14E-08,1.77771300132445,2.89654157249709,0.910473652164388,0.014590448379958
1356,3.30E-07,3.21E-08,1.85674591508347,2.61186956247593,0.901952091803822,0.00744915966649629
1357,4.70E-07,4.24E-08,1.81142276565116,2.88573330236718,0.916805150686637,0.0160058421363005
1358,4.72E-07,3.24E-08,1.90306399596526,2.75736958106222,0.906178970608773,0.0187725534747046
1359,3.00E-07,2.54E-08,1.72913589693838,2.85310897225449,0.904572563704259,0.00784888001393658
1360,8.33E-07,8.48E-08,1.57175369733555,2.95434448040718,0.948749282429703,0.0114970087078348
1361,3.44E-07,3.47E-08,1.79337661971527,2.88139899174324,0.904159710893164,0.0126930257381233
1362,5.87E-07,6.07E-08,1.68597543032804,2.89381501835476,0.924505268739896,0.0103239392773706
1363,6.23E-07,5.75E-08,1.73364859214445,2.66201562949515,0.927015704718455,0.0116673201410786
1364,7.94E-07,9.34E-08,1.72478408185216,2.9519775599776,0.928350170680119,0.00852700519522087
1365,5.08E-07,3.99E-08,1.77210862249593,2.7265804627909,0.9136523053322,0.0155884603593935
1366,3.29E-07,2.46E-08,1.84622370514538,2.65738987266802,0.899323009473052,0.01076932493752
1367,4.91E-07,6.71E-08,1.65111674759126,2.76394689786041,0.914293805574862,0.00744736539016699
1368,7.39E-07,9.28E-08,1.73323456060428,2.59342383845214,0.931541077468926,0.00707071731737519
1369,6.35E-07,8.67E-08,1.77007521655871,2.95769208867792,0.915690045168564,0.00704860417373399
1370,3.30E-07,3.21E-08,1.85674591508347,2.61186956247593,0.901952091803822,0.00744915966649629
1371,4.71E-07,3.41E-08,1.82018364995857,2.7196712800835,0.902902445363207,0.0134231046202016
1372,1.27E-07,1.20E-08,1.89604574347933,2.36358810925773,0.891833077722435,0.00281426062621248
1373,4.81E-07,4.24E-08,1.78125512295632,2.82927037071981,0.91192625844595,0.00978143920747809
1374,4.72E-07,3.24E-08,1.90306399596526,2.75736958106222,0.906178970608773,0.0187725534747046
1375,3.67E-07,3.15E-08,1.80491257707069,2.72566700867529,0.902574670425116,0.0116866649094564
1376,7.43E-07,7.37E-08,1.76598289820834,2.89001551001442,0.929584225004609,0.0110512782371681
1377,6.35E-07,7.45E-08,1.65069380078261,3.09022464116408,0.930180189529777,0.0100346356053682
1378,7.34E-07,8.55E-08,1.6863275677976,2.8144285430356,0.929948807027758,0.00948946594901556
1379,3.41E-07,3.53E-08,1.86718619891527,2.9722774988232,0.907925599631945,0.00804868692000516
1380,5.43E-07,4.80E-08,1.75131088466319,2.73541248336761,0.916036588548275,0.0142812818546628
1381,2.56E-07,2.05E-08,1.91654536688337,2.72649125405235,0.898059559879946,0.00987167775585862
1382,3.43E-07,3.52E-08,1.80763712029021,2.83597653595285,0.906337390327889,0.0113141559655229
1383,3.18E-07,2.63E-08,1.85120837752694,2.70161336636077,0.900373452961439,0.0111195101014108
1384,5.44E-07,5.91E-08,1.6796621356946,2.98197388140602,0.925315940972527,0.00982027044203759
1385,2.38E-07,1.73E-08,1.90050908355891,2.74201495290657,0.895729569654287,0.00630378654921415
1386,5.89E-07,6.37E-08,1.6945351456464,3.03990731086704,0.930006181178109,0.0100539932945761
1387,5.23E-07,7.13E-08,1.79208961883826,2.77942531297433,0.92247420437443,0.00655555349729198
1388,7.39E-07,9.28E-08,1.73323456060428,2.59342383845214,0.931541077468926,0.00707071731737519
1389,6.90E-07,7.35E-08,1.72857840875686,2.71880361828278,0.927501937636689,0.00963015002131695
1390,2.03E-07,2.07E-08,1.86930585504462,2.69848783722223,0.891753905433998,0.0043482573131387
1391,2.55E-07,2.79E-08,1.85652393840686,2.80761096944718,0.901530300495104,0.00740016039432634
1392,3.79E-07,3.07E-08,1.87575102715644,2.88991398472747,0.904015542386914,0.0123753333855098
1393,5.69E-07,5.58E-08,1.7356769185593,3.08070431543161,0.923494242001085,0.0122101211069805
1394,4.43E-07,3.21E-08,1.79747476290407,2.88319050395664,0.906280835231761,0.0106257467003422
1395,4.27E-07,3.19E-08,1.81556844553002,2.73276855811071,0.910067822891744,0.0119450211687656
1396,4.95E-07,3.05E-08,1.7230129860114,2.90157052892661,0.912589175326854,0.0176698342108382
1397,2.45E-07,1.74E-08,1.9179128675714,2.63341704854721,0.895508528743478,0.0106796058250714
1398,5.87E-07,6.92E-08,1.66273530810505,2.71784043293821,0.920481627597863,0.00737717725178444
1399,4.44E-07,3.14E-08,1.77771300132445,2.89654157249709,0.910473652164388,0.014590448379958
1400,5.63E-07,4.87E-08,1.74452100206466,2.66601758728186,0.921411984088894,0.0135007663710769
1401,2.70E-07,1.10E-08,1.70994140528077,2.60439628922483,0.900434729120269,0.00905337186744082
1402,4.76E-07,2.61E-08,1.60501489599618,2.62563642318074,0.89996597687674,0.0175823979339185
1403,5.98E-07,7.36E-08,1.65445460152816,2.8076878605289,0.920504777259146,0.00726910994764862
1404,3.59E-07,2.63E-08,1.90211893295568,2.90068320740449,0.896315424844121,0.0120588742912384
1405,3.56E-07,2.95E-08,1.79632248286278,2.74863486924022,0.896496066988098,0.00959595650686707
1406,2.98E-07,1.67E-08,1.81084534804835,2.74888452938371,0.900838947635055,0.0110490392481152
1407,3.57E-07,2.85E-08,1.85808315854113,2.90631903717438,0.910427763060055,0.0135995651540957
1408,4.76E-07,3.42E-08,1.81431311567109,2.80949340609836,0.908919225279969,0.0145182014234083
1409,4.60E-07,3.19E-08,1.88953468090224,2.74450032283546,0.911124279728008,0.0142666922335626
1410,3.41E-07,3.53E-08,1.86718619891527,2.9722774988232,0.907925599631945,0.00804868692000516
1411,4.64E-07,4.03E-08,1.84014927948073,2.93344809687859,0.915490534387999,0.0127098214606837
1412,7.49E-07,9.51E-08,1.67607394920088,2.67672136822551,0.929000131295067,0.0107535196784732
1413,4.69E-07,3.84E-08,1.81820426707684,2.58585535890407,0.911980794042424,0.0121749444563304
1414,3.30E-07,3.21E-08,1.85674591508347,2.61186956247593,0.901952091803822,0.00744915966649629
1415,2.84E-07,2.49E-08,1.91915177579363,2.72669298387467,0.895639928772855,0.0108421047407435
1416,2.84E-07,2.49E-08,1.91915177579363,2.72669298387467,0.895639928772855,0.0108421047407435
1417,3.44E-07,3.47E-08,1.79337661971527,2.88139899174324,0.904159710893164,0.0126930257381233
1418,5.46E-07,5.20E-08,1.78113511044563,3.14478273833664,0.919776275607287,0.0141807067964734
1419,6.37E-07,6.04E-08,1.61127981616518,2.95012624819571,0.925783025979991,0.0152303275838863
1420,6.63E-07,8.24E-08,1.70621597439475,2.77053711160023,0.927457534360101,0.00959006798445705
1421,3.47E-07,2.48E-08,1.90535747693863,2.77541610706608,0.898736239935186,0.0118510291261041
1422,3.56E-07,3.21E-08,1.79704013513943,2.7223681132152,0.904818272997041,0.0135817050609108
1423,3.59E-07,2.62E-08,1.77709167762238,2.7492021247954,0.904194487822062,0.0127703380301545
1424,2.14E-07,2.41E-08,1.84777936975062,2.85217750386822,0.893236988005008,0.00444890366713835
1425,4.51E-07,3.23E-08,1.88362927407444,2.93258357550465,0.905741314466784,0.0130549153774934
1426,5.60E-07,5.71E-08,1.6963640001657,2.89516440334589,0.929375438207611,0.0116976472462046
1427,6.29E-07,4.99E-08,1.74599546766718,2.63305513315199,0.928128883143251,0.0146219339202275
1428,3.78E-07,2.70E-08,1.87205907613452,2.65411093386119,0.912227215429666,0.0143727594770861
1429,3.58E-07,3.82E-08,1.84028486512505,2.95001966395102,0.907363227721598,0.0113111501659906
1430,2.30E-07,1.71E-08,1.91081242659051,2.74675651018149,0.895734773861028,0.00740132600420551
1431,1.27E-07,1.20E-08,1.89604574347933,2.36358810925773,0.891833077722435,0.00281426062621248
1432,2.99E-07,2.22E-08,1.86505546229153,2.76940573573831,0.896710449664963,0.00873872521862651
1433,6.90E-07,7.35E-08,1.72857840875686,2.71880361828278,0.927501937636689,0.00963015002131695
1434,3.64E-07,2.92E-08,1.77669346512271,2.93596882485925,0.902925152455086,0.012751099855178
1435,3.85E-07,3.10E-08,1.85029545950824,2.93859779085721,0.90415424761965,0.0123106226833759
1436,7.26E-07,7.32E-08,1.50612250723343,3.04519809945711,0.930649597900705,0.0127251269675663
1437,2.83E-07,2.34E-08,1.89269630587463,2.78856226747272,0.895392199416264,0.00698940557281702
1438,3.32E-07,3.08E-08,1.63456800751302,2.85468938772816,0.900739833750262,0.00986925812834727
1439,6.80E-07,8.24E-08,1.65214285195487,2.95926779022407,0.929527718967088,0.0102634798905856
1440,2.92E-07,2.33E-08,1.8242262539017,2.62751780497888,0.893706663199236,0.00854441296437758
1441,4.26E-07,3.42E-08,1.73874724169564,2.63404829087775,0.905909339611582,0.0115467998428225
1442,6.67E-07,6.58E-08,1.75954462199845,2.51979347898068,0.926571733262872,0.011780434756875
1443,4.14E-07,4.32E-08,1.81465895353967,2.82830887648705,0.91661308066136,0.00959046410183018
1444,5.63E-07,4.87E-08,1.74452100206466,2.66601758728186,0.921411984088894,0.0135007663710769
1445,3.74E-07,3.31E-08,1.8909249067286,2.93729336618249,0.90584398817765,0.0112755128634229
1446,4.24E-07,3.57E-08,1.78946837660731,2.83602357396677,0.907593853901434,0.0141380069168344
1447,3.29E-07,2.46E-08,1.84622370514538,2.65738987266802,0.899323009473052,0.01076932493752
1448,3.45E-07,3.17E-08,1.81945861619312,2.66730425054924,0.89926020990532,0.0112126264196433
1449,3.05E-07,3.14E-08,1.73319065500262,2.83346177984924,0.901978173439091,0.00724425608468138
1450,3.40E-07,2.49E-08,1.76399706085823,2.74107835419343,0.90914194011669,0.0134232764000929
1451,2.84E-07,2.18E-08,1.84650399359889,2.71660425686076,0.897117038307696,0.0106679411850834
1452,4.60E-07,5.39E-08,1.78639651737067,2.97507636080072,0.916161793973385,0.00774312615372097
1453,4.36E-07,3.58E-08,1.86610834316545,2.83157788175424,0.903617445415446,0.0139181983623743
1454,6.44E-07,5.23E-08,1.72269583075227,2.82298541275253,0.916288963386827,0.0186526382484554
1455,3.56E-07,2.92E-08,1.90958752417918,2.82722934453716,0.900263043191931,0.0141052255918139
1456,3.20E-07,2.72E-08,1.82579527087245,2.85003830050146,0.904829801045454,0.00837838407534719
1457,4.08E-07,3.25E-08,1.81191974411168,2.85626678872743,0.907875297768515,0.0136801727923879
1458,3.20E-07,2.72E-08,1.82579527087245,2.85003830050146,0.904829801045454,0.00837838407534719
1459,8.06E-07,5.57E-08,1.557745153825,2.91086011665125,0.940808062578789,0.0200817042271956
1460,2.45E-07,1.74E-08,1.9179128675714,2.63341704854721,0.895508528743478,0.0106796058250714
1461,3.79E-07,3.07E-08,1.87575102715644,2.88991398472747,0.904015542386914,0.0123753333855098
1462,2.65E-07,1.89E-08,1.83427461449449,2.54920232768041,0.897739066941011,0.00919864058894826
1463,4.09E-07,3.14E-08,1.74472566660272,2.76671364586798,0.905592847337376,0.0165191049130532
1464,4.86E-07,3.43E-08,1.82483356381374,2.80485420252636,0.913006151479268,0.0151542155529804
1465,3.56E-07,2.78E-08,1.83379230309003,2.52110537128023,0.903942095626778,0.00947083905285728
1466,2.25E-07,1.82E-08,1.89513790658865,2.59819932545346,0.893887843645265,0.00375573310996746
1467,8.06E-07,5.57E-08,1.557745153825,2.91086011665125,0.940808062578789,0.0200817042271956
1468,3.13E-07,2.10E-08,1.89513502164862,2.65670878907846,0.894934064779664,0.00685134923595976
1469,3.47E-07,2.48E-08,1.90535747693863,2.77541610706608,0.898736239935186,0.0118510291261041
1470,4.66E-07,3.73E-08,1.75686655571068,2.65213473743458,0.913226380447822,0.0150595182748686
1471,3.78E-07,2.70E-08,1.87205907613452,2.65411093386119,0.912227215429666,0.0143727594770861
1472,3.27E-07,2.59E-08,1.88051500453738,2.74628768956366,0.897332074425611,0.00942545589997956
1473,6.16E-07,7.58E-08,1.69761393017721,3.09947541636929,0.929749359361418,0.00929516162917365
1474,2.32E-07,1.78E-08,1.90832284786199,2.81048747092246,0.896743032582482,0.00748953741417679
1475,2.79E-07,3.10E-08,1.80958419083981,2.87879979966645,0.901273414283771,0.00807566048918385
1476,3.79E-07,3.07E-08,1.87575102715644,2.88991398472747,0.904015542386914,0.0123753333855098
1477,7.39E-07,9.28E-08,1.73323456060428,2.59342383845214,0.931541077468926,0.00707071731737519
1478,7.63E-07,8.97E-08,1.70096107411311,2.79546067717452,0.93467819653335,0.00963081680129885
1479,3.64E-07,2.76E-08,1.82543412874295,2.75724978213134,0.906068210936374,0.0131860968534061
1480,2.81E-07,2.57E-08,1.87162242940153,2.80044065856652,0.897952057152284,0.00589657039156533
1481,4.77E-07,4.75E-08,1.81810477644325,2.90607157876074,0.915418610364908,0.0107326180635513
1482,4.71E-07,3.41E-08,1.82018364995857,2.7196712800835,0.902902445363207,0.0134231046202016
1483,3.77E-07,4.61E-08,1.66358213443608,2.9849816757526,0.915377886714965,0.00687891793546058
1484,4.11E-07,3.90E-08,1.82127439193993,2.94357864602571,0.917596962658262,0.00711343187677094
1485,4.91E-07,5.55E-08,1.78831319357061,2.45882653938922,0.916028400938004,0.00670122380278315
1486,3.64E-07,2.92E-08,1.77669346512271,2.93596882485925,0.902925152455086,0.012751099855178
1487,7.63E-07,8.97E-08,1.70096107411311,2.79546067717452,0.93467819653335,0.00963081680129885
1488,3.41E-07,2.49E-08,1.67016403922236,2.86965021579059,0.905759753276832,0.0115001503782401
1489,3.84E-07,2.55E-08,1.80828554991707,2.770565592007,0.907109059553363,0.0118194415387787
1490,2.71E-07,3.23E-08,1.87472725499989,2.9015709224814,0.898081096632331,0.00879250850753599
1491,2.11E-07,1.56E-08,1.88535061909645,2.40070489051947,0.8866248792221,0.0039771670826857
